NIRSpec ID,JADES ID,Redshift,log M_star,log M_star_upper,log M_star_lower,SFR_a,SFR_a_upper,SFR_a_lower,SFR_Ha,SFR_Ha_upper,SFR_Ha_lower,12_plus_logOH,12_plus_logOH_upper,12_plus_logOH_lower,C,Metallicity_diagnostics,NC,AGN,ra_1,dec_1,jname,ndup,uid,ra_2,dec_2,file,root,srcid,nGr,Grating,grade,zfit,z,comment,References,nRef,sn50,wmin,wmax,Lya,Ha,OIII,L_Ha,L_OIII,HST,NIRCam,slit,FITS,Fnu,Flam,Separation
2923,+53.15407-27.82094,3.015,7.39,0.05,0.05,0.28,0.02,0.02,0.23,0.02,0.02,7.44,0.16,0.13,P,"R3 , R2 , R , O32",1.0,\\,53.15407,-27.82094,j033236.98m274915.39,5,7342,53.154077,-27.820943,gds-deep-v3_g235m-f170lp_1210_214.spec.fits,gds-deep-v3,214,0,,3,3.015,3.015,Redshifts match v2 grade=3,ABu23  z=3.015,1,0.56,1.7,3.15,,12.4,,41.24,41.41,,,,FITS   zfit   spl,,,0.02476604048956184
21150,+53.16995-27.76840,3.088,8.18,0.01,0.01,2.38,0.09,0.08,2.57,0.04,0.04,8.12,0.05,0.05,M,"R3 , R2 , R , O32 , Ne3O2",0.0,\\,53.16995,-27.7684,j033240.79m274606.25,5,7600,53.169953,-27.768402,gds-deep-v3_g140m-f070lp_1210_7948.spec.fits,gds-deep-v3,7948,0,,3,3.096,3.096,Redshifts match v2 grade=3,ABu23  z=3.088,1,2.9,0.7,1.26,,,,,,,,,FITS   zfit   spl,,,0.011965029591511899
18322,+53.13171-27.77412,3.151,6.88,0.02,0.02,0.79,0.02,0.02,0.8,0.02,0.02,7.63,0.1,0.09,M,"R3 , R2 , R , O32 , Ne3O2",0.0,\\,53.13171,-27.77412,,,,,,,,,,,,,,,,,,,,,,,,,,,,,,,
10040,+53.12304-27.79564,3.154,7.92,0.13,0.13,0.64,0.17,0.11,0.26,0.08,0.08,8.18,0.13,0.18,M,"R3 , R2 , R , O32",1.0,\\,53.12304,-27.79564,j033229.54m274744.27,5,7323,53.123073,-27.79563,gds-deep-v3_g235m-f170lp_1210_13980.spec.fits,gds-deep-v3,13980,0,,3,3.154,3.154,Redshifts match v2 grade=3,ABu23  z=3.154,1,0.6,1.7,3.15,,,,,41.51,,,,FITS   zfit   spl,,,0.11108744788294915
19431,+53.16292-27.77141,3.32,7.43,0.11,0.11,2.49,0.11,0.11,0.86,0.05,0.05,8.06,0.1,0.13,M,"R3 , R2 , R , O32",1.0,\\,53.16292,-27.77141,j033239.10m274617.09,5,7605,53.162918,-27.771414,gds-deep-v3_g235m-f170lp_1210_8105.spec.fits,gds-deep-v3,8105,0,,3,3.3201,3.3201,Redshifts match v2 grade=3,ABu23  z=3.320,1,0.86,1.7,3.15,,13.9,,41.4,41.8,,,,FITS   zfit   spl,,,0.015746278281520972
10013597,+53.12325-27.76939,3.323,7.48,0.13,0.13,0.77,0.2,0.12,0.28,0.01,0.01,7.94,0.1,0.12,P,"R3 , R2 , R , O32",0.0,$â¡$ \\,53.12325,-27.76939,j033229.58m274609.82,5,7311,53.123249,-27.769394,gds-deep-v3_g140m-f070lp_1210_13597.spec.fits,gds-deep-v3,13597,0,,3,3.3345,3.3345,Redshifts match v2 grade=3,ABu23  z=3.323,1,0.36,0.7,1.26,,,,,,,,,FITS   zfit   spl,,,0.014748108226721809
3322,+53.12574-27.81921,3.406,8.04,0.25,0.25,0.63,0.48,0.15,0.39,0.09,0.09,7.81,0.25,0.25,P,R3,1.0,\\,53.12574,-27.81921,j033230.18m274909.17,1,7905,53.125734,-27.819213,gds-deep-v3_prism-clear_1210_13767.spec.fits,gds-deep-v3,13767,0,,3,3.4044,3.4044,Redshifts match v2 grade=3,ABu23  z=3.403,1,5.22,0.6,5.29,,26.1,27.5,41.14,41.47,,,,FITS   zfit   spl,,,0.021945076723394047
7629,+53.16983-27.80344,3.452,8.45,0.09,0.09,0.86,0.1,0.07,0.41,0.02,0.02,8.06,0.13,0.2,P,"R3 , R2 , R , O32",1.0,\\,53.16983,-27.80344,j033240.76m274812.35,1,7907,53.169832,-27.803423,gds-deep-v3_prism-clear_1210_13964.spec.fits,gds-deep-v3,13964,0,,3,3.4473,3.4473,Redshifts match v2 grade=3,ABu23  z=3.456,1,3.77,0.6,5.29,,20.8,26.1,41.34,41.75,,,,FITS   zfit   spl,,,0.061530491490844066
3184,+53.15010-27.81971,3.468,8.52,0.11,0.11,6.11,0.66,0.61,1.85,0.03,0.03,7.81,0.07,0.08,P,"R3 , R2 , R , O32 , Ne3O2",0.0,\\,53.1501,-27.81971,j033236.03m274910.93,5,7308,53.150109,-27.819703,gds-deep-v3_g235m-f170lp_1210_13491.spec.fits,gds-deep-v3,13491,0,,3,3.4677,3.4677,Redshifts match v2 grade=3,ABu23  z=3.468,1,2.39,1.7,3.15,,21.6,,41.62,41.81,,,,FITS   zfit   spl,,,0.03815968941446948
7809,+53.12972-27.80274,3.578,8.29,0.05,0.05,1.85,0.31,0.23,0.98,0.09,0.09,7.58,0.09,0.08,P,"R3 , R2 , R , O32 , Ne3O2",0.0,\\,53.12972,-27.80274,j033231.14m274809.83,5,7627,53.129737,-27.802731,gds-deep-v3_g140m-f070lp_1210_9694.spec.fits,gds-deep-v3,9694,0,,3,3.569,3.569,Redshift matches gds-deep-v3_g395h-f290lp_1210_9694 z=3.5776,ABu23  z=3.578,1,0.84,0.7,1.26,,,,,,,,,FITS   zfit   spl,,,0.06309007413167178
10035295,+53.11434-27.81549,3.589,7.39,0.07,0.07,2.34,0.06,0.05,1.94,0.03,0.03,7.56,0.12,0.1,M,"R3 , R2 , R , O32 , Ne3O2",0.0,$â¡$ \\,53.11434,-27.81549,j033227.44m274855.75,5,7345,53.114342,-27.815487,gds-deep-v3_g235m-f170lp_1210_35295.spec.fits,gds-deep-v3,35295,0,,3,3.5892,3.5892,Redshifts match v2 grade=3,ABu23  z=3.589,1,0.69,1.7,3.15,,22.5,,41.58,41.86,,,,FITS   zfit   spl,,,0.012537638522508106
6460,+53.12808-27.80739,3.595,8.78,0.07,0.07,0.48,0.11,0.09,0.2,0.05,0.05,8.54,0.06,0.07,P,"R3 , R2 , R , O32",0.0,\\,53.12808,-27.80739,j033230.74m274826.64,1,7903,53.128092,-27.8074,gds-deep-v3_prism-clear_1210_13530.spec.fits,gds-deep-v3,13530,0,,3,3.5832,3.5832,Redshifts match v2 grade=3,ABu23  z=3.573,1,8.88,0.6,5.29,,7.7,4.7,40.87,40.94,,,,FITS   zfit   spl,,,0.05249860234808963
10009506,+53.15301-27.80607,3.599,7.82,0.07,0.07,2.43,0.14,0.13,1.65,0.02,0.02,7.87,0.09,0.09,M,"R3 , R2 , R , O32 , Ne3O2",0.0,\\,53.15301,-27.80607,j033236.72m274821.85,5,7621,53.153014,-27.806068,gds-deep-v3_g235m-f170lp_1210_9506.spec.fits,gds-deep-v3,9506,0,,3,3.5991,3.5991,Redshifts match v2 grade=3,ABu23  z=3.599,1,2.09,1.7,3.15,,23.2,,41.59,41.88,,,,FITS   zfit   spl,,,0.014631392760844679
4282,+53.12051-27.81523,3.601,7.88,0.08,0.08,1.12,0.36,0.28,0.23,0.06,0.06,7.21,0.19,0.19,P,R3,1.0,\\,53.12051,-27.81523,,,,,,,,,,,,,,,,,,,,,,,,,,,,,,,
19519,+53.16609-27.77126,3.604,7.75,0.02,0.02,2.5,0.14,0.16,0.99,0.01,0.01,7.99,0.06,0.06,P,"R3 , R2 , R , O32 , Ne3O2",0.0,\\,53.16609,-27.77126,j033239.86m274616.52,4,7633,53.166089,-27.771255,gds-deep-v3_g235m-f170lp_1210_9873.spec.fits,gds-deep-v3,9873,0,,3,3.6045,3.6045,Redshifts match v2 grade=3,ABu23  z=3.605,1,1.57,1.7,3.15,,26.7,,41.47,41.72,,,,FITS   zfit   spl,,,0.018279670368253655
18970,+53.15650-27.77227,3.725,9.2,0.0,0.0,7.22,0.15,0.14,3.95,0.08,0.08,8.17,0.06,0.07,M,"R3 , R2 , R , O32 , Ne3O2",0.0,\\,53.1565,-27.77227,,,,,,,,,,,,,,,,,,,,,,,,,,,,,,,
18028,+53.12869-27.77482,3.731,8.84,0.04,0.04,0.4,0.03,0.02,0.25,0.05,0.05,7.73,0.09,0.09,P,"R3 , R2 , R , O32 , Ne3O2",0.0,\\,53.12869,-27.77482,j033230.89m274629.42,5,7304,53.128692,-27.774838,gds-deep-v3_g235m-f170lp_1210_13352.spec.fits,gds-deep-v3,13352,0,,3,3.7294,3.7294,Redshifts match v2 grade=3,ABu23  z=3.731,1,1.06,1.7,3.15,,7.4,,41.3,41.69,,,,FITS   zfit   spl,,,0.06511238537712565
10016186,+53.11695-27.80283,3.928,8.18,0.01,0.01,2.7,0.15,0.21,1.14,0.02,0.02,8.14,0.11,0.22,M,"R3 , R2 , R , O32",0.0,\\,53.11695,-27.80283,j033228.07m274810.19,5,7334,53.116947,-27.802831,gds-deep-v3_g235m-f170lp_1210_16186.spec.fits,gds-deep-v3,16186,0,,3,3.928,3.928,Redshifts match v2 grade=3,ABu23  z=3.928,1,2.45,1.7,3.15,,,,,42.04,,,,FITS   zfit   spl,,,0.010209021548650722
10015193,+53.10889-27.79840,3.957,8.22,0.04,0.04,6.03,0.31,0.35,1.5,0.02,0.02,8.1,0.06,0.06,P,"R3 , R2 , R , O32 , Ne3O2",0.0,\\,53.10889,-27.7984,j033226.13m274754.23,1,7908,53.108892,-27.798398,gds-deep-v3_prism-clear_1210_15193.spec.fits,gds-deep-v3,15193,0,,3,3.955,3.955,Redshifts match v2 grade=3,ABu23  z=3.956,1,16.84,0.6,5.29,,49.5,63.1,42.01,42.47,,,,FITS   zfit   spl,,,0.009612759219366804
10013578,+53.11875-27.77811,4.022,8.0,0.05,0.05,2.71,0.5,0.23,0.91,0.06,0.06,7.87,0.08,0.09,P,"R3 , R2 , R , O32 , Ne3O2",0.0,\\,53.11875,-27.77811,j033228.50m274641.20,1,7904,53.118752,-27.778112,gds-deep-v3_prism-clear_1210_13578.spec.fits,gds-deep-v3,13578,0,,3,4.0219,4.0219,Redshifts match v2 grade=3,ABu23  z=4.022,1,11.08,0.6,5.29,1.3,54.4,,41.69,42.14,,,,FITS   zfit   spl,,,0.00961354677299111
4270,+53.16871-27.81516,4.023,8.19,0.02,0.02,9.0,0.25,0.26,9.12,0.11,0.11,8.04,0.06,0.06,M,"R3 , R2 , R , O32 , Ne3O2",0.0,\\,53.16871,-27.81516,j033240.49m274854.63,5,7619,53.168717,-27.815174,gds-deep-v3_g140m-f070lp_1210_9489.spec.fits,gds-deep-v3,9489,0,,3,4.0251,4.0251,Redshifts match v2 grade=3,CSi23  z=N/A ;  ABu23  z=4.023 ;  CSi23  z=N/A,3,1.51,0.7,1.26,,,,,,,,,FITS   zfit   spl,,,0.05510834413605682
10015344,+53.11438-27.77158,4.032,8.94,0.02,0.02,12.45,1.31,1.47,0.65,0.01,0.01,8.22,0.06,0.06,P,"R3 , R2 , R , O32 , Ne3O2",0.0,\\,53.11438,-27.77158,j033227.45m274617.70,1,7909,53.114375,-27.771584,gds-deep-v3_prism-clear_1210_15344.spec.fits,gds-deep-v3,15344,0,,3,4.0264,4.0264,Redshifts match v2 grade=3,ABu23  z=4.032,1,18.7,0.6,5.29,-2.7,28.1,,41.64,41.94,,,,FITS   zfit   spl,,,0.021471311200298358
10013545,+53.12413-27.79914,4.035,7.95,0.06,0.06,1.7,0.18,0.17,2.63,0.08,0.08,8.08,0.06,0.08,M,"R3 , R2 , R , O32 , Ne3O2",0.0,\\,53.12413,-27.79914,j033229.79m274756.91,5,7309,53.124127,-27.799142,gds-deep-v3_g140m-f070lp_1210_13545.spec.fits,gds-deep-v3,13545,0,,3,4.0422,4.0422,Redshift matches gds-deep-v3_prism-clear_1210_13545 z=4.0382,CSi23  z=N/A ;  ABu23  z=4.035,2,0.67,0.7,1.26,,,,,,,,,FITS   zfit   spl,,,0.011962872496727226
7507,+53.15548-27.80388,4.044,7.67,0.07,0.07,1.51,0.1,0.08,0.8,0.04,0.04,7.48,0.1,0.09,P,"R3 , R2 , R , O32",1.0,\\,53.15548,-27.80388,j033237.32m274814.01,5,7613,53.155482,-27.803893,gds-deep-v3_g235m-f170lp_1210_9306.spec.fits,gds-deep-v3,9306,0,,3,4.045,4.045,Redshifts match v2 grade=3,CSi23  z=N/A ;  ABu23  z=4.044,2,0.62,1.7,3.15,,,,,41.88,,,,FITS   zfit   spl,,,0.04723135656936113
17777,+53.16743-27.77548,4.134,8.25,0.19,0.19,1.0,0.45,0.18,0.29,0.02,0.02,7.8,0.17,0.16,M,"R3 , R2 , R , O32 , Ne3O2",1.0,\\,53.16743,-27.77548,j033240.18m274631.68,4,7631,53.16743,-27.775468,gds-deep-v3_g235m-f170lp_1210_9858.spec.fits,gds-deep-v3,9858,0,,3,4.1334,4.1334,Redshifts match v2 grade=3,ABu23  z=4.134,1,0.83,1.75,3.15,,,,,41.56,,,,FITS   zfit   spl,,,0.043199999999062995
7762,+53.11333-27.80299,4.149,8.24,0.02,0.02,4.1,0.29,0.28,1.87,0.03,0.03,8.14,0.06,0.06,M,"R3 , R2 , R , O32 , Ne3O2",0.0,\\,53.11333,-27.80299,j033227.20m274810.77,5,7329,53.113326,-27.802992,gds-deep-v3_g235m-f170lp_1210_15157.spec.fits,gds-deep-v3,15157,0,,3,4.1494,4.1494,Redshifts match v2 grade=3,CSi23  z=N/A ;  ABu23  z=4.149,2,2.4,1.7,2.97,,,,,41.87,,,,FITS   zfit   spl,,,0.014631706892241785
7892,+53.15003-27.80250,4.229,7.76,0.03,0.03,1.96,0.05,0.05,1.17,0.02,0.02,7.76,0.11,0.1,M,"R3 , R2 , R , O32 , Ne3O2",0.0,\\,53.15003,-27.8025,j033236.01m274809.00,5,7618,53.150035,-27.8025,gds-deep-v3_g235m-f170lp_1210_9451.spec.fits,gds-deep-v3,9451,0,,3,4.2289,4.2289,Redshifts match v2 grade=3,CSi23  z=N/A ;  ABu23  z=4.229,2,1.03,1.7,3.15,,,,,41.78,,,,FITS   zfit   spl,,,0.015922091261946953
6519,+53.15832-27.80724,4.26,7.68,0.04,0.04,2.92,0.08,0.06,1.71,0.03,0.03,7.69,0.07,0.07,P,"R3 , R2 , R , O32 , Ne3O2",0.0,\\,53.15832,-27.80724,j033238.00m274826.02,1,7938,53.158322,-27.807229,gds-deep-v3_prism-clear_1210_9297.spec.fits,gds-deep-v3,9297,0,,3,4.2331,4.2331,Redshifts match v2 grade=3,ABu23  z=4.238 ;  CSi23  z=N/A,2,5.74,0.6,5.29,11.0,48.7,,41.84,42.44,,,,FITS   zfit   spl,,,0.04010883372639168
10001916,+53.13228-27.79811,4.283,6.38,0.06,0.06,0.23,0.02,0.02,0.16,0.02,0.02,7.23,0.21,0.2,M,R3,1.0,\\,53.13228,-27.79811,j033231.75m274753.21,5,7338,53.132276,-27.798113,gds-deep-v3_g235m-f170lp_1210_1916.spec.fits,gds-deep-v3,1916,0,,3,4.2841,4.2841,Redshifts match v2 grade=3,ABu23  z=4.283,1,0.38,1.7,3.15,,,,,41.08,,,,FITS   zfit   spl,,,0.016700341863975652
8073,+53.15119-27.80195,4.392,7.7,0.05,0.05,1.68,0.24,0.17,0.5,0.04,0.04,7.82,0.13,0.13,P,"R3 , R2 , R , O32",1.0,$â¡$ \\,53.15119,-27.80195,j033236.29m274807.02,1,7922,53.151199,-27.801951,gds-deep-v3_prism-clear_1210_4818.spec.fits,gds-deep-v3,4818,0,,3,4.3919,4.3919,Redshifts match v2 grade=3,ABu23  z=4.393,1,4.69,0.6,5.29,-3.3,32.8,,41.58,41.98,,,,FITS   zfit   spl,,,0.028885124074137715
10000626,+53.14700-27.81303,4.464,6.72,0.2,0.2,0.34,0.02,0.02,0.29,0.02,0.02,7.29,0.12,0.11,M,R3,1.0,$â¡$ \\,53.147,-27.81303,j033235.28m274846.92,5,7591,53.146999,-27.813034,gds-deep-v3_g235m-f170lp_1210_626.spec.fits,gds-deep-v3,626,0,,3,4.4649,4.4649,Redshifts match v2 grade=3,ABu23  z=4.464,1,0.49,1.7,3.1,,,,,41.5,,,,FITS   zfit   spl,,,0.014747832151606702
7304,+53.16083-27.80455,4.49,7.61,0.13,0.13,0.3,0.07,0.05,0.24,0.02,0.02,7.42,0.2,0.16,P,R3,1.0,\\,53.16083,-27.80455,,,,,,,,,,,,,,,,,,,,,,,,,,,,,,,
17072,+53.17022-27.77739,4.702,8.3,0.04,0.04,0.75,0.08,0.06,0.53,0.06,0.06,8.28,0.06,0.07,P,"R3 , R2 , R , O32",1.0,$â¡$ \\,53.17022,-27.77739,j033240.84m274638.71,8,21837,53.170225,-27.777394,gds-deep-v3_g235m-f170lp_1210_9849.spec.fits,gds-deep-v3,9849,0,,3,4.7023,4.7023,Redshifts match v2 grade=3,ABu23  z=4.702,1,0.15,1.81,3.15,,,,,41.6,,,,FITS   zfit   spl,,,0.02147068032394743
18090,+53.16718-27.77462,4.775,7.86,0.03,0.03,4.91,0.1,0.1,3.93,0.29,0.29,7.84,0.08,0.08,M,"R3 , R2 , R , O32 , Ne3O2",0.0,\\,53.16718,-27.77462,j033240.12m274628.58,9,7635,53.167185,-27.774606,gds-deep-v3_g140m-f070lp_1210_9891.spec.fits,gds-deep-v3,9891,0,,3,4.7727,4.7727,Redshifts match v2 grade=3,CSi23  z=N/A ;  ABu23  z=4.775,2,0.85,0.7,1.26,-0.3,,,,,,,,FITS   zfit   spl,,,0.052856438315148524
7938,+53.16268-27.80237,4.806,8.07,0.03,0.03,3.22,0.07,0.07,1.69,0.03,0.03,7.81,0.08,0.08,M,"R3 , R2 , R , O32 , Ne3O2",0.0,\\,53.16268,-27.80237,j033239.04m274808.53,5,7628,53.162677,-27.802369,gds-deep-v3_g140m-f070lp_1210_9695.spec.fits,gds-deep-v3,9695,0,,3,4.8053,4.8053,Redshifts match v2 grade=3,CSi23  z=N/A ;  ABu23  z=4.806,2,1.61,0.7,1.26,-1.4,,,,,,,,FITS   zfit   spl,,,0.010209059475918537
5457,+53.11667-27.81093,4.863,7.79,0.28,0.28,1.4,0.26,0.2,0.48,0.02,0.02,8.13,0.07,0.08,P,"R3 , R2 , R , O32 , Ne3O2",1.0,\\,53.11667,-27.81093,,,,,,,,,,,,,,,,,,,,,,,,,,,,,,,
4009,+53.15705-27.81629,4.866,8.04,0.1,0.1,2.11,0.41,0.37,1.27,0.07,0.07,7.66,0.12,0.11,P,"R3 , R2 , R , O32 , Ne3O2",1.0,\\,53.15705,-27.81629,j033237.70m274858.69,1,7924,53.157067,-27.816303,gds-deep-v3_prism-clear_1210_5223.spec.fits,gds-deep-v3,5223,0,,3,4.8627,4.8627,Redshifts match v2 grade=3,ABu23  z=4.864,1,4.08,0.6,5.29,-4.4,29.2,,41.44,41.74,,,,FITS   zfit   spl,,,0.07155491485061324
17260,+53.12689-27.77689,4.885,7.97,0.12,0.12,0.44,0.05,0.04,0.23,0.03,0.03,7.27,0.12,0.11,P,R3,1.0,\\,53.12689,-27.77689,j033230.45m274636.83,8,7319,53.126886,-27.776896,gds-deep-v3_g235m-f170lp_1210_13854.spec.fits,gds-deep-v3,13854,0,,3,4.8858,4.8858,Redshifts match v2 grade=3,ABu23  z=4.885,1,0.73,1.7,3.15,,,,,41.28,,,,FITS   zfit   spl,,,0.025077574872941478
10005217,+53.17351-27.77187,4.888,7.33,0.01,0.01,2.24,0.05,0.04,1.84,0.01,0.01,7.38,0.08,0.08,P,"R3 , R2 , R , O32 , Ne3O2",0.0,\\,53.17351,-27.77187,j033241.64m274618.72,5,7365,53.173514,-27.771867,gds-deep-v3_g140m-f070lp_1210_5217.spec.fits,gds-deep-v3,5217,0,,3,4.8864,4.8864,Redshifts match v2 grade=3,ABu23  z=4.888,1,0.06,0.7,1.26,0.5,,,,,,,,FITS   zfit   spl,,,0.01670268709107816
8113,+53.12300-27.80176,4.903,7.8,0.05,0.05,2.48,0.25,0.16,0.87,0.04,0.04,7.88,0.08,0.08,P,"R3 , R2 , R , O32 , Ne3O2",0.0,\\,53.123,-27.80176,j033229.52m274806.31,5,7318,53.123005,-27.801753,gds-deep-v3_g235m-f170lp_1210_13846.spec.fits,gds-deep-v3,13846,0,,3,4.9042,4.9042,Redshifts match v2 grade=3,ABu23  z=4.903,1,1.32,1.7,3.15,,,,,,,,,FITS   zfit   spl,,,0.029808664164302962
5759,+53.14946-27.80979,5.052,7.4,0.1,0.1,1.25,0.08,0.09,0.83,0.04,0.04,7.58,0.24,0.18,M,"R3 , R2 , R , O32",1.0,\\,53.14946,-27.80979,j033235.87m274835.27,7,21763,53.149463,-27.809795,gds-rieke-v3_g140m-f100lp_1207_105635.spec.fits,gds-rieke-v3,105635,0,,1,5.0332,5.645,,ABu23  z=5.052,1,0.61,0.98,1.88,,,,,,,,,FITS   zfit   spl,,,0.020377743374333283
10015338,+53.11535-27.77289,5.076,7.94,0.04,0.04,3.64,0.15,0.19,1.89,0.05,0.05,7.57,0.08,0.08,P,"R3 , R2 , R , O32 , Ne3O2",0.0,$â¡$ \\,53.11535,-27.77289,j033227.68m274622.42,5,7330,53.115345,-27.772894,gds-deep-v3_g235m-f170lp_1210_15338.spec.fits,gds-deep-v3,15338,0,,3,5.0772,5.0772,Redshifts match v2 grade=3,ABu23  z=5.077,1,0.61,1.7,3.15,,,,,42.29,,,,FITS   zfit   spl,,,0.02147116897204769
9452,+53.11583-27.79755,5.122,8.13,0.17,0.17,4.17,1.17,0.97,1.19,0.11,0.11,7.92,0.21,0.22,P,R3,0.0,$â¡$ \\,53.11583,-27.79755,j033227.80m274751.18,7,21773,53.115838,-27.79755,gds-rieke-v3_g140m-f100lp_1207_203112.spec.fits,gds-rieke-v3,203112,0,,3,5.1188,5.1188,Redshift matches gds-deep-v3_g140m-f070lp_1210_36976 z=5.1119,ABu23  z=5.122,1,0.49,0.98,1.88,,,,,,,,,FITS   zfit   spl,,,0.025476506399255826
4902,+53.11852-27.81297,5.123,8.69,0.03,0.03,1.77,0.41,0.24,0.5,0.02,0.02,8.22,0.07,0.09,P,"R3 , R2 , R , O32",1.0,\\,53.11852,-27.81297,j033228.45m274846.70,1,7902,53.118529,-27.812971,gds-deep-v3_prism-clear_1210_13510.spec.fits,gds-deep-v3,13510,0,,3,5.1233,5.1233,Redshifts match v2 grade=3,ABu23  z=5.123,1,13.07,0.6,5.29,-0.8,25.7,,41.43,41.73,,,,FITS   zfit   spl,,,0.02888223968201243
9743,+53.12300-27.79661,5.44,7.48,0.08,0.08,2.8,0.28,0.23,3.21,0.32,0.32,7.43,0.26,0.2,M,R3,0.0,\\,53.123,-27.79661,j033229.52m274747.83,5,7341,53.123005,-27.796619,gds-deep-v3_g140m-f070lp_1210_2075.spec.fits,gds-deep-v3,2075,0,,3,5.427,5.427,Redshifts match v2 grade=3,ABu23  z=5.440 ;  CSi23  z=N/A,2,0.15,0.7,1.26,2.2,,,,,,,,FITS   zfit   spl,,,0.036101252754666184
9343,+53.12874-27.79787,5.443,7.25,0.37,0.37,0.14,0.1,0.06,0.39,0.09,0.09,7.73,0.15,0.18,P,"R2 , Ne3O2",0.0,\\,53.12874,-27.79787,j033230.90m274752.37,4,7339,53.128734,-27.79788,gds-deep-v3_g395h-f290lp_1210_1939.spec.fits,gds-deep-v3,1939,0,,3,5.4434,5.4434,Redshift matches gds-deep-v3_g395m-f290lp_1210_1939 z=5.4437,ABu23  z=5.443 ;  CSi23  z=N/A,2,0.25,2.88,4.91,,10.4,,41.68,41.64,,,,FITS   zfit   spl,,,0.04075646916985971
10016374,+53.11572-27.77496,5.503,7.63,0.05,0.05,2.38,0.09,0.07,1.17,0.03,0.03,7.75,0.07,0.07,P,"R3 , R2 , R , O32 , Ne3O2",0.0,\\,53.11572,-27.77496,j033227.77m274629.84,5,7335,53.115717,-27.774955,gds-deep-v3_g235m-f170lp_1210_16374.spec.fits,gds-deep-v3,16374,0,,3,5.5059,5.5059,Redshifts match v2 grade=3,ABu23  z=5.504,1,0.88,1.7,3.15,,,,,,,,,FITS   zfit   spl,,,0.020379178786695443
6246,+53.12972-27.80818,5.562,7.78,0.11,0.11,3.0,0.55,0.53,0.59,0.03,0.03,7.52,0.16,0.12,M,"R3 , R2 , R , O32",1.0,\\,53.12972,-27.80818,j033231.14m274829.48,2,22476,53.129727,-27.808178,gds-rieke-v3_g140m-f100lp_1207_106885.spec.fits,gds-rieke-v3,106885,0,,1,1.9483,1.9484,,CSi23  z=N/A ;  ABu23  z=5.562,2,0.33,0.98,1.88,,,,,40.36,,,,FITS   zfit   spl,,,0.02342378102362497
16745,+53.13002-27.77839,5.567,8.26,0.03,0.03,6.45,0.26,0.27,2.19,0.04,0.04,8.13,0.06,0.06,P,"R3 , R2 , R , O32 , Ne3O2",0.0,\\,53.13002,-27.77839,j033231.20m274642.25,5,7310,53.13001,-27.778402,gds-deep-v3_g235m-f170lp_1210_13577.spec.fits,gds-deep-v3,13577,0,,3,5.5682,5.5682,Redshifts match v2 grade=3,CSi23  z=N/A ;  ABu23  z=5.567,2,1.61,1.7,3.15,,,,,,,,,FITS   zfit   spl,,,0.05367254162587041
6384,+53.13059-27.80771,5.615,8.42,0.13,0.13,1.84,0.77,0.53,0.44,0.07,0.07,7.3,0.05,0.07,P,R3,1.0,\\,53.13059,-27.80771,j033231.34m274827.81,5,7320,53.130574,-27.807725,gds-deep-v3_g395m-f290lp_1210_13877.spec.fits,gds-deep-v3,13877,0,,3,5.615,5.615,Redshifts match v2 grade=3,ABu23  z=5.615,1,0.59,2.88,5.01,,4.7,,41.15,41.43,,,,FITS   zfit   spl,,,0.0742409839358849
4404,+53.11537-27.81477,5.764,7.87,0.04,0.04,3.3,0.19,0.13,3.72,0.12,0.12,7.73,0.09,0.09,M,"R3 , R2 , R , O32 , Ne3O2",0.0,\\,53.11537,-27.81477,j033227.69m274853.16,5,7327,53.11537,-27.814768,gds-deep-v3_g235m-f170lp_1210_15099.spec.fits,gds-deep-v3,15099,0,,3,5.7648,5.7648,Redshifts match v2 grade=3,ABu23  z=5.763 ;  CSi23  z=N/A,2,1.16,1.7,3.15,,,,,,,,,FITS   zfit   spl,,,0.007199999994118834
3968,+53.14505-27.81643,5.769,7.9,0.16,0.16,1.29,0.55,0.24,0.26,0.02,0.02,7.67,0.28,0.25,P,R3,1.0,\\,53.14505,-27.81643,,,,,,,,,,,,,,,,,,,,,,,,,,,,,,,
22251,+53.15407-27.76607,5.798,7.89,0.03,0.03,4.68,0.12,0.13,4.75,0.11,0.11,7.88,0.08,0.07,M,"R3 , R2 , R , O32 , Ne3O2",0.0,$â¡$ \\,53.15407,-27.76607,j033236.98m274557.82,9,7629,53.154087,-27.766062,gds-deep-v3_g235m-f170lp_1210_9842.spec.fits,gds-deep-v3,9842,0,,3,5.8017,5.8017,Redshifts match v2 grade=3,ABu23  z=5.798,1,1.08,1.7,3.15,,,,,,,,,FITS   zfit   spl,,,0.061335263846662644
10056849,+53.11351-27.77284,5.814,7.07,0.06,0.06,1.12,0.05,0.04,1.98,0.17,0.17,7.42,0.09,0.09,P,"R3 , R2 , R , O32 , Ne3O2",0.0,$â¡$ \\,53.11351,-27.77284,j033227.24m274622.21,5,7371,53.113511,-27.772836,gds-deep-v3_g140m-f070lp_1210_56849.spec.fits,gds-deep-v3,56849,0,,3,5.8171,5.8171,Redshifts match v2 grade=3,ABu23  z=5.814 ;  JWi23  z=5.814,2,0.63,0.7,1.26,8.9,,,,,,,,FITS   zfit   spl,,,0.014748086441702186
10005113,+53.16730-27.80287,5.821,7.02,0.03,0.03,1.04,0.05,0.05,0.65,0.12,0.12,7.76,0.25,0.24,M,R3,1.0,\\,53.1673,-27.80287,j033240.15m274810.33,5,7362,53.167303,-27.80287,gds-deep-v3_g235m-f170lp_1210_5113.spec.fits,gds-deep-v3,5113,0,,3,5.8246,5.8246,Redshifts match v2 grade=3,ABu23  z=5.821,1,0.34,1.7,3.15,,,,,,,,,FITS   zfit   spl,,,0.009553222210702064
19606,+53.17655-27.77111,5.889,7.23,0.03,0.03,1.68,0.04,0.04,1.33,0.04,0.04,7.66,0.09,0.08,P,"R3 , R2 , R , O32 , Ne3O2",1.0,\\,53.17655,-27.77111,j033242.37m274615.98,5,7617,53.17655,-27.771106,gds-deep-v3_g235m-f170lp_1210_9414.spec.fits,gds-deep-v3,9414,0,,3,5.8792,5.8792,Redshifts match v2 grade=3,ABu23  z=5.889 ;  CSi23  z=N/A ;  CSi23  z=N/A ;  JWi23  z=5.889,4,0.39,1.7,3.15,,,,,,,,,FITS   zfit   spl,,,0.014399999999687664
10013620,+53.12259-27.76057,5.918,8.3,0.05,0.05,2.35,0.2,0.17,1.18,0.06,0.06,7.93,0.12,0.14,M,"R3 , R2 , R , O32 , Ne3O2",0.0,\\,53.12259,-27.76057,j033229.42m274538.05,9,7314,53.12259,-27.760569,gds-deep-v3_g395h-f290lp_1210_13620.spec.fits,gds-deep-v3,13620,0,,3,5.9178,5.9178,Redshifts match v2 grade=3,ABu23  z=5.918,1,0.66,2.88,4.08,,,,,42.03,,,,FITS   zfit   spl,,,0.0036000000027844154
9422,+53.12175-27.79763,5.936,7.71,0.0,0.0,5.35,0.04,0.03,20.38,0.78,0.78,7.53,0.07,0.07,M,"R3 , R2 , R , O32 , Ne3O2",0.0,$â¡$ \\,53.12175,-27.79763,j033229.22m274751.48,5,7301,53.121759,-27.797633,gds-deep-v3_g140m-f070lp_1210_13176.spec.fits,gds-deep-v3,13176,0,,3,5.9352,5.9352,Redshifts match v2 grade=3,JWi23  z=5.937 ;  ABu23  z=5.936 ;  CSi23  z=N/A,3,2.31,0.7,1.26,24.3,,,,,,,,FITS   zfit   spl,,,0.0306283477369552
6002,+53.11041-27.80892,5.937,7.65,0.05,0.05,1.32,0.09,0.08,1.79,0.08,0.08,7.65,0.12,0.1,M,"R3 , R2 , R , O32 , Ne3O2",1.0,\\,53.11041,-27.80892,j033226.50m274832.11,5,7328,53.110418,-27.808921,gds-deep-v3_g140m-f070lp_1210_15125.spec.fits,gds-deep-v3,15125,0,,3,5.9356,5.9356,Redshifts match v2 grade=3,CSi23  z=N/A ;  JWi23  z=5.937 ;  ABu23  z=5.937,3,1.02,0.7,1.26,10.2,,,,,,,,FITS   zfit   spl,,,0.02572696156574246
10013618,+53.11911-27.76080,5.944,8.78,0.21,0.21,3.85,0.75,2.12,0.74,0.04,0.04,8.19,0.05,0.06,M,"R3 , R2 , R , O32 , Ne3O2",0.0,\\,53.11911,-27.7608,j033228.59m274538.89,9,7313,53.119112,-27.760802,gds-deep-v3_g235m-f170lp_1210_13618.spec.fits,gds-deep-v3,13618,0,,3,5.9477,5.9477,Redshifts match v2 grade=3,ABu23  z=5.944,1,1.77,1.7,3.15,,,,,,,,,FITS   zfit   spl,,,0.009614218384273518
19342,+53.16062-27.77161,5.974,7.7,0.09,0.09,1.95,0.19,0.17,1.39,0.06,0.06,7.5,0.18,0.12,M,R3,1.0,\\,53.16062,-27.77161,j033238.55m274617.77,5,7634,53.160634,-27.771604,gds-deep-v3_g140m-f070lp_1210_9880.spec.fits,gds-deep-v3,9880,0,,3,5.9776,5.9776,Redshifts match v2 grade=3,JWi23  z=5.974 ;  CSi23  z=N/A ;  ABu23  z=5.974,3,0.99,0.7,1.26,5.6,,,,,,,,FITS   zfit   spl,,,0.04955029338376473
17566,+53.15613-27.77584,6.102,8.5,0.13,0.13,4.15,0.59,0.44,1.48,0.07,0.07,8.11,0.09,0.11,M,"R3 , R2 , R , O32",0.0,\\,53.15613,-27.77584,j033237.47m274633.07,9,7632,53.156129,-27.775854,gds-deep-v3_g235m-f170lp_1210_9867.spec.fits,gds-deep-v3,9867,0,,3,6.105,6.105,Redshifts match v2 grade=3,ABu23  z=6.102,1,0.85,1.85,3.15,,,,,,,,,FITS   zfit   spl,,,0.0505005494224606
18976,+53.16660-27.77240,6.327,7.77,0.06,0.06,1.66,0.13,0.12,1.06,0.06,0.06,7.45,0.11,0.11,M,"R3 , R2 , R , O32",1.0,\\,53.1666,-27.7724,j033239.99m274620.62,5,7607,53.166615,-27.772395,gds-deep-v3_g395h-f290lp_1210_8253.spec.fits,gds-deep-v3,8253,0,,3,6.3273,6.3273,Redshifts match v2 grade=3,ABu23  z=6.327,1,0.47,2.88,4.12,,,,,41.93,,,,FITS   zfit   spl,,,0.051057620621235596
18846,+53.13492-27.77271,6.335,8.07,0.03,0.03,4.32,0.09,0.08,11.39,0.4,0.4,7.46,0.09,0.09,P,"R3 , R2 , R , O32 , Ne3O2",0.0,\\,53.13492,-27.77271,j033232.38m274621.74,5,7302,53.134923,-27.772706,gds-deep-v3_g140m-f070lp_1210_13197.spec.fits,gds-deep-v3,13197,0,,3,6.3353,6.3353,Redshifts match v2 grade=3,CSi23  z=N/A ;  JWi23  z=6.336 ;  ABu23  z=6.335,3,2.08,0.7,1.26,22.9,,,,,,,,FITS   zfit   spl,,,0.017282207721088207
18179,+53.17582-27.77446,6.335,8.59,0.08,0.08,4.93,0.68,0.64,1.32,0.08,0.08,8.07,0.08,0.1,P,"R3 , R2 , R , O32",1.0,\\,53.17582,-27.77446,j033242.20m274628.08,1,7939,53.17583,-27.774468,gds-deep-v3_prism-clear_1210_9423.spec.fits,gds-deep-v3,9423,0,,3,6.3346,6.3346,Redshifts match v2 grade=3,ABu23  z=6.335 ;  CSi23  z=N/A,2,4.19,0.6,5.29,-4.1,19.8,,41.69,41.96,,,,FITS   zfit   spl,,,0.04294199652324433
10005447,+53.16288-27.76928,6.623,6.95,0.11,0.11,0.34,0.06,0.05,0.38,0.04,0.04,7.46,0.2,0.16,P,R3,1.0,\\,53.16288,-27.76928,j033239.09m274609.42,5,7367,53.162878,-27.769284,gds-deep-v3_g140m-f070lp_1210_5447.spec.fits,gds-deep-v3,5447,0,,3,6.5954,6.5954,Redshift matches gds-deep-v3_prism-clear_1210_5447 z=6.6256,ABu23  z=6.623,1,0.28,0.7,1.26,,,,,,,,,FITS   zfit   spl,,,0.015746328738227563
16625,+53.16904-27.77884,6.631,7.35,0.03,0.03,2.24,0.09,0.07,2.23,0.07,0.07,7.33,0.11,0.1,M,R3,0.0,\\,53.16904,-27.77884,j033240.57m274643.82,5,7636,53.169055,-27.778838,gds-deep-v3_g140m-f070lp_1210_9903.spec.fits,gds-deep-v3,9903,0,,3,6.6362,6.6362,Redshifts match v2 grade=3,JWi23  z=6.631 ;  ABu23  z=6.631 ;  CSi23  z=N/A,3,0.67,0.7,1.26,8.4,,,,,,,,FITS   zfit   spl,,,0.04831614928888578
3334,+53.15138-27.81917,6.706,7.5,0.08,0.08,1.19,0.12,0.1,1.03,0.08,0.08,7.78,0.08,0.09,P,"R3 , R2 , R , O32 , Ne3O2",1.0,\\,53.15138,-27.81917,,,,,,,,,,,,,,,,,,,,,,,,,,,,,,,
4297,+53.15579-27.81520,6.713,7.29,0.03,0.03,1.98,0.07,0.05,2.42,0.16,0.16,7.74,0.22,0.25,M,R3,0.0,\\,53.15579,-27.8152,,,,,,,,,,,,,,,,,,,,,,,,,,,,,,,
10013609,+53.11730-27.76408,6.929,7.71,0.06,0.06,3.85,0.19,0.18,5.39,0.31,0.31,7.94,0.12,0.14,M,"R3 , R2 , R , O32 , Ne3O2",0.0,$â¡$ \\,53.1173,-27.76408,j033228.15m274550.70,5,7312,53.117303,-27.764082,gds-deep-v3_g235m-f170lp_1210_13609.spec.fits,gds-deep-v3,13609,0,,3,6.9301,6.9301,Redshifts match v2 grade=3,ABu23  z=6.929,1,0.6,1.7,3.15,,,,,,,,,FITS   zfit   spl,,,0.01196533257724613
20961,+53.13423-27.76891,7.045,7.86,0.14,0.14,1.03,0.12,0.09,1.5,0.33,0.33,7.33,0.11,0.11,M,"R3 , R2 , R , O32",1.0,\\,53.13423,-27.76891,,,,,,,,,,,,,,,,,,,,,,,,,,,,,,,
10013905,+53.11833-27.76901,7.197,7.37,0.05,0.05,2.2,0.14,0.12,4.98,0.67,0.67,7.63,0.09,0.09,P,"R3 , R2 , R , O32 , Ne3O2",0.0,$â¡$ \\,53.11833,-27.76901,j033228.40m274608.44,9,7322,53.118327,-27.76901,gds-deep-v3_g395h-f290lp_1210_13905.spec.fits,gds-deep-v3,13905,0,,3,7.1972,7.1972,Redshifts match v2 grade=3,ABu23  z=7.197,1,0.36,2.93,4.29,,,,,42.08,,,,FITS   zfit   spl,,,0.009556197519032555
10013682,+53.16746-27.77201,7.275,6.95,0.09,0.09,0.82,0.08,0.07,0.47,0.06,0.06,7.66,0.11,0.1,P,"R3 , R2 , R , O32 , Ne3O2",1.0,\\,53.16746,-27.77201,j033240.19m274619.22,5,7315,53.167464,-27.772006,gds-deep-v3_g140m-f070lp_1210_13682.spec.fits,gds-deep-v3,13682,0,,3,7.2775,7.2775,Redshifts match v2 grade=3,JWi23  z=7.276 ;  ASa23  z=7.278 ;  ABu23  z=7.275,3,0.25,0.7,1.26,10.4,,,,,,,,FITS   zfit   spl,,,0.01922756719775337
21842,+53.15682-27.76716,7.981,7.51,0.04,0.04,3.21,0.25,0.25,1.72,0.08,0.08,7.61,0.07,0.07,P,"R3 , R2 , R , O32 , Ne3O2",1.0,$â¡$ \\,53.15682,-27.76716,j033237.64m274601.76,9,7364,53.156837,-27.767155,gds-deep-v3_g140m-f070lp_1210_5173.spec.fits,gds-deep-v3,5173,0,,3,7.9842,7.9842,Redshifts match v2 grade=3,JWi23  z=7.980 ;  CSi23  z=N/A ;  ABu23  z=7.980,3,0.35,0.7,1.26,5.0,,,,,,,,FITS   zfit   spl,,,0.05706588970024641
8013,+53.16446-27.80218,8.473,7.54,0.08,0.08,3.03,0.32,0.26,1.61,0.37,0.37,7.64,0.29,0.23,M,R3,1.0,\\,53.16446,-27.80218,j033239.48m274807.86,9,7566,53.164482,-27.802183,gds-deep-v3_g395m-f290lp_1210_6139.spec.fits,gds-deep-v3,6139,0,,3,8.4726,8.4726,Redshifts match v2 grade=3,CSi23  z=N/A ;  ABu23  z=8.473 ;  KHa23  z=8.476,3,0.72,2.88,5.2,,,,,42.16,,,,FITS   zfit   spl,,,0.07088497901338188
10058975,+53.11243-27.77461,9.433,8.05,0.03,0.03,6.62,0.2,0.2,13.79,1.36,1.36,7.35,0.08,0.08,M,"R3 , R2 , R , O32 , Ne3O2",0.0,$â¡$ \\,53.11243,-27.77461,j033226.98m274628.62,8,21812,53.112434,-27.774609,gds-deep-v3_g395m-f290lp_1210_58975.spec.fits,gds-deep-v3,58975,0,,3,9.4323,9.4323,Redshifts match v2 grade=3,ABu23  z=9.433,1,1.33,2.88,5.2,,,,,,,,,FITS   zfit   spl,,,0.013239772512598173
