NIRSpec ID,JADES ID,Redshift,log M_star,log M_star_upper,log M_star_lower,SFR_a,SFR_a_upper,SFR_a_lower,SFR_Ha,SFR_Ha_upper,SFR_Ha_lower,12_plus_logOH,12_plus_logOH_upper,12_plus_logOH_lower,C,Metallicity_diagnostics,NC,AGN,ra_1_1,dec_1_1,jname,ndup,uid,ra_2_1,dec_2_1,file,root,srcid,nGr,Grating,grade,zfit,z,comment,References,nRef,sn50,wmin,wmax,Lya,Ha,OIII,L_Ha,L_OIII,HST,NIRCam,slit,FITS,Fnu,Flam,Separation_1,ID_1,RA_1_2,DEC_1_2,X,Y,isoarea_SE,class_starSE,flags_SE,r50_SE,f_autoSE,e_autoSE,a_f001w,ell_f001w,theta_f001w,rKron_f001w,f_f435w,f_f606w,f_f775w,f_f814w,f_f105w,f_f125w,f_f140w,f_f160w,f_f090w,f_f115w,f_f150w,f_f200w,f_f277w,f_f356w,f_f410m,f_f444w,e_f435w,e_f606w,e_f775w,e_f814w,e_f105w,e_f125w,e_f140w,e_f160w,e_f090w,e_f115w,e_f150w,e_f200w,e_f277w,e_f356w,e_f410m,e_f444w,apopt,flag_1,ID_2,RA_2_2,DEC_2_2,zspec,zphot,EAzY_eazy_v13,EAzY_Larson,EAzY_LarsonLyaRed,flag_2,Separation_2,Separation
2923,+53.15407-27.82094,3.015,7.39,0.05,0.05,0.28,0.02,0.02,0.23,0.02,0.02,7.44,0.16,0.13,P,"R3 , R2 , R , O32",1.0,\\,53.15407,-27.82094,j033236.98m274915.39,5,7342,53.154077,-27.820943,gds-deep-v3_g235m-f170lp_1210_214.spec.fits,gds-deep-v3,214,0,,3,3.015,3.015,Redshifts match v2 grade=3,ABu23  z=3.015,1,0.56,1.7,3.15,,12.4,,41.24,41.41,,,,FITS   zfit   spl,,,0.02476604048956184,39033,53.154086,-27.820936,8601.537,14897.707,137.0,0.07,0.0,5.645,0.01919,0.00181,3.564701,0.329651,-11.29521,28.517611,0.0186,0.03037,0.02692,0.02796,0.01701,0.03161,8.8E-4,0.03348,0.02786,0.0216,0.02079,0.03097,0.02636,0.01782,0.01671,0.02056,0.00126,4.7E-4,6.3E-4,0.00365,0.00337,0.00616,0.02333,0.00701,0.00319,0.00222,0.0025,0.00212,0.00145,0.00131,0.00251,0.00178,0.28,100,39033,53.154086,-27.820936,3.015,3.015,3.015,3.015,3.015,100,0.0,0.052938188653937346
21150,+53.16995-27.76840,3.088,8.18,0.01,0.01,2.38,0.09,0.08,2.57,0.04,0.04,8.12,0.05,0.05,M,"R3 , R2 , R , O32 , Ne3O2",0.0,\\,53.16995,-27.7684,j033240.79m274606.25,5,7600,53.169953,-27.768402,gds-deep-v3_g140m-f070lp_1210_7948.spec.fits,gds-deep-v3,7948,0,,3,3.096,3.096,Redshifts match v2 grade=3,ABu23  z=3.088,1,2.9,0.7,1.26,,,,,,,,,FITS   zfit   spl,,,0.011965029591511899,60601,53.169958,-27.768417,6914.409,21200.5,1383.0,0.03,2.0,7.645,0.42347,0.00156,8.759548,0.449266,-79.52543,70.076385,0.24444,0.42745,0.39785,0.43078,0.35234,0.33118,0.35757,0.39114,0.38532,0.36281,0.39527,0.54762,0.47557,0.41991,0.45141,0.45507,0.00202,7.2E-4,9.7E-4,0.00568,0.00124,0.00207,0.00192,0.00174,0.00313,0.00241,0.00254,0.00276,0.0019,0.00192,0.00285,0.002,0.33,200,60601,53.169958,-27.768417,3.09,3.09,3.09,3.09,3.09,200,0.0,0.06629359188455061
10040,+53.12304-27.79564,3.154,7.92,0.13,0.13,0.64,0.17,0.11,0.26,0.08,0.08,8.18,0.13,0.18,M,"R3 , R2 , R , O32",1.0,\\,53.12304,-27.79564,j033229.54m274744.27,5,7323,53.123073,-27.79563,gds-deep-v3_g235m-f170lp_1210_13980.spec.fits,gds-deep-v3,13980,0,,3,3.154,3.154,Redshifts match v2 grade=3,ABu23  z=3.154,1,0.6,1.7,3.15,,,,,41.51,,,,FITS   zfit   spl,,,0.11108744788294915,49726,53.123045,-27.795646,11896.462,17933.432,426.0,0.02,0.0,6.36,0.05046,0.00104,7.140967,0.585454,50.022503,57.127735,0.00815,0.01968,0.02449,0.0287,0.02273,0.03127,0.00121,0.03453,0.0292,0.0293,0.03831,0.06287,0.05651,0.04752,0.05063,0.05265,0.00155,5.7E-4,7.6E-4,0.00403,0.00534,0.00656,0.02418,0.00803,0.00213,0.0016,0.00167,0.00168,9.8E-4,0.00103,0.00173,0.00121,0.5,100,49726,53.123045,-27.795646,3.154,3.154,3.154,3.154,3.154,100,0.0,0.026834771892159527
19431,+53.16292-27.77141,3.32,7.43,0.11,0.11,2.49,0.11,0.11,0.86,0.05,0.05,8.06,0.1,0.13,M,"R3 , R2 , R , O32",1.0,\\,53.16292,-27.77141,j033239.10m274617.09,5,7605,53.162918,-27.771414,gds-deep-v3_g235m-f170lp_1210_8105.spec.fits,gds-deep-v3,8105,0,,3,3.3201,3.3201,Redshifts match v2 grade=3,ABu23  z=3.320,1,0.86,1.7,3.15,,13.9,,41.4,41.8,,,,FITS   zfit   spl,,,0.015746278281520972,59569,53.162925,-27.771407,7661.341,20841.941,415.0,0.03,3.0,8.782,0.06463,0.00276,6.112169,0.37554,-66.784562,48.897354,0.02058,0.04292,0.04763,0.04857,0.04434,0.04498,0.04811,0.05785,0.05483,0.04907,0.05636,0.11353,0.07954,0.05003,0.05998,0.05898,0.00161,5.9E-4,7.8E-4,0.00507,0.00107,0.00177,0.00166,0.00158,0.0038,0.00274,0.00311,0.0027,0.00215,0.0018,0.00336,0.00247,0.33,300,59569,53.162925,-27.771407,3.32,3.32,3.32,3.32,3.32,300,0.0,0.019243129013507585
10013597,+53.12325-27.76939,3.323,7.48,0.13,0.13,0.77,0.2,0.12,0.28,0.01,0.01,7.94,0.1,0.12,P,"R3 , R2 , R , O32",0.0,$â¡$ \\,53.12325,-27.76939,j033229.58m274609.82,5,7311,53.123249,-27.769394,gds-deep-v3_g140m-f070lp_1210_13597.spec.fits,gds-deep-v3,13597,0,,3,3.3345,3.3345,Redshifts match v2 grade=3,ABu23  z=3.323,1,0.36,0.7,1.26,,,,,,,,,FITS   zfit   spl,,,0.014748108226721809,60604,53.12323,-27.769397,11876.79,21083.82,41.0,0.95,0.0,4.998,0.03058,0.0058,2.145255,0.224773,-77.899981,17.162039,0.01139,0.02182,0.03207,0.02887,0.02704,0.02812,0.04081,0.03949,0.0,0.0,0.0,0.0,0.0,0.0,0.0,0.03053,0.00349,0.00384,0.00797,0.00355,0.00399,0.00506,0.02189,0.00609,-99.0,-99.0,-99.0,-99.0,-99.0,-99.0,-99.0,0.00477,0.28,70,60604,53.12323,-27.769397,3.323,3.323,3.323,3.323,3.323,70,0.0,0.06851071849238372
3322,+53.12574-27.81921,3.406,8.04,0.25,0.25,0.63,0.48,0.15,0.39,0.09,0.09,7.81,0.25,0.25,P,R3,1.0,\\,53.12574,-27.81921,j033230.18m274909.17,1,7905,53.125734,-27.819213,gds-deep-v3_prism-clear_1210_13767.spec.fits,gds-deep-v3,13767,0,,3,3.4044,3.4044,Redshifts match v2 grade=3,ABu23  z=3.403,1,5.22,0.6,5.29,,26.1,27.5,41.14,41.47,,,,FITS   zfit   spl,,,0.021945076723394047,39653,53.125743,-27.819204,11610.109,15106.016,237.0,0.02,0.0,4.765,0.02896,0.00126,4.547477,0.454705,79.6113,36.379818,-4.2E-4,0.00797,0.01107,0.00761,0.01161,0.00454,0.01019,0.00913,0.01055,0.01031,0.01313,0.02487,0.01902,0.01592,0.01988,0.01765,0.00368,0.0026,0.00398,0.00181,0.00231,0.0032,0.01382,0.00385,0.00155,0.00105,0.0012,0.00104,7.3E-4,6.5E-4,0.00127,8.8E-4,0.28,100,39653,53.125743,-27.819204,3.403,3.403,3.403,3.403,3.403,100,0.0,0.023617718050331485
7629,+53.16983-27.80344,3.452,8.45,0.09,0.09,0.86,0.1,0.07,0.41,0.02,0.02,8.06,0.13,0.2,P,"R3 , R2 , R , O32",1.0,\\,53.16983,-27.80344,j033240.76m274812.35,1,7907,53.169832,-27.803423,gds-deep-v3_prism-clear_1210_13964.spec.fits,gds-deep-v3,13964,0,,3,3.4473,3.4473,Redshifts match v2 grade=3,ABu23  z=3.456,1,3.77,0.6,5.29,,20.8,26.1,41.34,41.75,,,,FITS   zfit   spl,,,0.061530491490844066,46490,53.169841,-27.803444,6928.375,16996.58,399.0,0.03,2.0,6.755,0.04912,0.00198,5.195325,0.23369,-6.10505,41.562603,0.0113,0.03634,0.04157,0.04053,0.04154,0.02366,0.04752,0.04406,0.04346,0.04041,0.04035,0.06759,0.06051,0.04719,0.05079,0.05344,0.00166,5.9E-4,8.0E-4,0.00489,0.00566,0.00708,0.01464,0.00847,0.00296,0.00233,0.00231,0.00267,0.0014,0.00167,0.00241,0.00171,0.33,0,46490,53.169841,-27.803444,3.452,3.452,3.452,3.452,3.452,0,0.0,0.037872702509566196
3184,+53.15010-27.81971,3.468,8.52,0.11,0.11,6.11,0.66,0.61,1.85,0.03,0.03,7.81,0.07,0.08,P,"R3 , R2 , R , O32 , Ne3O2",0.0,\\,53.1501,-27.81971,j033236.03m274910.93,5,7308,53.150109,-27.819703,gds-deep-v3_g235m-f170lp_1210_13491.spec.fits,gds-deep-v3,13491,0,,3,3.4677,3.4677,Redshifts match v2 grade=3,ABu23  z=3.468,1,2.39,1.7,3.15,,21.6,,41.62,41.81,,,,FITS   zfit   spl,,,0.03815968941446948,39382,53.150105,-27.819706,9024.067,15045.353,810.0,0.03,0.0,7.123,0.17677,0.00199,8.187024,0.49255,14.871731,65.496193,0.02823,0.10251,0.1351,0.13795,0.12591,0.1376,0.11915,0.15642,0.15257,0.15316,0.16511,0.26018,0.2263,0.17862,0.2006,0.20379,0.00246,9.8E-4,0.00129,0.00511,0.00548,0.00731,0.02767,0.00879,0.0044,0.00308,0.0035,0.00308,0.00216,0.00186,0.00364,0.0025,0.5,100,39382,53.150105,-27.819706,3.468,3.468,3.468,3.468,3.468,100,0.0,0.02146608201959273
7809,+53.12972-27.80274,3.578,8.29,0.05,0.05,1.85,0.31,0.23,0.98,0.09,0.09,7.58,0.09,0.08,P,"R3 , R2 , R , O32 , Ne3O2",0.0,\\,53.12972,-27.80274,j033231.14m274809.83,5,7627,53.129737,-27.802731,gds-deep-v3_g140m-f070lp_1210_9694.spec.fits,gds-deep-v3,9694,0,,3,3.569,3.569,Redshift matches gds-deep-v3_g395h-f290lp_1210_9694 z=3.5776,ABu23  z=3.578,1,0.84,0.7,1.26,,,,,,,,,FITS   zfit   spl,,,0.06309007413167178,46663,53.129726,-27.802737,11187.153,17082.359,552.0,0.05,0.0,4.737,0.10397,0.001,5.140238,0.271124,-71.33922,41.121906,0.01459,0.05678,0.0755,0.08464,0.07593,0.08389,0.03025,0.09008,0.0791,0.08247,0.08501,0.12117,0.13031,0.09904,0.09874,0.10944,0.00138,4.9E-4,6.6E-4,0.00312,0.00385,0.00537,0.02013,0.00612,0.00178,0.00134,0.00139,0.00146,8.5E-4,8.8E-4,0.00143,0.00102,0.5,0,46663,53.129726,-27.802737,3.578,3.578,3.578,3.578,3.578,0,0.0,0.02194759900772703
10035295,+53.11434-27.81549,3.589,7.39,0.07,0.07,2.34,0.06,0.05,1.94,0.03,0.03,7.56,0.12,0.1,M,"R3 , R2 , R , O32 , Ne3O2",0.0,$â¡$ \\,53.11434,-27.81549,j033227.44m274855.75,5,7345,53.114342,-27.815487,gds-deep-v3_g235m-f170lp_1210_35295.spec.fits,gds-deep-v3,35295,0,,3,3.5892,3.5892,Redshifts match v2 grade=3,ABu23  z=3.589,1,0.69,1.7,3.15,,22.5,,41.58,41.86,,,,FITS   zfit   spl,,,0.012537638522508106,41318,53.114334,-27.815487,12821.191,15552.015,286.0,0.65,3.0,4.887,0.0444,0.00162,4.447014,0.339224,-49.776855,35.576111,0.02286,0.04486,0.06308,0.05932,0.04897,0.05649,0.03433,0.06422,0.06285,0.0651,0.0685,0.08083,0.0989,0.04902,0.04714,0.05804,0.00734,0.00379,0.00752,0.00365,0.00477,0.00618,0.02542,0.00744,0.00346,0.00236,0.00266,0.00228,0.00161,0.00137,0.00259,0.00188,0.33,300,41318,53.114334,-27.815487,3.589,3.589,3.589,3.589,3.589,300,0.0,0.02194564690376731
6460,+53.12808-27.80739,3.595,8.78,0.07,0.07,0.48,0.11,0.09,0.2,0.05,0.05,8.54,0.06,0.07,P,"R3 , R2 , R , O32",0.0,\\,53.12808,-27.80739,j033230.74m274826.64,1,7903,53.128092,-27.8074,gds-deep-v3_prism-clear_1210_13530.spec.fits,gds-deep-v3,13530,0,,3,3.5832,3.5832,Redshifts match v2 grade=3,ABu23  z=3.573,1,8.88,0.6,5.29,,7.7,4.7,40.87,40.94,,,,FITS   zfit   spl,,,0.05249860234808963,44555,53.128087,-27.807394,11361.237,16523.457,688.0,0.03,2.0,7.376,0.09725,0.00223,8.659174,0.572912,53.558627,69.273392,-0.00282,0.07276,0.07926,0.09239,0.07685,0.08774,0.09966,0.05281,0.0,0.0,0.0,0.0,0.12946,0.11819,0.11703,0.12426,0.01622,0.00815,0.01362,0.0056,0.00713,0.00876,0.02878,0.01077,-99.0,-99.0,-99.0,-99.0,0.00248,0.00221,0.00416,0.00299,0.33,340,44555,53.128087,-27.807394,3.593,3.593,3.593,3.593,3.593,340,0.0,0.026536780433624667
10009506,+53.15301-27.80607,3.599,7.82,0.07,0.07,2.43,0.14,0.13,1.65,0.02,0.02,7.87,0.09,0.09,M,"R3 , R2 , R , O32 , Ne3O2",0.0,\\,53.15301,-27.80607,j033236.72m274821.85,5,7621,53.153014,-27.806068,gds-deep-v3_g235m-f170lp_1210_9506.spec.fits,gds-deep-v3,9506,0,,3,3.5991,3.5991,Redshifts match v2 grade=3,ABu23  z=3.599,1,2.09,1.7,3.15,,23.2,,41.59,41.88,,,,FITS   zfit   spl,,,0.014631392760844679,45307,53.153017,-27.806077,8714.555,16681.064,475.0,0.21,3.0,4.724,0.08027,0.001,4.568144,0.132937,86.305318,36.545155,0.02067,0.07823,0.07659,0.08378,0.06892,0.06457,0.05894,0.07495,0.08399,0.08147,0.07855,0.09596,0.10637,0.07687,0.07724,0.08094,0.00108,4.0E-4,5.3E-4,0.0032,0.0037,0.0048,0.01207,0.00565,0.00164,0.00123,0.00129,0.00132,8.2E-4,8.4E-4,0.00133,9.3E-4,0.33,300,45307,53.153017,-27.806077,3.599,3.599,3.599,3.599,3.599,300,0.0,0.033643614185756385
19519,+53.16609-27.77126,3.604,7.75,0.02,0.02,2.5,0.14,0.16,0.99,0.01,0.01,7.99,0.06,0.06,P,"R3 , R2 , R , O32 , Ne3O2",0.0,\\,53.16609,-27.77126,j033239.86m274616.52,4,7633,53.166089,-27.771255,gds-deep-v3_g235m-f170lp_1210_9873.spec.fits,gds-deep-v3,9873,0,,3,3.6045,3.6045,Redshifts match v2 grade=3,ABu23  z=3.605,1,1.57,1.7,3.15,,26.7,,41.47,41.72,,,,FITS   zfit   spl,,,0.018279670368253655,59751,53.166085,-27.771262,7325.801,20859.186,278.0,0.88,0.0,3.744,0.04882,0.00126,3.415823,0.052793,-54.037344,27.326582,0.00322,0.01769,0.02823,0.03163,0.03039,0.0309,0.0378,0.03563,0.03104,0.03514,0.03865,0.05206,0.06691,0.05151,0.0511,0.05511,9.4E-4,3.4E-4,4.5E-4,0.00266,6.7E-4,0.00111,0.00104,9.5E-4,0.00221,0.00161,0.00182,0.00153,0.00129,0.00108,0.00199,0.00145,0.33,0,59751,53.166085,-27.771262,3.605,3.605,3.605,3.605,3.605,0,0.0,0.017478521142152797
18028,+53.12869-27.77482,3.731,8.84,0.04,0.04,0.4,0.03,0.02,0.25,0.05,0.05,7.73,0.09,0.09,P,"R3 , R2 , R , O32 , Ne3O2",0.0,\\,53.12869,-27.77482,j033230.89m274629.42,5,7304,53.128692,-27.774838,gds-deep-v3_g235m-f170lp_1210_13352.spec.fits,gds-deep-v3,13352,0,,3,3.7294,3.7294,Redshifts match v2 grade=3,ABu23  z=3.731,1,1.06,1.7,3.15,,7.4,,41.3,41.69,,,,FITS   zfit   spl,,,0.06511238537712565,58170,53.128698,-27.774821,11296.168,20432.92,784.0,0.03,0.0,6.059,0.18437,0.00168,5.95716,0.201704,-71.55722,47.657284,0.00601,0.04295,0.07651,0.08912,0.08548,0.08724,0.07507,0.11709,0.08171,0.09846,0.10884,0.18465,0.19804,0.19249,0.18742,0.19177,0.00369,0.00436,0.00806,0.00403,0.00473,0.00651,0.02473,0.00772,0.00264,0.00209,0.00208,0.00246,0.00139,0.00171,0.00234,0.00161,0.5,0,58170,53.128698,-27.774821,3.743,3.743,3.743,3.743,3.743,0,0.0,0.025734874921620784
10016186,+53.11695-27.80283,3.928,8.18,0.01,0.01,2.7,0.15,0.21,1.14,0.02,0.02,8.14,0.11,0.22,M,"R3 , R2 , R , O32",0.0,\\,53.11695,-27.80283,j033228.07m274810.19,5,7334,53.116947,-27.802831,gds-deep-v3_g235m-f170lp_1210_16186.spec.fits,gds-deep-v3,16186,0,,3,3.928,3.928,Redshifts match v2 grade=3,ABu23  z=3.928,1,2.45,1.7,3.15,,,,,42.04,,,,FITS   zfit   spl,,,0.010209021548650722,46456,53.116933,-27.80282,12545.347,17072.334,1619.0,0.03,3.0,9.35,0.24613,0.00315,12.065034,0.436455,-50.001712,96.520271,-0.00259,0.09127,0.14986,0.18401,0.1627,0.18195,0.19901,0.16168,0.19286,0.20576,0.20634,0.25646,0.27572,0.25954,0.21879,0.23262,0.01255,0.00564,0.01232,0.00675,0.00714,0.00938,0.03697,0.01055,0.00566,0.00397,0.00451,0.00389,0.00283,0.00248,0.00454,0.00319,0.33,300,46456,53.116933,-27.80282,3.928,3.928,3.928,3.928,3.928,300,0.0,0.06501224983484
10015193,+53.10889-27.79840,3.957,8.22,0.04,0.04,6.03,0.31,0.35,1.5,0.02,0.02,8.1,0.06,0.06,P,"R3 , R2 , R , O32 , Ne3O2",0.0,\\,53.10889,-27.7984,j033226.13m274754.23,1,7908,53.108892,-27.798398,gds-deep-v3_prism-clear_1210_15193.spec.fits,gds-deep-v3,15193,0,,3,3.955,3.955,Redshifts match v2 grade=3,ABu23  z=3.956,1,16.84,0.6,5.29,,49.5,63.1,42.01,42.47,,,,FITS   zfit   spl,,,0.009612759219366804,48698,53.10889,-27.798398,13399.345,17603.107,167.0,0.34,0.0,4.34,0.1139,0.00756,3.082017,0.01987,-18.727462,24.656136,-0.00339,0.04304,0.07308,0.08341,0.08179,0.09666,0.07799,0.07609,0.0,0.0,0.0,0.0,0.0,0.0,0.0,0.12712,0.00612,0.00276,0.00568,0.00337,0.00386,0.00541,0.02041,0.00624,-99.0,-99.0,-99.0,-99.0,-99.0,-99.0,-99.0,0.00617,0.28,70,48698,53.10889,-27.798398,3.956,3.956,3.956,3.956,3.956,70,0.0,0.007200000005568831
10013578,+53.11875-27.77811,4.022,8.0,0.05,0.05,2.71,0.5,0.23,0.91,0.06,0.06,7.87,0.08,0.09,P,"R3 , R2 , R , O32 , Ne3O2",0.0,\\,53.11875,-27.77811,j033228.50m274641.20,1,7904,53.118752,-27.778112,gds-deep-v3_prism-clear_1210_13578.spec.fits,gds-deep-v3,13578,0,,3,4.0219,4.0219,Redshifts match v2 grade=3,ABu23  z=4.022,1,11.08,0.6,5.29,1.3,54.4,,41.69,42.14,,,,FITS   zfit   spl,,,0.00961354677299111,57006,53.118749,-27.778111,12352.647,20037.947,67.0,0.95,0.0,4.05,0.04208,0.00621,2.415238,0.236939,-21.505712,19.321903,0.00425,0.0234,0.03409,0.042,0.04853,0.03196,0.04602,0.0462,0.0,0.0,0.0,0.0,0.0,0.0,0.0,0.04495,0.00419,0.00306,0.00494,0.00282,0.00403,0.00532,0.01561,0.00612,-99.0,-99.0,-99.0,-99.0,-99.0,-99.0,-99.0,0.00425,0.28,70,57006,53.118749,-27.778111,4.022,4.022,4.022,4.022,4.022,70,0.0,0.004806773385196907
4270,+53.16871-27.81516,4.023,8.19,0.02,0.02,9.0,0.25,0.26,9.12,0.11,0.11,8.04,0.06,0.06,M,"R3 , R2 , R , O32 , Ne3O2",0.0,\\,53.16871,-27.81516,j033240.49m274854.63,5,7619,53.168717,-27.815174,gds-deep-v3_g140m-f070lp_1210_9489.spec.fits,gds-deep-v3,9489,0,,3,4.0251,4.0251,Redshifts match v2 grade=3,CSi23  z=N/A ;  ABu23  z=4.023 ;  CSi23  z=N/A,3,1.51,0.7,1.26,,,,,,,,,FITS   zfit   spl,,,0.05510834413605682,41245,53.168719,-27.815162,7048.013,15590.167,1333.0,0.03,2.0,7.57,0.28316,0.0016,7.791544,0.201828,74.513777,62.332352,0.00671,0.06077,0.15668,0.18094,0.19,0.1941,0.20103,0.21417,0.18366,0.20833,0.22612,0.0,0.5163,0.36979,0.20239,0.2165,0.00209,7.8E-4,0.00105,0.00642,0.00447,0.00744,0.01637,0.00915,0.00597,0.00551,0.00464,-99.0,0.00191,0.00193,0.0027,0.0019,0.33,210,41245,53.168719,-27.815162,4.023,4.023,4.023,4.023,4.023,210,0.0,0.0295470919749056
10015344,+53.11438-27.77158,4.032,8.94,0.02,0.02,12.45,1.31,1.47,0.65,0.01,0.01,8.22,0.06,0.06,P,"R3 , R2 , R , O32 , Ne3O2",0.0,\\,53.11438,-27.77158,j033227.45m274617.70,1,7909,53.114375,-27.771584,gds-deep-v3_prism-clear_1210_15344.spec.fits,gds-deep-v3,15344,0,,3,4.0264,4.0264,Redshifts match v2 grade=3,ABu23  z=4.032,1,18.7,0.6,5.29,-2.7,28.1,,41.64,41.94,,,,FITS   zfit   spl,,,0.021471311200298358,59641,53.114372,-27.771582,12817.538,20821.553,199.0,0.67,0.0,4.38,0.14683,0.00855,3.772684,0.285652,49.063121,30.181469,0.00279,0.04382,0.09334,0.09777,0.09862,0.09869,0.10358,0.10231,0.0,0.0,0.0,0.0,0.0,0.0,0.0,0.16555,0.00342,0.0036,0.00602,0.0034,0.00415,0.00551,0.02102,0.00682,-99.0,-99.0,-99.0,-99.0,-99.0,-99.0,-99.0,0.00579,0.28,70,59641,53.114372,-27.771582,4.03,4.03,4.03,4.03,4.03,70,0.0,0.026480227646637707
10013545,+53.12413-27.79914,4.035,7.95,0.06,0.06,1.7,0.18,0.17,2.63,0.08,0.08,8.08,0.06,0.08,M,"R3 , R2 , R , O32 , Ne3O2",0.0,\\,53.12413,-27.79914,j033229.79m274756.91,5,7309,53.124127,-27.799142,gds-deep-v3_g140m-f070lp_1210_13545.spec.fits,gds-deep-v3,13545,0,,3,4.0422,4.0422,Redshift matches gds-deep-v3_prism-clear_1210_13545 z=4.0382,CSi23  z=N/A ;  ABu23  z=4.035,2,0.67,0.7,1.26,,,,,,,,,FITS   zfit   spl,,,0.011962872496727226,48071,53.124127,-27.799132,11781.58,17515.008,917.0,0.58,3.0,5.105,0.12588,0.00153,7.239804,0.251774,-80.709847,57.91843,0.00311,0.04872,0.10154,0.10621,0.10198,0.12584,0.02765,0.13547,0.11503,0.12075,0.11784,0.15482,0.19745,0.17687,0.13904,0.14861,0.00355,0.00115,0.00162,0.00405,0.00566,0.00741,0.02927,0.0092,0.00232,0.00174,0.00181,0.00187,0.00119,0.00124,0.00189,0.00132,0.33,300,48071,53.124127,-27.799132,4.035,4.035,4.035,4.035,4.035,300,0.0,0.030343208907762535
7507,+53.15548-27.80388,4.044,7.67,0.07,0.07,1.51,0.1,0.08,0.8,0.04,0.04,7.48,0.1,0.09,P,"R3 , R2 , R , O32",1.0,\\,53.15548,-27.80388,j033237.32m274814.01,5,7613,53.155482,-27.803893,gds-deep-v3_g235m-f170lp_1210_9306.spec.fits,gds-deep-v3,9306,0,,3,4.045,4.045,Redshifts match v2 grade=3,CSi23  z=N/A ;  ABu23  z=4.044,2,0.62,1.7,3.15,,,,,41.88,,,,FITS   zfit   spl,,,0.04723135656936113,46336,53.155488,-27.803889,8452.212,16943.672,212.0,0.97,0.0,3.402,0.0258,7.1E-4,3.03241,0.043377,0.93372,24.259277,0.00188,0.02932,0.03539,0.03929,0.03287,0.0265,0.03108,0.02841,0.03947,0.03439,0.03046,0.03345,0.04096,0.03327,0.02008,0.02052,8.4E-4,3.1E-4,4.0E-4,0.00245,7.3E-4,0.00132,0.00112,0.00109,0.00127,9.5E-4,9.8E-4,9.9E-4,5.9E-4,6.3E-4,9.9E-4,7.0E-4,0.28,0,46336,53.155488,-27.803889,4.044,4.044,4.044,4.044,4.044,0,0.0,0.0412157338293153
17777,+53.16743-27.77548,4.134,8.25,0.19,0.19,1.0,0.45,0.18,0.29,0.02,0.02,7.8,0.17,0.16,M,"R3 , R2 , R , O32 , Ne3O2",1.0,\\,53.16743,-27.77548,j033240.18m274631.68,4,7631,53.16743,-27.775468,gds-deep-v3_g235m-f170lp_1210_9858.spec.fits,gds-deep-v3,9858,0,,3,4.1334,4.1334,Redshifts match v2 grade=3,ABu23  z=4.134,1,0.83,1.75,3.15,,,,,41.56,,,,FITS   zfit   spl,,,0.043199999999062995,58021,53.16743,-27.775475,7183.097,20353.455,202.0,0.75,0.0,3.77,0.03145,0.00112,3.35122,0.206351,80.581965,26.809757,-3.0E-5,0.00716,0.01228,0.01614,0.01392,0.01186,0.01463,0.01345,0.01672,0.01397,0.01697,0.02435,0.03815,0.03229,0.02822,0.02809,8.1E-4,3.0E-4,3.9E-4,0.00255,6.0E-4,0.001,9.2E-4,8.6E-4,0.00191,0.00137,0.00156,0.00129,0.00107,9.0E-4,0.00165,0.00122,0.28,0,58021,53.16743,-27.775475,4.134,4.134,4.134,4.134,4.134,0,0.0,0.01800000000247208
7762,+53.11333-27.80299,4.149,8.24,0.02,0.02,4.1,0.29,0.28,1.87,0.03,0.03,8.14,0.06,0.06,M,"R3 , R2 , R , O32 , Ne3O2",0.0,\\,53.11333,-27.80299,j033227.20m274810.77,5,7329,53.113326,-27.802992,gds-deep-v3_g235m-f170lp_1210_15157.spec.fits,gds-deep-v3,15157,0,,3,4.1494,4.1494,Redshifts match v2 grade=3,CSi23  z=N/A ;  ABu23  z=4.149,2,2.4,1.7,2.97,,,,,41.87,,,,FITS   zfit   spl,,,0.014631706892241785,46625,53.113333,-27.802995,12927.536,17051.387,524.0,0.03,0.0,5.038,0.11944,0.00151,4.656541,0.122443,9.76425,37.252331,0.0068,0.03595,0.08598,0.08232,0.07752,0.09051,0.09545,0.06288,0.08517,0.08839,0.08599,0.11836,0.1673,0.14135,0.10311,0.10474,0.00739,0.00354,0.00783,0.00403,0.00428,0.00577,0.02204,0.00681,0.00329,0.00229,0.00259,0.00222,0.0016,0.0014,0.0026,0.00184,0.5,0,46625,53.113333,-27.802995,4.149,4.149,4.149,4.149,4.149,0,0.0,0.020378023665285516
7892,+53.15003-27.80250,4.229,7.76,0.03,0.03,1.96,0.05,0.05,1.17,0.02,0.02,7.76,0.11,0.1,M,"R3 , R2 , R , O32 , Ne3O2",0.0,\\,53.15003,-27.8025,j033236.01m274809.00,5,7618,53.150035,-27.8025,gds-deep-v3_g235m-f170lp_1210_9451.spec.fits,gds-deep-v3,9451,0,,3,4.2289,4.2289,Redshifts match v2 grade=3,CSi23  z=N/A ;  ABu23  z=4.229,2,1.03,1.7,3.15,,,,,41.78,,,,FITS   zfit   spl,,,0.015922091261946953,46855,53.150025,-27.802496,9032.094,17110.971,318.0,0.79,2.0,3.947,0.04276,0.00106,4.355589,0.31521,54.637746,34.844715,-5.6E-4,0.01851,0.04367,0.05534,0.03936,0.04246,0.02721,0.03081,0.0497,0.04124,0.04137,0.04784,0.07871,0.05946,0.0302,0.0328,0.0012,4.4E-4,5.8E-4,0.00323,0.00379,0.00489,0.00914,0.0057,0.00146,0.00107,0.00112,0.00119,7.7E-4,8.0E-4,0.00123,8.9E-4,0.33,200,46855,53.150025,-27.802496,4.229,4.229,4.229,4.229,4.229,200,0.0,0.021467952825137606
6519,+53.15832-27.80724,4.26,7.68,0.04,0.04,2.92,0.08,0.06,1.71,0.03,0.03,7.69,0.07,0.07,P,"R3 , R2 , R , O32 , Ne3O2",0.0,\\,53.15832,-27.80724,j033238.00m274826.02,1,7938,53.158322,-27.807229,gds-deep-v3_prism-clear_1210_9297.spec.fits,gds-deep-v3,9297,0,,3,4.2331,4.2331,Redshifts match v2 grade=3,ABu23  z=4.238 ;  CSi23  z=N/A,2,5.74,0.6,5.29,11.0,48.7,,41.84,42.44,,,,FITS   zfit   spl,,,0.04010883372639168,44803,53.158325,-27.807237,8151.064,16541.713,350.0,0.76,0.0,4.135,0.04307,9.2E-4,4.019712,0.092363,72.073644,32.1577,-0.00109,0.02562,0.04103,0.05181,0.03675,0.04155,0.03566,0.03767,0.05087,0.04325,0.04183,0.04613,0.08226,0.05229,0.03259,0.03412,9.9E-4,3.7E-4,4.9E-4,0.00295,0.00167,0.00229,0.00237,0.00227,0.00153,0.00114,0.00119,0.0012,7.5E-4,7.7E-4,0.0012,8.5E-4,0.33,100,44803,53.158325,-27.807237,4.239,4.239,4.239,4.239,4.239,100,0.0,0.019238785741937922
10001916,+53.13228-27.79811,4.283,6.38,0.06,0.06,0.23,0.02,0.02,0.16,0.02,0.02,7.23,0.21,0.2,M,R3,1.0,\\,53.13228,-27.79811,j033231.75m274753.21,5,7338,53.132276,-27.798113,gds-deep-v3_g235m-f170lp_1210_1916.spec.fits,gds-deep-v3,1916,0,,3,4.2841,4.2841,Redshifts match v2 grade=3,ABu23  z=4.283,1,0.38,1.7,3.15,,,,,41.08,,,,FITS   zfit   spl,,,0.016700341863975652,48887,53.132275,-27.798116,10916.549,17636.955,39.0,0.75,0.0,2.917,0.00279,5.4E-4,1.830411,0.171198,-41.301049,14.64329,9.0E-5,0.00156,0.00289,0.00245,0.00299,0.00712,0.0057,-0.00113,0.00305,0.00217,0.00362,0.00232,0.0054,0.00368,0.00128,0.00201,7.3E-4,2.7E-4,3.5E-4,0.00197,0.00276,0.00389,0.01415,0.00445,0.00104,7.8E-4,8.2E-4,8.2E-4,4.7E-4,5.0E-4,8.1E-4,5.8E-4,0.28,0,48887,53.132275,-27.798116,4.283,4.283,4.283,4.283,4.283,0,0.0,0.026834557174000476
8073,+53.15119-27.80195,4.392,7.7,0.05,0.05,1.68,0.24,0.17,0.5,0.04,0.04,7.82,0.13,0.13,P,"R3 , R2 , R , O32",1.0,$â¡$ \\,53.15119,-27.80195,j033236.29m274807.02,1,7922,53.151199,-27.801951,gds-deep-v3_prism-clear_1210_4818.spec.fits,gds-deep-v3,4818,0,,3,4.3919,4.3919,Redshifts match v2 grade=3,ABu23  z=4.393,1,4.69,0.6,5.29,-3.3,32.8,,41.58,41.98,,,,FITS   zfit   spl,,,0.028885124074137715,47149,53.151196,-27.801948,8907.841,17176.701,217.0,0.67,0.0,3.823,0.02611,7.1E-4,3.540563,0.213496,-87.655551,28.324503,-2.0E-5,0.00572,0.01423,0.01667,0.0191,0.01264,0.02249,0.0137,0.01937,0.02031,0.01971,0.02443,0.03728,0.0296,0.02285,0.02244,9.5E-4,3.6E-4,4.6E-4,0.00257,0.00142,0.00187,0.00213,0.00181,0.00113,8.4E-4,8.7E-4,9.4E-4,5.5E-4,6.3E-4,9.2E-4,6.6E-4,0.28,0,47149,53.151196,-27.801948,4.392,4.392,4.392,4.392,4.392,0,0.0,0.020418188141388027
10000626,+53.14700-27.81303,4.464,6.72,0.2,0.2,0.34,0.02,0.02,0.29,0.02,0.02,7.29,0.12,0.11,M,R3,1.0,$â¡$ \\,53.147,-27.81303,j033235.28m274846.92,5,7591,53.146999,-27.813034,gds-deep-v3_g235m-f170lp_1210_626.spec.fits,gds-deep-v3,626,0,,3,4.4649,4.4649,Redshifts match v2 grade=3,ABu23  z=4.464,1,0.49,1.7,3.1,,,,,41.5,,,,FITS   zfit   spl,,,0.014747832151606702,42371,53.147,-27.813031,9353.543,15846.598,61.0,0.96,0.0,2.833,0.00481,4.0E-4,2.324034,0.180584,52.675322,18.592274,1.1E-4,0.00398,0.00535,0.00697,0.00282,0.00167,-0.01686,0.00808,0.00462,0.0065,0.00442,0.00558,0.0083,0.0056,0.00311,0.00443,6.8E-4,2.5E-4,3.2E-4,0.00202,0.00277,0.00386,0.01443,0.00445,8.3E-4,6.3E-4,5.8E-4,5.7E-4,3.5E-4,3.7E-4,6.0E-4,4.4E-4,0.28,0,42371,53.147,-27.813031,4.465,4.465,4.465,4.465,4.465,0,0.0,0.0035999999913344186
17072,+53.17022-27.77739,4.702,8.3,0.04,0.04,0.75,0.08,0.06,0.53,0.06,0.06,8.28,0.06,0.07,P,"R3 , R2 , R , O32",1.0,$â¡$ \\,53.17022,-27.77739,j033240.84m274638.71,8,21837,53.170225,-27.777394,gds-deep-v3_g235m-f170lp_1210_9849.spec.fits,gds-deep-v3,9849,0,,3,4.7023,4.7023,Redshifts match v2 grade=3,ABu23  z=4.702,1,0.15,1.81,3.15,,,,,41.6,,,,FITS   zfit   spl,,,0.02147068032394743,57169,53.170234,-27.777385,6885.435,20124.154,514.0,0.02,2.0,8.238,0.05279,0.00165,8.108221,0.51693,-25.974321,64.865768,-0.00172,0.01141,0.04492,0.03815,0.04791,0.04224,0.047,0.04275,0.05212,0.05156,0.047,0.04956,0.08332,0.06698,0.06093,0.05151,0.00227,8.2E-4,0.00109,0.00686,0.00143,0.00246,0.00221,0.00203,0.00372,0.00263,0.003,0.00249,0.0022,0.00187,0.00349,0.00266,0.33,200,57169,53.170234,-27.777385,4.702,4.702,4.702,4.702,4.702,200,0.0,0.04808804685948898
18090,+53.16718-27.77462,4.775,7.86,0.03,0.03,4.91,0.1,0.1,3.93,0.29,0.29,7.84,0.08,0.08,M,"R3 , R2 , R , O32 , Ne3O2",0.0,\\,53.16718,-27.77462,j033240.12m274628.58,9,7635,53.167185,-27.774606,gds-deep-v3_g140m-f070lp_1210_9891.spec.fits,gds-deep-v3,9891,0,,3,4.7727,4.7727,Redshifts match v2 grade=3,CSi23  z=N/A ;  ABu23  z=4.775,2,0.85,0.7,1.26,-0.3,,,,,,,,FITS   zfit   spl,,,0.052856438315148524,58236,53.16718,-27.774616,7209.694,20456.672,570.0,0.03,0.0,5.933,0.13795,0.00183,6.361997,0.47182,-62.567649,50.895977,0.0021,0.00635,0.04268,0.05091,0.06449,0.06688,0.06662,0.06845,0.06431,0.07153,0.07151,0.0902,0.22843,0.15954,0.1185,0.1129,0.00135,4.9E-4,6.5E-4,0.00438,8.8E-4,0.00143,0.00133,0.0012,0.00316,0.0023,0.00261,0.00218,0.00193,0.00158,0.00283,0.00209,0.5,0,58236,53.16718,-27.774616,4.774,4.774,4.774,4.774,4.774,0,0.0,0.014399999988237667
7938,+53.16268-27.80237,4.806,8.07,0.03,0.03,3.22,0.07,0.07,1.69,0.03,0.03,7.81,0.08,0.08,M,"R3 , R2 , R , O32 , Ne3O2",0.0,\\,53.16268,-27.80237,j033239.04m274808.53,5,7628,53.162677,-27.802369,gds-deep-v3_g140m-f070lp_1210_9695.spec.fits,gds-deep-v3,9695,0,,3,4.8053,4.8053,Redshifts match v2 grade=3,CSi23  z=N/A ;  ABu23  z=4.806,2,1.61,0.7,1.26,-1.4,,,,,,,,FITS   zfit   spl,,,0.010209059475918537,46945,53.162685,-27.802374,7688.086,17125.281,369.0,0.03,0.0,4.594,0.05243,9.6E-4,4.671209,0.247646,3.040392,37.369675,0.00127,0.01075,0.05066,0.06105,0.06049,0.06041,0.05484,0.05382,0.06483,0.0668,0.05869,0.05776,0.10248,0.06772,0.04701,0.04311,0.00112,4.0E-4,5.4E-4,0.00327,7.4E-4,0.00129,0.00115,0.00107,0.0028,0.00192,0.0022,0.0018,8.5E-4,8.7E-4,0.00135,9.7E-4,0.33,0,46945,53.162685,-27.802374,4.806,4.806,4.806,4.806,4.806,0,0.0,0.021467966548916285
4009,+53.15705-27.81629,4.866,8.04,0.1,0.1,2.11,0.41,0.37,1.27,0.07,0.07,7.66,0.12,0.11,P,"R3 , R2 , R , O32 , Ne3O2",1.0,\\,53.15705,-27.81629,j033237.70m274858.69,1,7924,53.157067,-27.816303,gds-deep-v3_prism-clear_1210_5223.spec.fits,gds-deep-v3,5223,0,,3,4.8627,4.8627,Redshifts match v2 grade=3,ABu23  z=4.864,1,4.08,0.6,5.29,-4.4,29.2,,41.44,41.74,,,,FITS   zfit   spl,,,0.07155491485061324,40922,53.157065,-27.816302,8285.179,15453.711,277.0,0.74,3.0,4.117,0.0261,0.00102,5.285279,0.423975,48.186616,42.282234,-4.8E-4,0.00362,0.02404,0.02473,0.02559,0.0278,-0.06261,0.01523,0.0343,0.03274,0.03093,0.02749,0.03974,0.03306,0.03022,0.02802,0.00113,4.2E-4,5.7E-4,0.00338,0.00318,0.00515,0.02691,0.00608,0.00171,0.00127,0.00133,0.00133,7.9E-4,8.2E-4,0.00134,9.6E-4,0.33,300,40922,53.157065,-27.816302,4.864,4.864,4.864,4.864,4.864,300,0.0,0.06439935900815108
17260,+53.12689-27.77689,4.885,7.97,0.12,0.12,0.44,0.05,0.04,0.23,0.03,0.03,7.27,0.12,0.11,P,R3,1.0,\\,53.12689,-27.77689,j033230.45m274636.83,8,7319,53.126886,-27.776896,gds-deep-v3_g235m-f170lp_1210_13854.spec.fits,gds-deep-v3,13854,0,,3,4.8858,4.8858,Redshifts match v2 grade=3,ABu23  z=4.885,1,0.73,1.7,3.15,,,,,41.28,,,,FITS   zfit   spl,,,0.025077574872941478,57478,53.126891,-27.776889,11488.107,20184.689,153.0,0.51,0.0,4.607,0.01689,9.6E-4,3.66065,0.305572,-88.471089,29.2852,-0.00324,0.00347,0.02464,0.02932,0.02631,0.0221,-0.01759,0.0216,0.03147,0.02904,0.02698,0.02227,0.02276,0.0184,0.01713,0.01434,0.00405,0.00306,0.00535,0.00267,0.0038,0.00501,0.02059,0.00594,0.00186,0.00147,0.00143,0.00164,8.5E-4,0.00101,0.00145,0.00105,0.28,100,57478,53.126891,-27.776889,4.885,4.885,4.885,4.885,4.885,100,0.0,0.0048067970853105475
8113,+53.12300-27.80176,4.903,7.8,0.05,0.05,2.48,0.25,0.16,0.87,0.04,0.04,7.88,0.08,0.08,P,"R3 , R2 , R , O32 , Ne3O2",0.0,\\,53.123,-27.80176,j033229.52m274806.31,5,7318,53.123005,-27.801753,gds-deep-v3_g235m-f170lp_1210_13846.spec.fits,gds-deep-v3,13846,0,,3,4.9042,4.9042,Redshifts match v2 grade=3,ABu23  z=4.903,1,1.32,1.7,3.15,,,,,,,,,FITS   zfit   spl,,,0.029808664164302962,47193,53.123002,-27.801759,11901.006,17199.686,339.0,0.75,2.0,4.276,0.04296,8.9E-4,4.786759,0.369517,-46.920104,38.294071,0.00292,0.00539,0.01151,0.01999,0.02033,0.01988,-0.0203,0.01756,0.02564,0.03169,0.03094,0.03595,0.06377,0.04809,0.05025,0.03986,0.00798,0.0027,0.00603,0.00278,0.00389,0.00521,0.02264,0.00611,0.00186,0.00146,0.00145,0.00163,7.4E-4,7.7E-4,0.00124,8.7E-4,0.33,200,47193,53.123002,-27.801759,4.903,4.903,4.903,4.903,4.903,200,0.0,0.00731591631279773
5759,+53.14946-27.80979,5.052,7.4,0.1,0.1,1.25,0.08,0.09,0.83,0.04,0.04,7.58,0.24,0.18,M,"R3 , R2 , R , O32",1.0,\\,53.14946,-27.80979,j033235.87m274835.27,7,21763,53.149463,-27.809795,gds-rieke-v3_g140m-f100lp_1207_105635.spec.fits,gds-rieke-v3,105635,0,,1,5.0332,5.645,,ABu23  z=5.052,1,0.61,0.98,1.88,,,,,,,,,FITS   zfit   spl,,,0.020377743374333283,43719,53.14946,-27.809797,9092.343,16234.685,141.0,0.95,0.0,3.507,0.01491,5.1E-4,3.444452,0.333343,-34.420877,27.555613,-1.0E-5,0.00126,0.01238,0.01301,0.01525,0.02045,-0.01113,0.01227,0.01541,0.01529,0.01465,0.01261,0.02578,0.01552,0.02725,0.01903,9.0E-4,3.3E-4,4.3E-4,0.00248,0.00344,0.00472,0.01841,0.00556,9.2E-4,6.8E-4,7.2E-4,6.9E-4,4.7E-4,4.8E-4,8.1E-4,5.8E-4,0.28,0,43719,53.14946,-27.809797,5.052,5.052,5.052,5.052,5.052,0,0.0,0.025199999996590915
10015338,+53.11535-27.77289,5.076,7.94,0.04,0.04,3.64,0.15,0.19,1.89,0.05,0.05,7.57,0.08,0.08,P,"R3 , R2 , R , O32 , Ne3O2",0.0,$â¡$ \\,53.11535,-27.77289,j033227.68m274622.42,5,7330,53.115345,-27.772894,gds-deep-v3_g235m-f170lp_1210_15338.spec.fits,gds-deep-v3,15338,0,,3,5.0772,5.0772,Redshifts match v2 grade=3,ABu23  z=5.077,1,0.61,1.7,3.15,,,,,42.29,,,,FITS   zfit   spl,,,0.02147116897204769,59160,53.115319,-27.772899,12716.911,20663.564,69.0,0.95,0.0,3.284,0.04184,0.00558,2.199491,0.129391,0.884924,17.59593,-0.00495,8.2E-4,0.01848,0.0351,0.06319,0.06501,0.03556,0.04684,0.0,0.0,0.0,0.0,0.0,0.0,0.0,0.06336,0.00321,0.00332,0.00598,0.00293,0.00413,0.00554,0.02241,0.00666,-99.0,-99.0,-99.0,-99.0,-99.0,-99.0,-99.0,0.00517,0.28,70,59160,53.115319,-27.772899,5.076,5.076,5.076,5.076,5.076,70,0.0,0.10392356671962416
9452,+53.11583-27.79755,5.122,8.13,0.17,0.17,4.17,1.17,0.97,1.19,0.11,0.11,7.92,0.21,0.22,P,R3,0.0,$â¡$ \\,53.11583,-27.79755,j033227.80m274751.18,7,21773,53.115838,-27.79755,gds-rieke-v3_g140m-f100lp_1207_203112.spec.fits,gds-rieke-v3,203112,0,,3,5.1188,5.1188,Redshift matches gds-deep-v3_g140m-f070lp_1210_36976 z=5.1119,ABu23  z=5.122,1,0.49,0.98,1.88,,,,,,,,,FITS   zfit   spl,,,0.025476506399255826,49004,53.115834,-27.797549,12662.076,17704.959,266.0,0.85,0.0,3.769,0.0326,7.8E-4,3.727292,0.144452,8.760851,29.818333,0.01825,0.00256,0.01673,0.0199,0.03104,0.03357,0.04214,0.03177,0.02778,0.03201,0.02855,0.02815,0.05977,0.03016,0.05666,0.04091,0.00584,0.00252,0.00566,0.00256,0.00359,0.0047,0.01908,0.0056,0.00138,0.00104,0.00108,0.00108,6.6E-4,6.6E-4,0.00111,7.7E-4,0.28,0,49004,53.115834,-27.797549,5.122,5.122,5.122,5.122,5.122,0,0.0,0.013237186109248495
4902,+53.11852-27.81297,5.123,8.69,0.03,0.03,1.77,0.41,0.24,0.5,0.02,0.02,8.22,0.07,0.09,P,"R3 , R2 , R , O32",1.0,\\,53.11852,-27.81297,j033228.45m274846.70,1,7902,53.118529,-27.812971,gds-deep-v3_prism-clear_1210_13510.spec.fits,gds-deep-v3,13510,0,,3,5.1233,5.1233,Redshifts match v2 grade=3,ABu23  z=5.123,1,13.07,0.6,5.29,-0.8,25.7,,41.43,41.73,,,,FITS   zfit   spl,,,0.02888223968201243,42303,53.118529,-27.812972,12375.876,15853.968,322.0,0.87,0.0,4.001,0.06792,0.00122,4.137171,0.307295,-44.169032,33.09737,-2.0E-4,0.00132,0.02417,0.0332,0.05085,0.04595,0.04308,0.06123,0.05072,0.05336,0.05358,0.05202,0.08321,0.07061,0.08545,0.08267,0.0059,0.00276,0.00573,0.00271,0.00376,0.00476,0.01859,0.0055,0.00262,0.00179,0.00204,0.00171,0.00128,0.00109,0.00209,0.00148,0.33,100,42303,53.118529,-27.812972,5.123,5.123,5.123,5.123,5.123,100,0.0,0.029547652383622034
9743,+53.12300-27.79661,5.44,7.48,0.08,0.08,2.8,0.28,0.23,3.21,0.32,0.32,7.43,0.26,0.2,M,R3,0.0,\\,53.123,-27.79661,j033229.52m274747.83,5,7341,53.123005,-27.796619,gds-deep-v3_g140m-f070lp_1210_2075.spec.fits,gds-deep-v3,2075,0,,3,5.427,5.427,Redshifts match v2 grade=3,ABu23  z=5.440 ;  CSi23  z=N/A,2,0.15,0.7,1.26,2.2,,,,,,,,FITS   zfit   spl,,,0.036101252754666184,49443,53.123006,-27.796613,11900.592,17817.328,136.0,0.97,0.0,3.004,0.02106,6.1E-4,2.556633,0.037537,-26.894614,20.453064,-7.1E-4,0.00153,0.003,0.00528,0.01333,0.00993,0.00249,0.00207,0.01239,0.01492,0.01405,0.01399,0.01399,0.02705,0.03398,0.02039,8.5E-4,3.1E-4,4.1E-4,0.00206,0.00318,0.00425,0.01637,0.00482,0.00115,8.7E-4,9.0E-4,9.0E-4,5.3E-4,5.7E-4,9.4E-4,6.6E-4,0.28,0,49443,53.123006,-27.796613,5.44,5.44,5.44,5.44,5.44,0,0.0,0.021948536833868108
9343,+53.12874-27.79787,5.443,7.25,0.37,0.37,0.14,0.1,0.06,0.39,0.09,0.09,7.73,0.15,0.18,P,"R2 , Ne3O2",0.0,\\,53.12874,-27.79787,j033230.90m274752.37,4,7339,53.128734,-27.79788,gds-deep-v3_g395h-f290lp_1210_1939.spec.fits,gds-deep-v3,1939,0,,3,5.4434,5.4434,Redshift matches gds-deep-v3_g395m-f290lp_1210_1939 z=5.4437,ABu23  z=5.443 ;  CSi23  z=N/A,2,0.25,2.88,4.91,,10.4,,41.68,41.64,,,,FITS   zfit   spl,,,0.04075646916985971,48888,53.128736,-27.797875,11292.228,17665.848,201.0,0.41,0.0,3.913,0.02185,8.8E-4,3.262151,0.096372,51.044327,26.09721,1.9E-4,2.9E-4,0.00471,0.00618,0.00711,0.0069,0.02988,0.01446,0.01316,0.0146,0.01367,0.01403,0.01527,0.02822,0.02998,0.02167,0.00102,3.8E-4,5.0E-4,0.00266,0.00387,0.00537,0.01557,0.00619,0.00147,0.0011,0.00116,0.00116,6.7E-4,7.3E-4,0.00118,8.4E-4,0.28,100,48888,53.128736,-27.797875,5.443,5.443,5.443,5.443,5.443,100,0.0,0.02205135215074863
10016374,+53.11572-27.77496,5.503,7.63,0.05,0.05,2.38,0.09,0.07,1.17,0.03,0.03,7.75,0.07,0.07,P,"R3 , R2 , R , O32 , Ne3O2",0.0,\\,53.11572,-27.77496,j033227.77m274629.84,5,7335,53.115717,-27.774955,gds-deep-v3_g235m-f170lp_1210_16374.spec.fits,gds-deep-v3,16374,0,,3,5.5059,5.5059,Redshifts match v2 grade=3,ABu23  z=5.504,1,0.88,1.7,3.15,,,,,,,,,FITS   zfit   spl,,,0.020379178786695443,58336,53.115726,-27.774956,12673.739,20416.617,41.0,0.95,0.0,4.462,0.03598,0.00638,1.950938,0.293679,73.346955,15.607501,3.8E-4,0.00185,0.00759,0.01264,0.02948,0.03509,0.05481,0.04244,0.0,0.0,0.0,0.0,0.0,0.0,0.0,0.04624,0.00372,0.00392,0.00732,0.00331,0.00464,0.00569,0.02394,0.00677,-99.0,-99.0,-99.0,-99.0,-99.0,-99.0,-99.0,0.0057,0.28,70,58336,53.115726,-27.774956,5.503,5.503,5.503,5.503,5.503,70,0.0,0.023929139298844885
6246,+53.12972-27.80818,5.562,7.78,0.11,0.11,3.0,0.55,0.53,0.59,0.03,0.03,7.52,0.16,0.12,M,"R3 , R2 , R , O32",1.0,\\,53.12972,-27.80818,j033231.14m274829.48,2,22476,53.129727,-27.808178,gds-rieke-v3_g140m-f100lp_1207_106885.spec.fits,gds-rieke-v3,106885,0,,1,1.9483,1.9484,,CSi23  z=N/A ;  ABu23  z=5.562,2,0.33,0.98,1.88,,,,,40.36,,,,FITS   zfit   spl,,,0.02342378102362497,44476,53.129724,-27.80818,11187.394,16429.129,170.0,0.48,0.0,3.938,0.02156,0.001,3.275019,0.243445,-35.569367,26.20015,-0.00283,6.2E-4,0.00997,0.00558,0.00817,0.01317,0.01718,0.01079,0.00982,0.01311,0.01068,0.01117,0.01368,0.01752,0.01583,0.01401,0.00445,0.00253,0.00429,0.00193,0.00251,0.00357,0.01381,0.00405,0.00163,0.0011,0.00125,0.00106,7.6E-4,6.8E-4,0.00132,9.5E-4,0.28,0,44476,53.129724,-27.80818,5.562,5.562,5.562,5.562,5.562,0,0.0,0.012737007098320853
16745,+53.13002-27.77839,5.567,8.26,0.03,0.03,6.45,0.26,0.27,2.19,0.04,0.04,8.13,0.06,0.06,P,"R3 , R2 , R , O32 , Ne3O2",0.0,\\,53.13002,-27.77839,j033231.20m274642.25,5,7310,53.13001,-27.778402,gds-deep-v3_g235m-f170lp_1210_13577.spec.fits,gds-deep-v3,13577,0,,3,5.5682,5.5682,Redshifts match v2 grade=3,CSi23  z=N/A ;  ABu23  z=5.567,2,1.61,1.7,3.15,,,,,,,,,FITS   zfit   spl,,,0.05367254162587041,56786,53.130052,-27.778388,11152.42,20004.709,612.0,0.03,19.0,10.013,0.17075,0.0019,9.109794,0.61821,-8.131313,72.878349,0.00194,0.01006,0.04386,0.03409,0.09168,0.103,0.10838,0.09594,0.10614,0.11105,0.09553,0.09123,0.09943,0.13965,0.10539,0.11386,0.00653,0.00274,0.00383,0.00466,0.00605,0.00731,0.03077,0.00916,0.00332,0.0026,0.00255,0.00295,0.00157,0.00197,0.00273,0.0019,0.33,300,56786,53.130052,-27.778388,5.567,5.567,5.567,5.567,5.567,300,0.0,0.10217797696707111
6384,+53.13059-27.80771,5.615,8.42,0.13,0.13,1.84,0.77,0.53,0.44,0.07,0.07,7.3,0.05,0.07,P,R3,1.0,\\,53.13059,-27.80771,j033231.34m274827.81,5,7320,53.130574,-27.807725,gds-deep-v3_g395m-f290lp_1210_13877.spec.fits,gds-deep-v3,13877,0,,3,5.615,5.615,Redshifts match v2 grade=3,ABu23  z=5.615,1,0.59,2.88,5.01,,4.7,,41.15,41.43,,,,FITS   zfit   spl,,,0.0742409839358849,44650,53.130581,-27.807722,11096.401,16484.025,251.0,0.03,2.0,5.284,0.02967,0.00154,4.342682,0.262616,-24.813642,34.741459,-0.00224,-2.4E-4,0.00947,0.00593,0.02454,0.01944,0.05284,0.0147,0.01696,0.01744,0.01585,0.01542,0.02755,0.02744,0.0257,0.0231,0.00648,0.00332,0.00573,0.00313,0.00379,0.00512,0.01932,0.00588,0.00254,0.00175,0.00201,0.00166,0.00123,0.00106,0.00212,0.00153,0.28,300,44650,53.130581,-27.807722,5.615,5.615,5.615,5.615,5.615,300,0.0,0.05184152025834731
4404,+53.11537-27.81477,5.764,7.87,0.04,0.04,3.3,0.19,0.13,3.72,0.12,0.12,7.73,0.09,0.09,M,"R3 , R2 , R , O32 , Ne3O2",0.0,\\,53.11537,-27.81477,j033227.69m274853.16,5,7327,53.11537,-27.814768,gds-deep-v3_g235m-f170lp_1210_15099.spec.fits,gds-deep-v3,15099,0,,3,5.7648,5.7648,Redshifts match v2 grade=3,ABu23  z=5.763 ;  CSi23  z=N/A,2,1.16,1.7,3.15,,,,,,,,,FITS   zfit   spl,,,0.007199999994118834,41614,53.11538,-27.814774,12710.201,15637.663,306.0,0.85,0.0,4.077,0.05711,0.0014,3.694684,0.158939,-27.34091,29.557474,0.00292,5.7E-4,0.00999,0.01514,0.04209,0.03324,0.06842,0.0614,0.02949,0.04387,0.04062,0.0411,0.03864,0.06523,0.01818,0.04873,0.00566,0.00274,0.00561,0.00275,0.0036,0.00496,0.01839,0.00571,0.00251,0.00176,0.00197,0.00167,0.00116,0.00106,0.00194,0.00142,0.33,100,41614,53.11538,-27.814774,5.764,5.764,5.764,5.764,5.764,100,0.0,0.034945427054386684
22251,+53.15407-27.76607,5.798,7.89,0.03,0.03,4.68,0.12,0.13,4.75,0.11,0.11,7.88,0.08,0.07,M,"R3 , R2 , R , O32 , Ne3O2",0.0,$â¡$ \\,53.15407,-27.76607,j033236.98m274557.82,9,7629,53.154087,-27.766062,gds-deep-v3_g235m-f170lp_1210_9842.spec.fits,gds-deep-v3,9842,0,,3,5.8017,5.8017,Redshifts match v2 grade=3,ABu23  z=5.798,1,1.08,1.7,3.15,,,,,,,,,FITS   zfit   spl,,,0.061335263846662644,61773,53.154069,-27.766074,8601.673,21482.34,378.0,0.08,0.0,4.55,0.07995,0.0016,4.125479,0.121463,24.371104,33.00383,1.5E-4,4.9E-4,0.00366,0.01398,0.03795,0.03552,0.04054,0.03679,0.0,0.0,0.0,0.0,0.05092,0.09181,0.03528,0.06111,0.001,3.7E-4,4.9E-4,0.003,7.0E-4,0.00119,0.0011,0.001,-99.0,-99.0,-99.0,-99.0,0.00142,0.00128,0.00222,0.00164,0.33,40,61773,53.154069,-27.766074,5.797,5.797,5.797,5.797,5.797,40,0.0,0.0147481292288553
10056849,+53.11351-27.77284,5.814,7.07,0.06,0.06,1.12,0.05,0.04,1.98,0.17,0.17,7.42,0.09,0.09,P,"R3 , R2 , R , O32 , Ne3O2",0.0,$â¡$ \\,53.11351,-27.77284,j033227.24m274622.21,5,7371,53.113511,-27.772836,gds-deep-v3_g140m-f070lp_1210_56849.spec.fits,gds-deep-v3,56849,0,,3,5.8171,5.8171,Redshifts match v2 grade=3,ABu23  z=5.814 ;  JWi23  z=5.814,2,0.63,0.7,1.26,8.9,,,,,,,,FITS   zfit   spl,,,0.014748086441702186,59243,53.113535,-27.772827,12906.404,20672.205,5.0,0.65,16.0,3.113,0.01643,0.00347,0.870195,0.613688,64.478894,7.385334,-0.00552,2.9E-4,0.00492,0.00577,0.00715,0.01038,0.00626,0.00754,0.0,0.0,0.0,0.0,0.0,0.0,0.0,0.01236,0.00176,0.00169,0.00279,0.00151,0.0021,0.00253,0.01017,0.00298,-99.0,-99.0,-99.0,-99.0,-99.0,-99.0,-99.0,0.00298,0.28,70,59243,53.113535,-27.772827,5.814,5.814,5.814,5.814,5.814,70,0.0,0.0923662505704403
10005113,+53.16730-27.80287,5.821,7.02,0.03,0.03,1.04,0.05,0.05,0.65,0.12,0.12,7.76,0.25,0.24,M,R3,1.0,\\,53.1673,-27.80287,j033240.15m274810.33,5,7362,53.167303,-27.80287,gds-deep-v3_g235m-f170lp_1210_5113.spec.fits,gds-deep-v3,5113,0,,3,5.8246,5.8246,Redshifts match v2 grade=3,ABu23  z=5.821,1,0.34,1.7,3.15,,,,,,,,,FITS   zfit   spl,,,0.009553222210702064,46794,53.167304,-27.802874,7197.746,17065.072,111.0,0.48,0.0,3.655,0.01145,9.4E-4,2.784322,0.178431,-55.629684,22.274572,3.1E-4,-5.8E-4,0.00142,0.00369,0.00803,0.00788,0.0091,0.00666,0.00507,0.00924,0.00912,0.00725,0.00695,0.01191,0.00311,0.00966,7.7E-4,2.8E-4,3.7E-4,0.00223,6.8E-4,0.0012,0.00108,9.9E-4,0.00137,0.0011,0.00107,0.00123,6.2E-4,7.6E-4,0.00111,7.9E-4,0.28,0,46794,53.167304,-27.802874,5.821,5.821,5.821,5.821,5.821,0,0.0,0.019225171075502326
19606,+53.17655-27.77111,5.889,7.23,0.03,0.03,1.68,0.04,0.04,1.33,0.04,0.04,7.66,0.09,0.08,P,"R3 , R2 , R , O32 , Ne3O2",1.0,\\,53.17655,-27.77111,j033242.37m274615.98,5,7617,53.17655,-27.771106,gds-deep-v3_g235m-f170lp_1210_9414.spec.fits,gds-deep-v3,9414,0,,3,5.8792,5.8792,Redshifts match v2 grade=3,ABu23  z=5.889 ;  CSi23  z=N/A ;  CSi23  z=N/A ;  JWi23  z=5.889,4,0.39,1.7,3.15,,,,,,,,,FITS   zfit   spl,,,0.014399999999687664,59790,53.176552,-27.771114,6214.185,20876.576,276.0,0.02,0.0,5.156,0.03845,9.1E-4,4.808671,0.396238,46.278725,38.469372,7.9E-4,6.9E-4,0.01155,0.01859,0.02413,0.02228,0.02662,0.02319,0.03424,0.02764,0.02351,0.02322,0.02586,0.04424,0.02054,0.02806,0.00111,4.0E-4,5.2E-4,0.00326,7.7E-4,0.00144,0.00124,0.00119,0.00154,0.00117,0.00123,0.00127,8.0E-4,8.4E-4,0.00129,9.9E-4,0.33,0,59790,53.176552,-27.771114,5.889,5.889,5.889,5.889,5.889,0,0.0,0.015746285406933715
10013620,+53.12259-27.76057,5.918,8.3,0.05,0.05,2.35,0.2,0.17,1.18,0.06,0.06,7.93,0.12,0.14,M,"R3 , R2 , R , O32 , Ne3O2",0.0,\\,53.12259,-27.76057,j033229.42m274538.05,9,7314,53.12259,-27.760569,gds-deep-v3_g395h-f290lp_1210_13620.spec.fits,gds-deep-v3,13620,0,,3,5.9178,5.9178,Redshifts match v2 grade=3,ABu23  z=5.918,1,0.66,2.88,4.08,,,,,42.03,,,,FITS   zfit   spl,,,0.0036000000027844154,63961,53.122569,-27.760588,11947.051,22141.1,147.0,0.18,0.0,5.346,0.07378,0.0067,4.510425,0.540731,-33.214378,36.083401,-0.0046,0.00224,-0.0026,0.02516,0.0817,0.07177,0.11062,0.06348,0.0,0.0,0.0,0.0,0.0,0.0,0.0,0.07859,0.0039,0.00415,0.00846,0.00392,0.00476,0.00655,0.02407,0.00758,-99.0,-99.0,-99.0,-99.0,-99.0,-99.0,-99.0,0.0054,0.28,70,63961,53.122569,-27.760588,5.919,5.919,5.919,5.919,5.919,70,0.0,0.09313677032789067
9422,+53.12175-27.79763,5.936,7.71,0.0,0.0,5.35,0.04,0.03,20.38,0.78,0.78,7.53,0.07,0.07,M,"R3 , R2 , R , O32 , Ne3O2",0.0,$â¡$ \\,53.12175,-27.79763,j033229.22m274751.48,5,7301,53.121759,-27.797633,gds-deep-v3_g140m-f070lp_1210_13176.spec.fits,gds-deep-v3,13176,0,,3,5.9352,5.9352,Redshifts match v2 grade=3,JWi23  z=5.937 ;  ABu23  z=5.936 ;  CSi23  z=N/A,3,2.31,0.7,1.26,24.3,,,,,,,,FITS   zfit   spl,,,0.0306283477369552,48941,53.121759,-27.797637,12033.037,17694.42,375.0,0.98,0.0,3.338,0.07578,8.0E-4,3.459228,0.060435,-85.16223,27.673826,0.00138,0.00262,0.01308,0.011,0.04441,0.04506,0.06141,0.02857,0.03604,0.05404,0.04365,0.04326,0.04281,0.08798,0.02339,0.05288,0.00178,5.9E-4,8.2E-4,0.00206,0.00299,0.00402,0.01531,0.00455,0.00116,8.8E-4,9.1E-4,9.2E-4,5.5E-4,6.3E-4,9.0E-4,6.6E-4,0.33,0,48941,53.121759,-27.797637,5.936,5.936,5.936,5.936,5.936,0,0.0,0.03816406234610714
6002,+53.11041-27.80892,5.937,7.65,0.05,0.05,1.32,0.09,0.08,1.79,0.08,0.08,7.65,0.12,0.1,M,"R3 , R2 , R , O32 , Ne3O2",1.0,\\,53.11041,-27.80892,j033226.50m274832.11,5,7328,53.110418,-27.808921,gds-deep-v3_g140m-f070lp_1210_15125.spec.fits,gds-deep-v3,15125,0,,3,5.9356,5.9356,Redshifts match v2 grade=3,CSi23  z=N/A ;  JWi23  z=5.937 ;  ABu23  z=5.937,3,1.02,0.7,1.26,10.2,,,,,,,,FITS   zfit   spl,,,0.02572696156574246,44086,53.110418,-27.808927,13236.927,16339.373,156.0,0.65,0.0,3.762,0.02032,9.6E-4,3.039138,0.158798,75.324487,24.313107,8.6E-4,0.00197,-0.00634,0.00701,0.02633,0.0175,0.01249,0.02381,0.0214,0.02265,0.02,0.01656,0.01718,0.02292,0.01287,0.01947,0.00504,0.00256,0.00579,0.00272,0.00332,0.00452,0.01684,0.0054,0.00225,0.00155,0.00175,0.00146,9.9E-4,8.8E-4,0.00169,0.00123,0.28,0,44086,53.110418,-27.808927,5.937,5.937,5.937,5.937,5.937,0,0.0,0.03583233896037932
10013618,+53.11911-27.76080,5.944,8.78,0.21,0.21,3.85,0.75,2.12,0.74,0.04,0.04,8.19,0.05,0.06,M,"R3 , R2 , R , O32 , Ne3O2",0.0,\\,53.11911,-27.7608,j033228.59m274538.89,9,7313,53.119112,-27.760802,gds-deep-v3_g235m-f170lp_1210_13618.spec.fits,gds-deep-v3,13618,0,,3,5.9477,5.9477,Redshifts match v2 grade=3,ABu23  z=5.944,1,1.77,1.7,3.15,,,,,,,,,FITS   zfit   spl,,,0.009614218384273518,63866,53.119102,-27.760814,12315.213,22114.031,171.0,0.23,0.0,6.331,0.12926,0.01008,3.502001,0.214414,-53.373528,28.01601,0.00959,7.4E-4,-0.01322,0.02485,0.07475,0.08472,0.05126,0.05336,0.0,0.0,0.0,0.0,0.0,0.0,0.0,0.11969,0.00425,0.00406,0.00792,0.00449,0.00507,0.0066,0.0256,0.00767,-99.0,-99.0,-99.0,-99.0,-99.0,-99.0,-99.0,0.00614,0.28,70,63866,53.119102,-27.760814,5.956,5.956,5.956,5.956,5.956,70,0.0,0.056476995734481734
19342,+53.16062-27.77161,5.974,7.7,0.09,0.09,1.95,0.19,0.17,1.39,0.06,0.06,7.5,0.18,0.12,M,R3,1.0,\\,53.16062,-27.77161,j033238.55m274617.77,5,7634,53.160634,-27.771604,gds-deep-v3_g140m-f070lp_1210_9880.spec.fits,gds-deep-v3,9880,0,,3,5.9776,5.9776,Redshifts match v2 grade=3,JWi23  z=5.974 ;  CSi23  z=N/A ;  ABu23  z=5.974,3,0.99,0.7,1.26,5.6,,,,,,,,FITS   zfit   spl,,,0.04955029338376473,59619,53.160623,-27.771608,7905.84,20817.855,189.0,0.56,0.0,5.004,0.02976,0.00172,3.506353,0.30394,-75.146943,28.050825,-2.5E-4,-9.0E-5,0.00303,0.00902,0.01923,0.01847,0.01989,0.01792,0.01933,0.02115,0.01849,0.01905,0.01814,0.02616,0.01174,0.01726,8.7E-4,3.2E-4,4.3E-4,0.0027,6.4E-4,0.00107,0.001,9.4E-4,0.00203,0.0015,0.00169,0.0014,0.00114,9.8E-4,0.0018,0.00134,0.28,100,59619,53.160623,-27.771608,5.974,5.974,5.974,5.974,5.974,100,0.0,0.011964804571294393
17566,+53.15613-27.77584,6.102,8.5,0.13,0.13,4.15,0.59,0.44,1.48,0.07,0.07,8.11,0.09,0.11,M,"R3 , R2 , R , O32",0.0,\\,53.15613,-27.77584,j033237.47m274633.07,9,7632,53.156129,-27.775854,gds-deep-v3_g235m-f170lp_1210_9867.spec.fits,gds-deep-v3,9867,0,,3,6.105,6.105,Redshifts match v2 grade=3,ABu23  z=6.102,1,0.85,1.85,3.15,,,,,,,,,FITS   zfit   spl,,,0.0505005494224606,57595,53.1561,-27.77588,8386.275,20305.279,907.0,0.03,3.0,7.713,0.23702,0.00244,8.241905,0.413039,-55.993054,65.935242,-0.00411,-0.00157,-3.3E-4,0.0118,0.05857,0.06474,0.06928,0.07873,0.02869,0.06645,0.07589,0.0894,0.16917,0.2231,0.19256,0.22059,0.00183,6.6E-4,8.8E-4,0.00574,0.00112,0.00184,0.00174,0.00158,0.00414,0.00307,0.00349,0.00296,0.00253,0.00231,0.00407,0.00291,0.33,300,57595,53.1561,-27.77588,6.105,6.105,6.105,6.105,6.105,300,0.0,0.17282054637868335
18976,+53.16660-27.77240,6.327,7.77,0.06,0.06,1.66,0.13,0.12,1.06,0.06,0.06,7.45,0.11,0.11,M,"R3 , R2 , R , O32",1.0,\\,53.1666,-27.7724,j033239.99m274620.62,5,7607,53.166615,-27.772395,gds-deep-v3_g395h-f290lp_1210_8253.spec.fits,gds-deep-v3,8253,0,,3,6.3273,6.3273,Redshifts match v2 grade=3,ABu23  z=6.327,1,0.47,2.88,4.12,,,,,41.93,,,,FITS   zfit   spl,,,0.051057620621235596,59281,53.166595,-27.772406,7271.644,20721.912,182.0,0.08,0.0,5.007,0.02382,0.00168,4.35669,0.448961,-62.995335,34.853519,0.00397,0.00307,0.00325,0.01325,0.02667,0.02763,0.02715,0.02443,0.01,0.03522,0.0318,0.02576,0.02511,0.03914,0.01902,0.02145,0.00152,5.6E-4,7.4E-4,0.00471,0.00108,0.00183,0.00168,0.00153,0.00394,0.00258,0.0029,0.00236,0.00192,0.00166,0.00309,0.0023,0.28,100,59281,53.166595,-27.772406,6.327,6.327,6.327,6.327,6.327,100,0.0,0.02683679147930088
18846,+53.13492-27.77271,6.335,8.07,0.03,0.03,4.32,0.09,0.08,11.39,0.4,0.4,7.46,0.09,0.09,P,"R3 , R2 , R , O32 , Ne3O2",0.0,\\,53.13492,-27.77271,j033232.38m274621.74,5,7302,53.134923,-27.772706,gds-deep-v3_g140m-f070lp_1210_13197.spec.fits,gds-deep-v3,13197,0,,3,6.3353,6.3353,Redshifts match v2 grade=3,CSi23  z=N/A ;  JWi23  z=6.336 ;  ABu23  z=6.335,3,2.08,0.7,1.26,22.9,,,,,,,,FITS   zfit   spl,,,0.017282207721088207,59111,53.134916,-27.772709,10635.817,20686.33,405.0,0.87,0.0,3.964,0.06576,9.8E-4,3.725348,0.020056,6.535739,29.802788,-0.00365,0.0033,0.00933,0.01085,0.05416,0.05641,0.06178,0.05387,0.04314,0.06083,0.05422,0.04601,0.04412,0.07865,0.02554,0.04474,0.00286,0.00317,0.00607,0.00314,0.00369,0.00415,0.01924,0.00529,0.00161,0.00121,0.00127,0.00127,8.1E-4,8.7E-4,0.00133,9.9E-4,0.5,0,59111,53.134916,-27.772709,-99.0,6.25,6.082,6.255,6.38,0,0.0,0.013239986686882884
18179,+53.17582-27.77446,6.335,8.59,0.08,0.08,4.93,0.68,0.64,1.32,0.08,0.08,8.07,0.08,0.1,P,"R3 , R2 , R , O32",1.0,\\,53.17582,-27.77446,j033242.20m274628.08,1,7939,53.17583,-27.774468,gds-deep-v3_prism-clear_1210_9423.spec.fits,gds-deep-v3,9423,0,,3,6.3346,6.3346,Redshifts match v2 grade=3,ABu23  z=6.335 ;  CSi23  z=N/A,2,4.19,0.6,5.29,-4.1,19.8,,41.69,41.96,,,,FITS   zfit   spl,,,0.04294199652324433,58387,53.175819,-27.774466,6292.204,20474.27,421.0,0.45,0.0,5.633,0.07797,0.00225,4.550429,0.133832,-64.986507,36.403435,6.4E-4,4.0E-5,0.00201,0.0099,0.03874,0.03855,0.03803,0.03662,0.01513,0.04127,0.03711,0.04108,0.05086,0.08407,0.0516,0.06587,0.00151,5.4E-4,7.1E-4,0.00447,9.4E-4,0.0016,0.00147,0.00133,0.00288,0.00205,0.00237,0.00201,0.00186,0.00164,0.00302,0.00227,0.5,100,58387,53.175819,-27.774466,6.329,6.329,6.329,6.329,6.329,100,0.0,0.02183359225300076
10005447,+53.16288-27.76928,6.623,6.95,0.11,0.11,0.34,0.06,0.05,0.38,0.04,0.04,7.46,0.2,0.16,P,R3,1.0,\\,53.16288,-27.76928,j033239.09m274609.42,5,7367,53.162878,-27.769284,gds-deep-v3_g140m-f070lp_1210_5447.spec.fits,gds-deep-v3,5447,0,,3,6.5954,6.5954,Redshift matches gds-deep-v3_prism-clear_1210_5447 z=6.6256,ABu23  z=6.623,1,0.28,0.7,1.26,,,,,,,,,FITS   zfit   spl,,,0.015746328738227563,60650,53.162881,-27.769288,7665.984,21096.219,48.0,0.95,0.0,3.1,0.00534,8.5E-4,1.940096,0.215752,-75.207561,15.520766,-4.0E-4,-5.1E-4,-2.3E-4,-3.6E-4,0.0033,0.00326,0.00202,0.0026,0.00155,0.00472,0.00423,0.00218,0.00308,0.00455,0.00233,0.00186,5.2E-4,1.9E-4,2.5E-4,0.00144,3.1E-4,5.2E-4,4.9E-4,4.5E-4,0.00118,8.7E-4,9.8E-4,8.0E-4,6.8E-4,5.9E-4,0.00111,8.2E-4,0.28,0,60650,53.162881,-27.769288,6.623,6.623,6.623,6.623,6.623,0,0.0,0.028975622801103135
16625,+53.16904-27.77884,6.631,7.35,0.03,0.03,2.24,0.09,0.07,2.23,0.07,0.07,7.33,0.11,0.1,M,R3,0.0,\\,53.16904,-27.77884,j033240.57m274643.82,5,7636,53.169055,-27.778838,gds-deep-v3_g140m-f070lp_1210_9903.spec.fits,gds-deep-v3,9903,0,,3,6.6362,6.6362,Redshifts match v2 grade=3,JWi23  z=6.631 ;  ABu23  z=6.631 ;  CSi23  z=N/A,3,0.67,0.7,1.26,8.4,,,,,,,,FITS   zfit   spl,,,0.04831614928888578,56590,53.16904,-27.778847,7012.293,19948.709,234.0,0.48,0.0,4.554,0.02461,9.0E-4,4.22136,0.289872,-64.922665,33.770882,4.4E-4,-2.8E-4,-1.9E-4,0.00143,0.01564,0.01426,0.01486,0.0137,0.00737,0.0182,0.01691,0.01286,0.01687,0.0265,0.01083,0.0131,9.1E-4,3.3E-4,4.3E-4,0.0027,6.3E-4,0.00104,9.8E-4,9.0E-4,0.00146,0.00106,0.00119,9.9E-4,7.9E-4,6.8E-4,0.0013,9.5E-4,0.28,0,56590,53.16904,-27.778847,6.631,6.631,6.631,6.631,6.631,0,0.0,0.025200000008040912
10013609,+53.11730-27.76408,6.929,7.71,0.06,0.06,3.85,0.19,0.18,5.39,0.31,0.31,7.94,0.12,0.14,M,"R3 , R2 , R , O32 , Ne3O2",0.0,$â¡$ \\,53.1173,-27.76408,j033228.15m274550.70,5,7312,53.117303,-27.764082,gds-deep-v3_g235m-f170lp_1210_13609.spec.fits,gds-deep-v3,13609,0,,3,6.9301,6.9301,Redshifts match v2 grade=3,ABu23  z=6.929,1,0.6,1.7,3.15,,,,,,,,,FITS   zfit   spl,,,0.01196533257724613,62644,53.1173,-27.764088,12506.592,21721.066,125.0,0.78,0.0,4.272,0.07136,0.00659,3.247238,0.290517,34.020717,25.977903,-0.0078,0.00263,0.00271,-0.00328,0.02643,0.03388,0.02193,0.04295,0.0,0.0,0.0,0.0,0.0,0.0,0.0,0.07093,0.00297,0.00277,0.00553,0.00308,0.00343,0.00455,0.01819,0.0052,-99.0,-99.0,-99.0,-99.0,-99.0,-99.0,-99.0,0.00462,0.28,70,62644,53.1173,-27.764088,6.938,6.938,6.938,6.938,6.938,70,0.0,0.02879999999937533
10013905,+53.11833-27.76901,7.197,7.37,0.05,0.05,2.2,0.14,0.12,4.98,0.67,0.67,7.63,0.09,0.09,P,"R3 , R2 , R , O32 , Ne3O2",0.0,$â¡$ \\,53.11833,-27.76901,j033228.40m274608.44,9,7322,53.118327,-27.76901,gds-deep-v3_g395h-f290lp_1210_13905.spec.fits,gds-deep-v3,13905,0,,3,7.1972,7.1972,Redshifts match v2 grade=3,ABu23  z=7.197,1,0.36,2.93,4.29,,,,,42.08,,,,FITS   zfit   spl,,,0.009556197519032555,60760,53.118341,-27.769013,12396.019,21129.9,48.0,0.96,0.0,3.068,0.02361,0.00363,2.454352,0.439163,-11.943009,19.634817,0.00113,-8.1E-4,0.00428,-1.3E-4,0.00665,0.00794,-0.00572,0.00481,0.0,0.0,0.0,0.0,0.0,0.0,0.0,0.01674,0.00159,0.00168,0.00344,0.00149,0.00163,0.00212,0.00877,0.00245,-99.0,-99.0,-99.0,-99.0,-99.0,-99.0,-99.0,0.00232,0.28,70,60760,53.118341,-27.769013,7.197,7.197,7.197,7.197,7.197,70,0.0,0.03666604535078725
10013682,+53.16746-27.77201,7.275,6.95,0.09,0.09,0.82,0.08,0.07,0.47,0.06,0.06,7.66,0.11,0.1,P,"R3 , R2 , R , O32 , Ne3O2",1.0,\\,53.16746,-27.77201,j033240.19m274619.22,5,7315,53.167464,-27.772006,gds-deep-v3_g140m-f070lp_1210_13682.spec.fits,gds-deep-v3,13682,0,,3,7.2775,7.2775,Redshifts match v2 grade=3,JWi23  z=7.276 ;  ASa23  z=7.278 ;  ABu23  z=7.275,3,0.25,0.7,1.26,10.4,,,,,,,,FITS   zfit   spl,,,0.01922756719775337,59482,53.167446,-27.772032,7181.273,20766.781,73.0,0.19,0.0,4.202,0.0077,0.00122,3.146176,0.489556,-81.463928,25.169411,-8.4E-4,1.1E-4,-8.6E-4,-0.0023,0.0043,0.00543,0.00255,0.00379,1.1E-4,0.00525,0.00288,0.00658,0.00425,0.00494,0.01508,0.01121,8.6E-4,3.1E-4,4.1E-4,0.0024,6.2E-4,0.00104,9.6E-4,8.9E-4,0.00211,0.00142,0.00159,0.00133,0.00102,8.8E-4,0.00172,0.00126,0.28,0,59482,53.167446,-27.772032,7.275,7.275,7.275,7.275,7.275,0,0.0,0.09089167421226553
21842,+53.15682-27.76716,7.981,7.51,0.04,0.04,3.21,0.25,0.25,1.72,0.08,0.08,7.61,0.07,0.07,P,"R3 , R2 , R , O32 , Ne3O2",1.0,$â¡$ \\,53.15682,-27.76716,j033237.64m274601.76,9,7364,53.156837,-27.767155,gds-deep-v3_g140m-f070lp_1210_5173.spec.fits,gds-deep-v3,5173,0,,3,7.9842,7.9842,Redshifts match v2 grade=3,JWi23  z=7.980 ;  CSi23  z=N/A ;  ABu23  z=7.980,3,0.35,0.7,1.26,5.0,,,,,,,,FITS   zfit   spl,,,0.05706588970024641,61361,53.156826,-27.767158,8308.883,21352.102,171.0,0.57,3.0,7.132,0.03363,0.00195,3.29757,0.146761,87.937658,26.380562,-6.2E-4,5.6E-4,3.7E-4,-3.6E-4,0.00549,0.02062,0.02293,0.02292,-0.00362,0.01806,0.02685,0.02005,0.02293,0.02443,0.02067,0.04668,0.00129,4.8E-4,6.3E-4,0.00382,9.5E-4,0.00161,0.0015,0.00136,0.00298,0.00222,0.00252,0.00205,0.00171,0.00147,0.00279,0.00205,0.28,300,61361,53.156826,-27.767158,7.981,7.981,7.981,7.981,7.981,300,0.0,0.020423909306779436
8013,+53.16446-27.80218,8.473,7.54,0.08,0.08,3.03,0.32,0.26,1.61,0.37,0.37,7.64,0.29,0.23,M,R3,1.0,\\,53.16446,-27.80218,j033239.48m274807.86,9,7566,53.164482,-27.802183,gds-deep-v3_g395m-f290lp_1210_6139.spec.fits,gds-deep-v3,6139,0,,3,8.4726,8.4726,Redshifts match v2 grade=3,CSi23  z=N/A ;  ABu23  z=8.473 ;  KHa23  z=8.476,3,0.72,2.88,5.2,,,,,42.16,,,,FITS   zfit   spl,,,0.07088497901338188,47098,53.164471,-27.802184,7498.48,17147.955,132.0,0.98,0.0,3.392,0.0193,9.6E-4,2.808661,0.144607,-5.304698,22.469288,-0.00143,0.00118,-3.6E-4,-3.2E-4,0.00169,0.00778,0.0116,0.01243,-6.1E-4,0.00473,0.01153,0.01256,0.01136,0.01387,0.01345,0.02626,8.1E-4,2.9E-4,3.9E-4,0.00223,6.0E-4,0.00105,9.4E-4,8.5E-4,0.00202,0.00112,0.00122,0.0011,6.6E-4,7.9E-4,0.00114,8.3E-4,0.28,0,47098,53.164471,-27.802184,8.481,8.481,8.481,8.481,8.481,0,0.0,0.037873078193581024
10058975,+53.11243-27.77461,9.433,8.05,0.03,0.03,6.62,0.2,0.2,13.79,1.36,1.36,7.35,0.08,0.08,M,"R3 , R2 , R , O32 , Ne3O2",0.0,$â¡$ \\,53.11243,-27.77461,j033226.98m274628.62,8,21812,53.112434,-27.774609,gds-deep-v3_g395m-f290lp_1210_58975.spec.fits,gds-deep-v3,58975,0,,3,9.4323,9.4323,Redshifts match v2 grade=3,ABu23  z=9.433,1,1.33,2.88,5.2,,,,,,,,,FITS   zfit   spl,,,0.013239772512598173,58484,53.112432,-27.774622,13023.524,20456.707,49.0,0.95,0.0,4.448,0.04032,0.00663,2.212594,0.293772,-34.48659,17.700754,0.00343,0.00212,-0.0056,0.0027,-0.00162,0.01475,-0.00875,0.05357,0.0,0.0,0.0,0.0,0.0,0.0,0.0,0.03452,0.0029,0.00338,0.00524,0.00258,0.00349,0.00481,0.01877,0.00549,-99.0,-99.0,-99.0,-99.0,-99.0,-99.0,-99.0,0.00492,0.28,70,58484,53.112432,-27.774622,9.433,9.433,9.433,9.433,9.433,70,0.0,0.04366718321567794
