NIRSpec ID,JADES ID,Redshift,log M_star,log M_star_upper,log M_star_lower,SFR_a,SFR_a_upper,SFR_a_lower,SFR_Ha,SFR_Ha_upper,SFR_Ha_lower,12_plus_logOH,12_plus_logOH_upper,12_plus_logOH_lower,C,Metallicity_diagnostics,NC,AGN,ra,dec,NIRSpec_ID,TIER,PID,Field,NIRCam_ID,RA_TARG,Dec_TARG,RA_NIRCam,Dec_NIRCam,Priority,z_Spec,z_Spec_flag,x_offset,y_offset,assigned_Prism,assigned_G140M,assigned_G235M,assigned_G395M,assigned_G395H,nDither_Pr,nDither_Gr,nInt_Prism,nInt_G140M,nInt_G235M,nInt_G395M,nInt_G395H,tExp_Prism,tExp_G140M,tExp_G235M,tExp_G395M,tExp_G395H,ObsDate,z_PRISM,DR_flag,C4_1549_flux,C4_1549_err,C3_1907_flux,C3_1907_err,He2_1640_flux,He2_1640_err,O3_1666_flux,O3_1666_err,O2_3727_flux,O2_3727_err,Ne3_3869_flux,Ne3_3869_err,HD_4102_flux,HD_4102_err,HG_4340_flux,HG_4340_err,O3_4363_flux,O3_4363_err,HB_4861_flux,HB_4861_err,O3_5007_flux,O3_5007_err,HeI_5875_flux,HeI_5875_err,O1_6300_flux,O1_6300_err,HA_6563_flux,HA_6563_err,N2_6584_flux,N2_6584_err,S2_6718_flux,S2_6718_err,S2_6733_flux,S2_6733_err,S3_9069_flux,S3_9069_err,S3_9532_flux,S3_9532_err,He1_10829_flux,He1_10829_err,PaD_10049_flux,PaD_10049_err,PaG_10938_flux,PaG_10938_err,PaB_12818_flux,PaB_12818_err,PaA_18751_flux,PaA_18751_err,ID_1,RA_1,DEC_1,X,Y,isoarea_SE,class_starSE,flags_SE,r50_SE,f_autoSE,e_autoSE,a_f001w,ell_f001w,theta_f001w,rKron_f001w,f_f435w,f_f606w,f_f775w,f_f814w,f_f105w,f_f125w,f_f140w,f_f160w,f_f090w,f_f115w,f_f150w,f_f200w,f_f277w,f_f356w,f_f410m,f_f444w,e_f435w,e_f606w,e_f775w,e_f814w,e_f105w,e_f125w,e_f140w,e_f160w,e_f090w,e_f115w,e_f150w,e_f200w,e_f277w,e_f356w,e_f410m,e_f444w,apopt,flag_1,ID_2,RA_2,DEC_2,zspec,zphot,EAzY_eazy_v13,EAzY_Larson,EAzY_LarsonLyaRed,flag_2,Separation_2,Separation
2923,+53.15407-27.82094,3.015,7.39,0.05,0.05,0.28,0.02,0.02,0.23,0.02,0.02,7.44,0.16,0.13,P,"R3 , R2 , R , O32",1.0,\\,53.15407,-27.82094,2923,goods-s-deephst,1210,GS,96861,53.154071554535456,-27.820939667960655,53.15407989385038,-27.820940181831908,7.7,3.014798672549132,A,-0.005,-0.062,T,T,T,T,T,1,1,24,6,6,6,6,33612.8,8403.2,8403.2,8403.2,8403.2,2022-10-24,3.014403,false,,,,,,,,,,0.24105222461847112,,0.2932425873683996,,23.556415592858492,,0.4295178975417139,,0.3740211369695063,,0.28084917826699224,1.8642753017652984,0.11759243777846232,,0.19007687970251388,,0.1571545671511089,1.0735702491232697,0.1118347679623513,,0.15278054890643433,,0.07440435622074239,,0.16556537657663573,,0.05698772034185031,,0.14570369801885927,,0.18742393096050758,,0.1500402047305071,,,,,,,39033,53.154086,-27.820936,8601.537,14897.707,137.0,0.07,0.0,5.645,0.01919,0.00181,3.564701,0.329651,-11.29521,28.517611,0.0186,0.03037,0.02692,0.02796,0.01701,0.03161,8.8E-4,0.03348,0.02786,0.0216,0.02079,0.03097,0.02636,0.01782,0.01671,0.02056,0.00126,4.7E-4,6.3E-4,0.00365,0.00337,0.00616,0.02333,0.00701,0.00319,0.00222,0.0025,0.00212,0.00145,0.00131,0.00251,0.00178,0.28,100,39033,53.154086,-27.820936,3.015,3.015,3.015,3.015,3.015,100,0.0,0.047850617650789636
21150,+53.16995-27.76840,3.088,8.18,0.01,0.01,2.38,0.09,0.08,2.57,0.04,0.04,8.12,0.05,0.05,M,"R3 , R2 , R , O32 , Ne3O2",0.0,\\,53.16995,-27.7684,21150,goods-s-deephst,1210,GS,211968,53.16995326956441,-27.7684042868418,53.1699521415259,-27.768439061277125,7.7,3.0877906981597154,A,-0.024,-0.215,T,T,T,T,T,2,2,48,12,12,12,12,67225.6,16806.4,16806.4,16806.4,16806.4,2022-10-24,3.085587,false,,,,,,,,,3.8736151815510738,0.22222032655630003,1.076426434732619,0.1977552421985444,,0.9993775916495755,1.3059585560425986,0.2057919883539561,,0.14467926008995693,2.2832233476433244,0.12322513463972438,17.014519524304404,0.25078686642485193,,0.27724863301620845,,0.1921799068339694,7.971242870892443,0.1532790482321437,,0.22807144178375105,,0.1903959794865743,,0.23468584754943767,0.5201799042460833,0.05117843222003561,,0.21713584608078645,0.922816241685279,0.08419766507637175,,0.3134406964277415,,,,,,,60601,53.169958,-27.768417,6914.409,21200.5,1383.0,0.03,2.0,7.645,0.42347,0.00156,8.759548,0.449266,-79.52543,70.076385,0.24444,0.42745,0.39785,0.43078,0.35234,0.33118,0.35757,0.39114,0.38532,0.36281,0.39527,0.54762,0.47557,0.41991,0.45141,0.45507,0.00202,7.2E-4,9.7E-4,0.00568,0.00124,0.00207,0.00192,0.00174,0.00313,0.00241,0.00254,0.00276,0.0019,0.00192,0.00285,0.002,0.33,200,60601,53.169958,-27.768417,3.09,3.09,3.09,3.09,3.09,200,0.0,0.0481841161676651
18322,+53.13171-27.77412,3.151,6.88,0.02,0.02,0.79,0.02,0.02,0.8,0.02,0.02,7.63,0.1,0.09,M,"R3 , R2 , R , O32 , Ne3O2",0.0,\\,53.13171,-27.77412,18322,goods-s-deephst,1210,GS,130539,53.131707262794606,-27.77411930358043,53.131709735847274,-27.7741243262628,7.7,3.1513733252287643,A,-0.053,0.103,T,T,T,T,T,3,3,72,18,18,18,18,100838.4,25209.6,25209.6,25209.6,25209.6,2022-10-24,3.156842,false,,,,,,,,,,0.29565134484404365,0.6358883341667358,0.10620663326645571,,0.4650307689345554,,,,,1.2137946694511823,0.07302921676659285,6.545642034246907,0.09123150563950341,,0.14653278597658517,,0.02550324046577474,3.4614810864610286,0.07344621793929737,,0.14732472905096253,,0.15199345029732275,,0.06898028021017802,0.24216827819391884,0.025721553423835152,,0.13555697783553394,0.2118696747184552,0.03307037699378083,,0.08628609512715954,,,,,,,58585,53.131707,-27.774122,10976.574,20516.779,196.0,0.03,3.0,4.547,0.01975,0.00134,4.008475,0.301589,-66.040303,32.067802,0.00826,0.02263,0.02522,0.02541,0.01522,0.01369,0.06279,0.02234,0.02124,0.02341,0.02982,0.0665,0.0421,0.02306,0.02151,0.02422,0.00314,0.00351,0.00665,0.00329,0.00491,0.00595,0.02485,0.00721,0.00226,0.00178,0.00177,0.00211,0.00109,0.00128,0.00183,0.00131,0.28,300,58585,53.131707,-27.774122,3.151,3.151,3.151,3.151,3.151,300,0.0,0.00974313467182803
10040,+53.12304-27.79564,3.154,7.92,0.13,0.13,0.64,0.17,0.11,0.26,0.08,0.08,8.18,0.13,0.18,M,"R3 , R2 , R , O32",1.0,\\,53.12304,-27.79564,10040,goods-s-deephst,1210,GS,285558,53.12304369037597,-27.795640752024457,53.12304943707517,-27.795651114135453,7.7,3.153770744630445,A,-0.062,0.155,T,T,T,T,T,1,1,24,6,6,6,6,33612.8,8403.2,8403.2,8403.2,8403.2,2022-10-24,3.144439,false,,,,,,,,,,0.699124090970612,,,,0.6362162694634196,,0.6196772998635288,,0.19354465307598404,,0.3182697310263617,1.9241673352010338,0.14346440972962168,,0.21791145956506758,,38.902280485720205,,,,,,,,,,,,0.23339887598872647,,0.24954942170933223,,0.11820413472231266,,,,,,,49726,53.123045,-27.795646,11896.462,17933.432,426.0,0.02,0.0,6.36,0.05046,0.00104,7.140967,0.585454,50.022503,57.127735,0.00815,0.01968,0.02449,0.0287,0.02273,0.03127,0.00121,0.03453,0.0292,0.0293,0.03831,0.06287,0.05651,0.04752,0.05063,0.05265,0.00155,5.7E-4,7.6E-4,0.00403,0.00534,0.00656,0.02418,0.00803,0.00213,0.0016,0.00167,0.00168,9.8E-4,0.00103,0.00173,0.00121,0.5,100,49726,53.123045,-27.795646,3.154,3.154,3.154,3.154,3.154,100,0.0,0.019347581709083662
19431,+53.16292-27.77141,3.32,7.43,0.11,0.11,2.49,0.11,0.11,0.86,0.05,0.05,8.06,0.1,0.13,M,"R3 , R2 , R , O32",1.0,\\,53.16292,-27.77141,19431,goods-s-deephst,1210,GS,210857,53.16292266815431,-27.77140733657875,53.16292117472793,-27.771411399640733,7.7,3.3202491902613582,A,-0.066,0.189,T,T,T,T,T,1,1,24,6,6,6,6,33612.8,8403.2,8403.2,8403.2,8403.2,2022-10-24,3.320689,false,,,,,,,,,,1.040591858998351,,0.6694707445399605,,0.37495334170325095,,0.5904568077559423,,0.6999294974002254,0.7741202367432614,0.14914612500857855,6.272361470371928,0.1802705654203376,,0.2729533148850202,,0.5515621787205176,2.868399175618752,0.17064372451718499,,0.08430021086807087,,0.37945817459344683,,0.38440694768873157,,0.2053347585763482,,0.3458020490840195,,0.3564378605917308,,,,,,,,,59569,53.162925,-27.771407,7661.341,20841.941,415.0,0.03,3.0,8.782,0.06463,0.00276,6.112169,0.37554,-66.784562,48.897354,0.02058,0.04292,0.04763,0.04857,0.04434,0.04498,0.04811,0.05785,0.05483,0.04907,0.05636,0.11353,0.07954,0.05003,0.05998,0.05898,0.00161,5.9E-4,7.8E-4,0.00507,0.00107,0.00177,0.00166,0.00158,0.0038,0.00274,0.00311,0.0027,0.00215,0.0018,0.00336,0.00247,0.33,300,59569,53.162925,-27.771407,3.32,3.32,3.32,3.32,3.32,300,0.0,0.007525878046255696
10013597,+53.12325-27.76939,3.323,7.48,0.13,0.13,0.77,0.2,0.12,0.28,0.01,0.01,7.94,0.1,0.12,P,"R3 , R2 , R , O32",0.0,$â¡$ \\,53.12325,-27.76939,10013597,goods-s-deephst,1210,GS,-9999,53.12324849442879,-27.76939410823454,,,7.7,3.3225034194268135,A,0.089,0.169,T,T,T,T,T,3,3,72,18,18,18,18,100838.4,25209.6,25209.6,25209.6,25209.6,2022-10-24,3.319135,false,,,,,,,,,,0.49926910796628277,,0.5383228359010558,,26.66747889810382,,0.3304330975006981,,0.10424925839707151,,0.2813887148508548,1.8189815283576696,0.09709689348463557,,0.22204029745493145,,0.3494632389139538,1.3873684401469757,0.11946168234616442,,0.15220784545161167,,0.09842615220445813,,0.14262687210230318,,0.1141720653435738,,0.09761520183545609,,0.23686544377496319,,,,,,,,,60604,53.12323,-27.769397,11876.79,21083.82,41.0,0.95,0.0,4.998,0.03058,0.0058,2.145255,0.224773,-77.899981,17.162039,0.01139,0.02182,0.03207,0.02887,0.02704,0.02812,0.04081,0.03949,0.0,0.0,0.0,0.0,0.0,0.0,0.0,0.03053,0.00349,0.00384,0.00797,0.00355,0.00399,0.00506,0.02189,0.00609,-99.0,-99.0,-99.0,-99.0,-99.0,-99.0,-99.0,0.00477,0.28,70,60604,53.12323,-27.769397,3.323,3.323,3.323,3.323,3.323,70,0.0,0.05982466829403538
3322,+53.12574-27.81921,3.406,8.04,0.25,0.25,0.63,0.48,0.15,0.39,0.09,0.09,7.81,0.25,0.25,P,R3,1.0,\\,53.12574,-27.81921,3322,goods-s-deephst,1210,GS,98452,53.125743236058064,-27.81920682708066,53.1257469541613,-27.81921052913766,7.7,3.403078,B,0.056,-0.149,T,F,F,F,F,2,0,48,0,0,0,0,67225.6,0.0,0.0,0.0,0.0,2022-10-24,3.403078,true,,,,,,,,,,,,,,,,,,,,,,,,,,,,,,,,,,,,,,,,,,,,,,,,,39653,53.125743,-27.819204,11610.109,15106.016,237.0,0.02,0.0,4.765,0.02896,0.00126,4.547477,0.454705,79.6113,36.379818,-4.2E-4,0.00797,0.01107,0.00761,0.01161,0.00454,0.01019,0.00913,0.01055,0.01031,0.01313,0.02487,0.01902,0.01592,0.01988,0.01765,0.00368,0.0026,0.00398,0.00181,0.00231,0.0032,0.01382,0.00385,0.00155,0.00105,0.0012,0.00104,7.3E-4,6.5E-4,0.00127,8.8E-4,0.28,100,39653,53.125743,-27.819204,3.403,3.403,3.403,3.403,3.403,100,0.0,0.010205204592161595
7629,+53.16983-27.80344,3.452,8.45,0.09,0.09,0.86,0.1,0.07,0.41,0.02,0.02,8.06,0.13,0.2,P,"R3 , R2 , R , O32",1.0,\\,53.16983,-27.80344,7629,goods-s-deephst,1210,GS,201442,53.169834992155266,-27.803438053447383,53.16983687078279,-27.80344383423019,7.7,3.452329,B,-0.081,-0.196,T,F,F,F,F,2,0,48,0,0,0,0,67225.6,0.0,0.0,0.0,0.0,2022-10-24,3.452329,true,,,,,,,,,,,,,,,,,,,,,,,,,,,,,,,,,,,,,,,,,,,,,,,,,46490,53.169841,-27.803444,6928.375,16996.58,399.0,0.03,2.0,6.755,0.04912,0.00198,5.195325,0.23369,-6.10505,41.562603,0.0113,0.03634,0.04157,0.04053,0.04154,0.02366,0.04752,0.04406,0.04346,0.04041,0.04035,0.06759,0.06051,0.04719,0.05079,0.05344,0.00166,5.9E-4,8.0E-4,0.00489,0.00566,0.00708,0.01464,0.00847,0.00296,0.00233,0.00231,0.00267,0.0014,0.00167,0.00241,0.00171,0.33,0,46490,53.169841,-27.803444,3.452,3.452,3.452,3.452,3.452,0,0.0,0.02871049407353952
3184,+53.15010-27.81971,3.468,8.52,0.11,0.11,6.11,0.66,0.61,1.85,0.03,0.03,7.81,0.07,0.08,P,"R3 , R2 , R , O32 , Ne3O2",0.0,\\,53.1501,-27.81971,3184,goods-s-deephst,1210,GS,196893,53.1500995952512,-27.819706046244335,53.15012818046367,-27.81971459333131,7.7,3.4676165504256877,A,-0.037,-0.211,T,T,T,T,T,3,3,72,18,18,18,18,100838.4,25209.6,25209.6,25209.6,25209.6,2022-10-24,3.472867,false,,,,,,,,,1.5170603015424942,0.22580655290942428,0.8650414240691778,0.16723446011667614,,0.4953047881657043,,0.2802131182900077,,0.12241183376248585,1.2079250762869997,0.07599671574836292,9.665854765428897,0.17947200425949558,,0.18688691447982853,,0.31795440591575935,5.679631833927034,0.16800285431371603,,0.13544504287484918,,0.21093705427348677,,0.18689309605195611,0.37723070601079867,0.05664230713548835,0.4572132882260069,0.07917623040228354,0.42438796559294106,0.06011881737542409,,,,,,,,,39382,53.150105,-27.819706,9024.067,15045.353,810.0,0.03,0.0,7.123,0.17677,0.00199,8.187024,0.49255,14.871731,65.496193,0.02823,0.10251,0.1351,0.13795,0.12591,0.1376,0.11915,0.15642,0.15257,0.15316,0.16511,0.26018,0.2263,0.17862,0.2006,0.20379,0.00246,9.8E-4,0.00129,0.00511,0.00548,0.00731,0.02767,0.00879,0.0044,0.00308,0.0035,0.00308,0.00216,0.00186,0.00364,0.0025,0.5,100,39382,53.150105,-27.819706,3.468,3.468,3.468,3.468,3.468,100,0.0,0.017209059888166983
7809,+53.12972-27.80274,3.578,8.29,0.05,0.05,1.85,0.31,0.23,0.98,0.09,0.09,7.58,0.09,0.08,P,"R3 , R2 , R , O32 , Ne3O2",0.0,\\,53.12972,-27.80274,7809,goods-s-deephst,1210,GS,201597,53.129724410980316,-27.802735441912834,53.129730645804074,-27.802732988936743,7.6,3.5781920635842237,A,-0.088,0.172,T,T,T,T,T,3,1,72,6,6,6,6,100838.4,8403.2,8403.2,8403.2,8403.2,2022-10-24,3.596372,false,,,,,,,,,,0.5939091220537682,,0.551960070996932,,0.8258806800982802,,0.4950351361652888,,0.22306491388383998,1.1966579390170207,0.213446772705157,6.299063318479415,0.21583711771767045,,0.5550376397593328,,0.21218034691295068,3.622566032971,0.20511082067643774,,0.29834544942419167,,0.15837887171748016,,0.10772482561882205,,,,0.26749026119205044,,0.40650334805468336,,,,,,,,,46663,53.129726,-27.802737,11187.153,17082.359,552.0,0.05,0.0,4.737,0.10397,0.001,5.140238,0.271124,-71.33922,41.121906,0.01459,0.05678,0.0755,0.08464,0.07593,0.08389,0.03025,0.09008,0.0791,0.08247,0.08501,0.12117,0.13031,0.09904,0.09874,0.10944,0.00138,4.9E-4,6.6E-4,0.00312,0.00385,0.00537,0.02013,0.00612,0.00178,0.00134,0.00139,0.00146,8.5E-4,8.8E-4,0.00143,0.00102,0.5,0,46663,53.129726,-27.802737,3.578,3.578,3.578,3.578,3.578,0,0.0,0.007554249897906013
10035295,+53.11434-27.81549,3.589,7.39,0.07,0.07,2.34,0.06,0.05,1.94,0.03,0.03,7.56,0.12,0.1,M,"R3 , R2 , R , O32 , Ne3O2",0.0,$â¡$ \\,53.11434,-27.81549,10035295,goods-s-deephst,1210,GS,198071,53.11434211585584,-27.815487382206395,53.114328428558345,-27.815491265964226,7.7,3.588923507729527,A,0.079,0.044,T,T,T,T,T,2,2,48,12,12,12,12,67225.6,16806.4,16806.4,16806.4,16806.4,2022-10-24,3.579872,false,,,,,,,,,,0.49444163197455504,0.9864326155339057,0.18438242873628127,,0.3323323186469856,0.6584210650114357,0.10280548817964769,0.6469567443966056,0.1167661528237385,1.6950753914605332,0.07913419702437974,9.363415612181084,0.11569800471903478,,0.25989257462306425,,0.3392221325650599,5.827488935624243,0.1094996577765309,,0.18446592067498394,,0.05716106287345644,,0.1115411653506009,0.8456817050981853,0.07420335165775897,,0.26220777026866293,,0.19264336393856435,,,,,,,,,41318,53.114334,-27.815487,12821.191,15552.015,286.0,0.65,3.0,4.887,0.0444,0.00162,4.447014,0.339224,-49.776855,35.576111,0.02286,0.04486,0.06308,0.05932,0.04897,0.05649,0.03433,0.06422,0.06285,0.0651,0.0685,0.08083,0.0989,0.04902,0.04714,0.05804,0.00734,0.00379,0.00752,0.00365,0.00477,0.00618,0.02542,0.00744,0.00346,0.00236,0.00266,0.00228,0.00161,0.00137,0.00259,0.00188,0.33,300,41318,53.114334,-27.815487,3.589,3.589,3.589,3.589,3.589,300,0.0,0.025877795716766596
6460,+53.12808-27.80739,3.595,8.78,0.07,0.07,0.48,0.11,0.09,0.2,0.05,0.05,8.54,0.06,0.07,P,"R3 , R2 , R , O32",0.0,\\,53.12808,-27.80739,6460,goods-s-deephst,1210,GS,200339,53.12808061245439,-27.807387575575117,53.12809374899339,-27.807401683967385,7.6,3.593099,B,-0.058,-0.041,T,F,F,F,F,1,0,24,0,0,0,0,33612.8,0.0,0.0,0.0,0.0,2022-10-24,3.593099,true,,,,,,,,,,,,,,,,,,,,,,,,,,,,,,,,,,,,,,,,,,,,,,,,,44555,53.128087,-27.807394,11361.237,16523.457,688.0,0.03,2.0,7.376,0.09725,0.00223,8.659174,0.572912,53.558627,69.273392,-0.00282,0.07276,0.07926,0.09239,0.07685,0.08774,0.09966,0.05281,0.0,0.0,0.0,0.0,0.12946,0.11819,0.11703,0.12426,0.01622,0.00815,0.01362,0.0056,0.00713,0.00876,0.02878,0.01077,-99.0,-99.0,-99.0,-99.0,0.00248,0.00221,0.00416,0.00299,0.33,340,44555,53.128087,-27.807394,3.593,3.593,3.593,3.593,3.593,340,0.0,0.03079942485000582
10009506,+53.15301-27.80607,3.599,7.82,0.07,0.07,2.43,0.14,0.13,1.65,0.02,0.02,7.87,0.09,0.09,M,"R3 , R2 , R , O32 , Ne3O2",0.0,\\,53.15301,-27.80607,10009506,goods-s-deephst,1210,GS,200717,53.15301369559945,-27.80606810267314,53.15301817364995,-27.80607842375566,7.6,3.5992868645581737,A,-0.012,0.206,T,T,T,T,T,3,3,72,18,18,18,18,100838.4,25209.6,25209.6,25209.6,25209.6,2022-10-24,3.598834,false,,,,,,,,,1.7678028063435578,0.20121790519794835,1.0433368922802813,0.13169625853246048,,0.33400495539628294,0.706246300321355,0.08774323246261895,,0.18981917075418997,1.7357062155178633,0.07092234585241558,11.205378418737453,0.10741114841019468,,0.15678078789723557,,0.08499866853517998,5.580414633680193,0.09735390112320663,,0.17944791128723672,,0.165314237685659,,0.10564197392676576,,0.15082545513639434,,0.2179348952146535,0.49501143080576876,0.07783437104688098,,,,,,,,,45307,53.153017,-27.806077,8714.555,16681.064,475.0,0.21,3.0,4.724,0.08027,0.001,4.568144,0.132937,86.305318,36.545155,0.02067,0.07823,0.07659,0.08378,0.06892,0.06457,0.05894,0.07495,0.08399,0.08147,0.07855,0.09596,0.10637,0.07687,0.07724,0.08094,0.00108,4.0E-4,5.3E-4,0.0032,0.0037,0.0048,0.01207,0.00565,0.00164,0.00123,0.00129,0.00132,8.2E-4,8.4E-4,0.00133,9.3E-4,0.33,300,45307,53.153017,-27.806077,3.599,3.599,3.599,3.599,3.599,300,0.0,0.033714428983713976
4282,+53.12051-27.81523,3.601,7.88,0.08,0.08,1.12,0.36,0.28,0.23,0.06,0.06,7.21,0.19,0.19,P,R3,1.0,\\,53.12051,-27.81523,4282,goods-s-deephst,1210,GS,198157,53.12050598878855,-27.815232929517762,53.1205043725507,-27.815243486351854,7.6,3.599695,B,0.078,0.217,T,T,T,T,T,1,1,24,6,6,6,6,33612.8,8403.2,8403.2,8403.2,8403.2,2022-10-24,3.599695,false,,,,,,,,,,,,,,,,,,,,,,,,,,,,,,,,,,,,,,,,,,,,,,,,,41439,53.120505,-27.815242,12166.092,15581.461,241.0,0.02,2.0,5.942,0.03127,0.0017,5.672542,0.568705,-32.850927,45.380333,-0.00184,0.01466,0.02535,0.02445,0.02613,0.01563,-0.01094,0.00953,0.02756,0.02359,0.02444,0.03857,0.04451,0.03382,0.03521,0.03442,0.00867,0.00432,0.00916,0.00423,0.00536,0.00697,0.02755,0.00793,0.00379,0.00264,0.00295,0.00249,0.00177,0.00151,0.00296,0.00217,0.28,0,41439,53.120505,-27.815242,3.6,3.6,3.6,3.6,3.6,0,0.0,0.03280516070110012
19519,+53.16609-27.77126,3.604,7.75,0.02,0.02,2.5,0.14,0.16,0.99,0.01,0.01,7.99,0.06,0.06,P,"R3 , R2 , R , O32 , Ne3O2",0.0,\\,53.16609,-27.77126,19519,goods-s-deephst,1210,GS,133114,53.16608601667002,-27.771262334473153,53.16608703568162,-27.771263601193905,7.6,3.604509731583053,A,-0.035,-0.024,T,T,T,T,T,3,3,72,18,18,18,18,100838.4,25209.6,25209.6,25209.6,25209.6,2022-10-24,3.61333,false,,,,,,,,,2.201861965953563,0.167400092401597,0.6285424603246159,0.10941551557831723,,0.22498774354138412,0.45322383444189307,0.0644918951857237,,0.1901971850630047,1.14486233505922,0.049995644130719684,6.779681226595646,0.0741540861090351,,0.14975264062835242,,0.24048065213988135,3.6965471112060992,0.06495702777911763,,0.09915674832235698,,0.13297094505961662,,0.12219342829846422,0.21296122574546275,0.037579192995001544,0.31350322829092664,0.06054077653184403,0.33527058159737777,0.03407169902763811,,,,,,,,,59751,53.166085,-27.771262,7325.801,20859.186,278.0,0.88,0.0,3.744,0.04882,0.00126,3.415823,0.052793,-54.037344,27.326582,0.00322,0.01769,0.02823,0.03163,0.03039,0.0309,0.0378,0.03563,0.03104,0.03514,0.03865,0.05206,0.06691,0.05151,0.0511,0.05511,9.4E-4,3.4E-4,4.5E-4,0.00266,6.7E-4,0.00111,0.00104,9.5E-4,0.00221,0.00161,0.00182,0.00153,0.00129,0.00108,0.00199,0.00145,0.33,0,59751,53.166085,-27.771262,3.605,3.605,3.605,3.605,3.605,0,0.0,0.0034550415165845775
18970,+53.15650-27.77227,3.725,9.2,0.0,0.0,7.22,0.15,0.14,3.95,0.08,0.08,8.17,0.06,0.07,M,"R3 , R2 , R , O32 , Ne3O2",0.0,\\,53.1565,-27.77227,18970,goods-s-deephst,1210,GS,210435,53.15649594963538,-27.772269356400468,53.156508191577295,-27.772253680464388,7.5,3.7245882870436464,A,0.089,0.095,T,T,T,T,T,1,1,24,6,6,6,6,33612.8,8403.2,8403.2,8403.2,8403.2,2022-10-24,3.725167,false,,,,,,,,,5.035425094172746,0.3738163574790031,1.7357187189327459,0.27969943200613917,,0.6198444574788842,1.09454300363011,0.17652236679898842,,0.2431830089885471,2.859432743715985,0.15396508262875389,13.955346632402701,0.24703920376183636,,0.916929826575194,,0.7601942343645852,10.486689711789781,0.26624032213874305,0.9859496212449101,0.16001482613317083,0.9323712030227472,0.11588217638947947,,0.3606105153233567,,0.49633388181252586,,0.72059700416697,1.11374558848979,0.18999451209311513,,,,,,,,,59046,53.156499,-27.772263,8343.83,20739.371,1093.0,0.09,0.0,5.934,0.30154,0.00223,8.145443,0.452845,-61.464758,65.163544,0.00287,0.03612,0.07646,0.08875,0.10345,0.11112,0.12737,0.13551,0.08041,0.11006,0.13462,0.23637,0.31477,0.28823,0.29971,0.33333,0.00163,6.0E-4,7.9E-4,0.00574,9.4E-4,0.0016,0.00148,0.00136,0.00375,0.00276,0.00333,0.00273,0.0023,0.00196,0.00361,0.00263,0.66,0,59046,53.156499,-27.772263,3.725,3.725,3.725,3.725,3.725,0,0.0,0.024860426874516846
18028,+53.12869-27.77482,3.731,8.84,0.04,0.04,0.4,0.03,0.02,0.25,0.05,0.05,7.73,0.09,0.09,P,"R3 , R2 , R , O32 , Ne3O2",0.0,\\,53.12869,-27.77482,18028,goods-s-deephst,1210,GS,129965,53.1286945005988,-27.774819043334674,53.12868903303774,-27.77482485494642,7.6,3.7309459160702163,A,-0.01,0.209,T,T,T,T,T,2,2,40,12,12,12,12,56021.4,16806.4,16806.4,16806.4,16806.4,2022-10-24,3.73048,false,,,,,,,,,,0.4444460200995279,,,,29.21181633362261,,0.20626599530828144,,0.07957376521756303,,0.23136427512563468,0.5862231287141739,0.08230329914417249,,0.5041430695647037,,53.734189928359164,,,,,,,,,,0.1477071131984534,,0.18379350571214398,,0.09210414128735683,,,,,,,,,58170,53.128698,-27.774821,11296.168,20432.92,784.0,0.03,0.0,6.059,0.18437,0.00168,5.95716,0.201704,-71.55722,47.657284,0.00601,0.04295,0.07651,0.08912,0.08548,0.08724,0.07507,0.11709,0.08171,0.09846,0.10884,0.18465,0.19804,0.19249,0.18742,0.19177,0.00369,0.00436,0.00806,0.00403,0.00473,0.00651,0.02473,0.00772,0.00264,0.00209,0.00208,0.00246,0.00139,0.00171,0.00234,0.00161,0.5,0,58170,53.128698,-27.774821,3.743,3.743,3.743,3.743,3.743,0,0.0,0.013185597352308452
10016186,+53.11695-27.80283,3.928,8.18,0.01,0.01,2.7,0.15,0.21,1.14,0.02,0.02,8.14,0.11,0.22,M,"R3 , R2 , R , O32",0.0,\\,53.11695,-27.80283,10016186,goods-s-deephst,1210,GS,-9999,53.11694736599367,-27.802830777970122,,,7.6,3.9279264350739447,A,-0.068,-0.171,T,T,T,T,T,3,3,72,18,18,18,18,100838.4,25209.6,25209.6,25209.6,25209.6,2022-10-24,3.940441,false,,,,,,,,,1.5323336494971587,0.13913483436885551,,0.29998255481201164,,0.23330901002621465,,0.22373331146480135,,0.1780570071027711,0.983410063977658,0.07402230229921493,4.875808850080233,0.0899166641478437,,0.41224405001891,,0.0739972395560642,3.422267312754081,0.08773699672225364,,0.16879723897731908,,0.17842301654388895,,0.16802985419990144,,,,0.36410070118845766,,0.402773563126372,,,,,,,,,46456,53.116933,-27.80282,12545.347,17072.334,1619.0,0.03,3.0,9.35,0.24613,0.00315,12.065034,0.436455,-50.001712,96.520271,-0.00259,0.09127,0.14986,0.18401,0.1627,0.18195,0.19901,0.16168,0.19286,0.20576,0.20634,0.25646,0.27572,0.25954,0.21879,0.23262,0.01255,0.00564,0.01232,0.00675,0.00714,0.00938,0.03697,0.01055,0.00566,0.00397,0.00451,0.00389,0.00283,0.00248,0.00454,0.00319,0.33,300,46456,53.116933,-27.80282,3.928,3.928,3.928,3.928,3.928,300,0.0,0.059985828486677606
10015193,+53.10889-27.79840,3.957,8.22,0.04,0.04,6.03,0.31,0.35,1.5,0.02,0.02,8.1,0.06,0.06,P,"R3 , R2 , R , O32 , Ne3O2",0.0,\\,53.10889,-27.7984,10015193,goods-s-deephst,1210,GS,113115,53.108891778653295,-27.798397632621874,53.1088903838579,-27.798399276958335,7.6,3.956485,B,-0.008,0.099,T,F,F,F,F,1,0,24,0,0,0,0,33612.8,0.0,0.0,0.0,0.0,2022-10-24,3.956485,true,,,,,,,,,,,,,,,,,,,,,,,,,,,,,,,,,,,,,,,,,,,,,,,,,48698,53.10889,-27.798398,13399.345,17603.107,167.0,0.34,0.0,4.34,0.1139,0.00756,3.082017,0.01987,-18.727462,24.656136,-0.00339,0.04304,0.07308,0.08341,0.08179,0.09666,0.07799,0.07609,0.0,0.0,0.0,0.0,0.0,0.0,0.0,0.12712,0.00612,0.00276,0.00568,0.00337,0.00386,0.00541,0.02041,0.00624,-99.0,-99.0,-99.0,-99.0,-99.0,-99.0,-99.0,0.00617,0.28,70,48698,53.10889,-27.798398,3.956,3.956,3.956,3.956,3.956,70,0.0,0.005816546617342097
10013578,+53.11875-27.77811,4.022,8.0,0.05,0.05,2.71,0.5,0.23,0.91,0.06,0.06,7.87,0.08,0.09,P,"R3 , R2 , R , O32 , Ne3O2",0.0,\\,53.11875,-27.77811,10013578,goods-s-deephst,1210,GS,127673,53.11875151532594,-27.77811146274969,53.11875116061392,-27.778108529275634,7.6,4.022325,B,0.072,0.095,T,F,F,F,F,3,0,72,0,0,0,0,100838.4,0.0,0.0,0.0,0.0,2022-10-24,4.022325,true,,,,,,,,,,,,,,,,,,,,,,,,,,,,,,,,,,,,,,,,,,,,,,,,,57006,53.118749,-27.778111,12352.647,20037.947,67.0,0.95,0.0,4.05,0.04208,0.00621,2.415238,0.236939,-21.505712,19.321903,0.00425,0.0234,0.03409,0.042,0.04853,0.03196,0.04602,0.0462,0.0,0.0,0.0,0.0,0.0,0.0,0.0,0.04495,0.00419,0.00306,0.00494,0.00282,0.00403,0.00532,0.01561,0.00612,-99.0,-99.0,-99.0,-99.0,-99.0,-99.0,-99.0,0.00425,0.28,70,57006,53.118749,-27.778111,4.022,4.022,4.022,4.022,4.022,70,0.0,0.00818301321841809
4270,+53.16871-27.81516,4.023,8.19,0.02,0.02,9.0,0.25,0.26,9.12,0.11,0.11,8.04,0.06,0.06,M,"R3 , R2 , R , O32 , Ne3O2",0.0,\\,53.16871,-27.81516,4270,goods-s-deephst,1210,GS,198153,53.1687078916441,-27.815158030326053,53.16872546023396,-27.81520087747135,7.2,4.022612387027724,A,0.05,0.212,T,T,T,T,T,3,3,72,18,18,18,18,100838.4,25209.6,25209.6,25209.6,25209.6,2022-10-24,4.022674,false,,,,,,,,,2.7643909023881337,0.13988692187102347,1.0813225412905583,0.10641169891322211,0.5833551505660106,0.09237117432915908,1.2946731495178883,0.10752638230520581,,0.223400574282821,2.680273645558351,0.08748939645104058,18.83599940515283,0.19920682344085244,,0.39480612196814,,0.09836732158497984,12.571804602211266,0.151265369603122,,0.1815604013534918,0.44120742793097,0.06457304969918543,,0.20073408875187404,,,,0.3333588432311207,0.9249626895624316,0.13619066819682588,,,,,,,,,41245,53.168719,-27.815162,7048.013,15590.167,1333.0,0.03,2.0,7.57,0.28316,0.0016,7.791544,0.201828,74.513777,62.332352,0.00671,0.06077,0.15668,0.18094,0.19,0.1941,0.20103,0.21417,0.18366,0.20833,0.22612,0.0,0.5163,0.36979,0.20239,0.2165,0.00209,7.8E-4,0.00105,0.00642,0.00447,0.00744,0.01637,0.00915,0.00597,0.00551,0.00464,-99.0,0.00191,0.00193,0.0027,0.0019,0.33,210,41245,53.168719,-27.815162,4.023,4.023,4.023,4.023,4.023,210,0.0,0.03814749393917065
10013545,+53.12413-27.79914,4.035,7.95,0.06,0.06,1.7,0.18,0.17,2.63,0.08,0.08,8.08,0.06,0.08,M,"R3 , R2 , R , O32 , Ne3O2",0.0,\\,53.12413,-27.79914,10013545,goods-s-deephst,1210,GS,202385,53.124126948138894,-27.79914146528708,53.12412726097762,-27.79913345423605,7.6,4.034982941644632,A,0.044,-0.099,T,T,T,T,T,1,1,20,6,6,6,6,28010.7,8403.2,8403.2,8403.2,8403.2,2022-10-24,4.026673,false,,,,,,,,,1.8384897856586513,0.18155044353782784,,0.41762575679889147,,0.309162454310302,,0.32100441112126993,,0.15584025068468874,1.2415398466817147,0.09376713524653539,8.201454461407073,0.1483536238375977,,0.28809950944263707,,0.07872708350267553,4.696888082720956,0.16851617339518168,,0.04000755725792082,,0.1722538790128906,,0.175138633577061,,,,,,,,,,,,,,,48071,53.124127,-27.799132,11781.58,17515.008,917.0,0.58,3.0,5.105,0.12588,0.00153,7.239804,0.251774,-80.709847,57.91843,0.00311,0.04872,0.10154,0.10621,0.10198,0.12584,0.02765,0.13547,0.11503,0.12075,0.11784,0.15482,0.19745,0.17687,0.13904,0.14861,0.00355,0.00115,0.00162,0.00405,0.00566,0.00741,0.02927,0.0092,0.00232,0.00174,0.00181,0.00187,0.00119,0.00124,0.00189,0.00132,0.33,300,48071,53.124127,-27.799132,4.035,4.035,4.035,4.035,4.035,300,0.0,0.03407543370701016
7507,+53.15548-27.80388,4.044,7.67,0.07,0.07,1.51,0.1,0.08,0.8,0.04,0.04,7.48,0.1,0.09,P,"R3 , R2 , R , O32",1.0,\\,53.15548,-27.80388,7507,goods-s-deephst,1210,GS,109645,53.155483209045514,-27.80388480640391,53.155486147144344,-27.80389020524887,7.6,4.044280246570477,A,0.042,0.141,T,T,T,T,T,1,1,24,6,6,6,6,33612.8,8403.2,8403.2,8403.2,8403.2,2022-10-24,4.038469,false,,,,,,,,,,0.25901164002452964,,0.3278144010990582,,0.3653408305149789,,0.2682969075535261,,0.10055812581164209,0.7180766679163569,0.08895359607525068,3.2209970777177506,0.09831695340295649,,0.1982980373237953,,0.22289115811008656,2.387316611006408,0.10671904119014564,,0.19473792174036464,,0.130292600459674,,0.21756376911388192,,,,,,0.28948185229210366,,,,,,,,,46336,53.155488,-27.803889,8452.212,16943.672,212.0,0.97,0.0,3.402,0.0258,7.1E-4,3.03241,0.043377,0.93372,24.259277,0.00188,0.02932,0.03539,0.03929,0.03287,0.0265,0.03108,0.02841,0.03947,0.03439,0.03046,0.03345,0.04096,0.03327,0.02008,0.02052,8.4E-4,3.1E-4,4.0E-4,0.00245,7.3E-4,0.00132,0.00112,0.00109,0.00127,9.5E-4,9.8E-4,9.9E-4,5.9E-4,6.3E-4,9.9E-4,7.0E-4,0.28,0,46336,53.155488,-27.803889,4.044,4.044,4.044,4.044,4.044,0,0.0,0.021463216519815403
17777,+53.16743-27.77548,4.134,8.25,0.19,0.19,1.0,0.45,0.18,0.29,0.02,0.02,7.8,0.17,0.16,M,"R3 , R2 , R , O32 , Ne3O2",1.0,\\,53.16743,-27.77548,17777,goods-s-deephst,1210,GS,129506,53.167431045169245,-27.775477008035065,53.16743275414417,-27.775475744563195,7.6,4.133660130967116,A,-0.017,0.12,T,T,T,T,T,2,2,48,12,12,12,12,67225.6,16806.4,16806.4,16806.4,16806.4,2022-10-24,4.142855,false,,,,,,,,,,0.30219464013212594,,0.2503859182697573,,0.16832046180154023,,0.20055327524993488,,0.2058261970241292,0.26681690886208725,0.05036227325474492,1.6536870242948591,0.05682225720370626,,0.11899404206850775,,0.07796951750997827,0.5927043758014757,0.05876044643756766,,0.02323060754683689,,0.12451412670079996,,0.0451579368247994,,,,0.06451034139853964,,0.18239121851910636,,,,,,,,,58021,53.16743,-27.775475,7183.097,20353.455,202.0,0.75,0.0,3.77,0.03145,0.00112,3.35122,0.206351,80.581965,26.809757,-3.0E-5,0.00716,0.01228,0.01614,0.01392,0.01186,0.01463,0.01345,0.01672,0.01397,0.01697,0.02435,0.03815,0.03229,0.02822,0.02809,8.1E-4,3.0E-4,3.9E-4,0.00255,6.0E-4,0.001,9.2E-4,8.6E-4,0.00191,0.00137,0.00156,0.00129,0.00107,9.0E-4,0.00165,0.00122,0.28,0,58021,53.16743,-27.775475,4.134,4.134,4.134,4.134,4.134,0,0.0,0.007958653825658671
7762,+53.11333-27.80299,4.149,8.24,0.02,0.02,4.1,0.29,0.28,1.87,0.03,0.03,8.14,0.06,0.06,M,"R3 , R2 , R , O32 , Ne3O2",0.0,\\,53.11333,-27.80299,7762,goods-s-deephst,1210,GS,110238,53.113325898929595,-27.802989822512597,53.11332524674967,-27.80299437615703,7.6,4.148633101082426,A,0.052,0.134,T,T,T,T,T,3,3,72,18,18,18,18,100838.4,25209.6,25209.6,25209.6,25209.6,2022-10-24,4.14716,false,,,,,,,,,1.5361215494440008,0.09718567570394247,,0.2233671089108264,,0.3111078325034263,0.6354285998164211,0.07945140964584708,,0.1637062202482568,0.9703906465994174,0.04169851715727104,5.771100217214878,0.07230174191273851,,0.2382641213093183,,0.04067458532734066,3.6878807514391214,0.06351587578388992,,0.08697722771358617,0.32741145333400345,0.03879695239060459,,0.09870200875044381,,,,0.30232384954064334,,0.42241496105647214,,,,,,,,,46625,53.113333,-27.802995,12927.536,17051.387,524.0,0.03,0.0,5.038,0.11944,0.00151,4.656541,0.122443,9.76425,37.252331,0.0068,0.03595,0.08598,0.08232,0.07752,0.09051,0.09545,0.06288,0.08517,0.08839,0.08599,0.11836,0.1673,0.14135,0.10311,0.10474,0.00739,0.00354,0.00783,0.00403,0.00428,0.00577,0.02204,0.00681,0.00329,0.00229,0.00259,0.00222,0.0016,0.0014,0.0026,0.00184,0.5,0,46625,53.113333,-27.802995,4.149,4.149,4.149,4.149,4.149,0,0.0,0.029304329582775252
7892,+53.15003-27.80250,4.229,7.76,0.03,0.03,1.96,0.05,0.05,1.17,0.02,0.02,7.76,0.11,0.1,M,"R3 , R2 , R , O32 , Ne3O2",0.0,\\,53.15003,-27.8025,7892,goods-s-deephst,1210,GS,201680,53.1500281952735,-27.802502900794497,53.15002451889874,-27.802495386973952,7.6,4.228727546104981,A,-0.055,-0.025,T,T,T,T,T,3,3,72,18,18,18,18,100838.4,25209.6,25209.6,25209.6,25209.6,2022-10-24,4.242245,false,,,,,,,,,0.6909906923322617,0.08995758546145191,,0.24827559593199197,,0.16621974779948068,0.4439284947490958,0.0521454795973235,,0.14315715314076077,0.8529759438045289,0.046030353183951996,4.794441776458627,0.06774105398995933,,0.11514985355709474,,0.04309338980097171,2.844119411601856,0.06526797762633335,,0.09345574743569345,,0.06943550732451383,,0.04410141209305188,,,,0.2283926822666531,,0.4192578031555847,,,,,,,,,46855,53.150025,-27.802496,9032.094,17110.971,318.0,0.79,2.0,3.947,0.04276,0.00106,4.355589,0.31521,54.637746,34.844715,-5.6E-4,0.01851,0.04367,0.05534,0.03936,0.04246,0.02721,0.03081,0.0497,0.04124,0.04137,0.04784,0.07871,0.05946,0.0302,0.0328,0.0012,4.4E-4,5.8E-4,0.00323,0.00379,0.00489,0.00914,0.0057,0.00146,0.00107,0.00112,0.00119,7.7E-4,8.0E-4,0.00123,8.9E-4,0.33,200,46855,53.150025,-27.802496,4.229,4.229,4.229,4.229,4.229,200,0.0,0.026845858224937524
6519,+53.15832-27.80724,4.26,7.68,0.04,0.04,2.92,0.08,0.06,1.71,0.03,0.03,7.69,0.07,0.07,P,"R3 , R2 , R , O32 , Ne3O2",0.0,\\,53.15832,-27.80724,6519,goods-s-deephst,1210,GS,107462,53.158323196371626,-27.80723591452545,53.15832669463332,-27.807240564200452,7.6,4.239049,B,-0.075,-0.07,T,F,F,F,F,1,0,24,0,0,0,0,33612.8,0.0,0.0,0.0,0.0,2022-10-24,4.239049,true,,,,,,,,,,,,,,,,,,,,,,,,,,,,,,,,,,,,,,,,,,,,,,,,,44803,53.158325,-27.807237,8151.064,16541.713,350.0,0.76,0.0,4.135,0.04307,9.2E-4,4.019712,0.092363,72.073644,32.1577,-0.00109,0.02562,0.04103,0.05181,0.03675,0.04155,0.03566,0.03767,0.05087,0.04325,0.04183,0.04613,0.08226,0.05229,0.03259,0.03412,9.9E-4,3.7E-4,4.9E-4,0.00295,0.00167,0.00229,0.00237,0.00227,0.00153,0.00114,0.00119,0.0012,7.5E-4,7.7E-4,0.0012,8.5E-4,0.33,100,44803,53.158325,-27.807237,4.239,4.239,4.239,4.239,4.239,100,0.0,0.006946595048025867
10001916,+53.13228-27.79811,4.283,6.38,0.06,0.06,0.23,0.02,0.02,0.16,0.02,0.02,7.23,0.21,0.2,M,R3,1.0,\\,53.13228,-27.79811,10001916,goods-s-deephst,1210,GS,113342,53.13227556086956,-27.798113425102386,53.132274902143436,-27.798112839458152,9.0,4.283052988442751,A,0.038,0.165,T,T,T,T,T,1,1,24,6,6,6,6,33612.8,8403.2,8403.2,8403.2,8403.2,2022-10-24,4.282021,false,,,,1.29364867401413,,,,,,0.53072269338309,,0.07154141671303894,,0.12135407728462187,,0.23637198626158976,,0.22724953624854582,,0.15717240933970406,0.4385378853203982,0.07147491047809088,,0.1687556809186448,,0.0662864960852314,0.34235499160179667,0.0663249543880438,,0.06584407070728242,,0.08248851099489209,,0.09797811553491176,,,,0.14953134530975723,,0.23468288577633065,,,,,,,,,48887,53.132275,-27.798116,10916.549,17636.955,39.0,0.75,0.0,2.917,0.00279,5.4E-4,1.830411,0.171198,-41.301049,14.64329,9.0E-5,0.00156,0.00289,0.00245,0.00299,0.00712,0.0057,-0.00113,0.00305,0.00217,0.00362,0.00232,0.0054,0.00368,0.00128,0.00201,7.3E-4,2.7E-4,3.5E-4,0.00197,0.00276,0.00389,0.01415,0.00445,0.00104,7.8E-4,8.2E-4,8.2E-4,4.7E-4,5.0E-4,8.1E-4,5.8E-4,0.28,0,48887,53.132275,-27.798116,4.283,4.283,4.283,4.283,4.283,0,0.0,0.009440141649835398
8073,+53.15119-27.80195,4.392,7.7,0.05,0.05,1.68,0.24,0.17,0.5,0.04,0.04,7.82,0.13,0.13,P,"R3 , R2 , R , O32",1.0,$â¡$ \\,53.15119,-27.80195,8073,goods-s-deephst,1210,GS,110878,53.15119450422578,-27.801949048682946,53.151198087659125,-27.801951394624115,7.6,4.392498,B,0.039,-0.163,T,F,F,F,F,1,0,24,0,0,0,0,33612.8,0.0,0.0,0.0,0.0,2022-10-24,4.392498,true,,,,,,,,,,,,,,,,,,,,,,,,,,,,,,,,,,,,,,,,,,,,,,,,,47149,53.151196,-27.801948,8907.841,17176.701,217.0,0.67,0.0,3.823,0.02611,7.1E-4,3.540563,0.213496,-87.655551,28.324503,-2.0E-5,0.00572,0.01423,0.01667,0.0191,0.01264,0.02249,0.0137,0.01937,0.02031,0.01971,0.02443,0.03728,0.0296,0.02285,0.02244,9.5E-4,3.6E-4,4.6E-4,0.00257,0.00142,0.00187,0.00213,0.00181,0.00113,8.4E-4,8.7E-4,9.4E-4,5.5E-4,6.3E-4,9.2E-4,6.6E-4,0.28,0,47149,53.151196,-27.801948,4.392,4.392,4.392,4.392,4.392,0,0.0,0.0060778781803106936
10000626,+53.14700-27.81303,4.464,6.72,0.2,0.2,0.34,0.02,0.02,0.29,0.02,0.02,7.29,0.12,0.11,M,R3,1.0,$â¡$ \\,53.147,-27.81303,10000626,goods-s-deephst,1210,GS,103349,53.14699887915106,-27.813033521174038,53.14700181248493,-27.81302991436672,7.6,4.4646860700179545,A,0.035,0.102,T,T,T,T,T,2,2,48,12,12,12,12,67225.6,16806.4,16806.4,16806.4,16806.4,2022-10-24,4.467823,false,,,,0.16609813789146918,,,,,,0.13580280013901028,,0.14548457408358856,,0.20369297631229002,,0.1710401293322446,,0.06383068747969306,0.3014303559237077,0.051233125054564795,0.867718559864628,0.06637351791637029,,0.08903405286366307,,0.029430017354287435,0.618108461725492,0.06036780660486076,,0.018501048200956695,,0.08398100414675186,,0.042567203091210565,,,,0.41436971772586284,,,,,,,,,,,42371,53.147,-27.813031,9353.543,15846.598,61.0,0.96,0.0,2.833,0.00481,4.0E-4,2.324034,0.180584,52.675322,18.592274,1.1E-4,0.00398,0.00535,0.00697,0.00282,0.00167,-0.01686,0.00808,0.00462,0.0065,0.00442,0.00558,0.0083,0.0056,0.00311,0.00443,6.8E-4,2.5E-4,3.2E-4,0.00202,0.00277,0.00386,0.01443,0.00445,8.3E-4,6.3E-4,5.8E-4,5.7E-4,3.5E-4,3.7E-4,6.0E-4,4.4E-4,0.28,0,42371,53.147,-27.813031,4.465,4.465,4.465,4.465,4.465,0,0.0,0.009752690731014384
7304,+53.16083-27.80455,4.49,7.61,0.13,0.13,0.3,0.07,0.05,0.24,0.02,0.02,7.42,0.2,0.16,P,R3,1.0,\\,53.16083,-27.80455,7304,goods-s-deephst,1210,GS,109155,53.160826417269405,-27.804554325658433,53.16085911681911,-27.804578224896083,7.5,4.490012,B,0.09,0.07,T,F,F,F,F,1,0,24,0,0,0,0,33612.8,0.0,0.0,0.0,0.0,2022-10-24,4.490012,true,,,,,,,,,,,,,,,,,,,,,,,,,,,,,,,,,,,,,,,,,,,,,,,,,46069,53.160836,-27.804561,7884.46,16862.807,186.0,0.01,0.0,5.496,0.01821,0.00109,4.425026,0.428576,28.795763,35.400211,-7.9E-4,0.00709,0.01972,0.02246,0.01812,0.01762,0.01682,0.01441,0.02286,0.01926,0.01559,0.01303,0.02345,0.01883,0.01481,0.01552,0.00124,4.5E-4,6.1E-4,0.00377,8.3E-4,0.00143,0.00129,0.00122,0.00182,0.00137,0.00142,0.00141,8.3E-4,8.8E-4,0.00144,0.00103,0.28,100,46069,53.160836,-27.804561,4.49,4.49,4.49,4.49,4.49,100,0.0,0.038839190369316184
17072,+53.17022-27.77739,4.702,8.3,0.04,0.04,0.75,0.08,0.06,0.53,0.06,0.06,8.28,0.06,0.07,P,"R3 , R2 , R , O32",1.0,$â¡$ \\,53.17022,-27.77739,17072,goods-s-deephst,1210,GS,208919,53.170215683588026,-27.777394629574356,53.17023976211374,-27.777384085860074,7.5,4.702009779716381,A,-0.014,-0.143,T,T,T,T,T,3,3,72,18,18,18,18,100838.4,25209.6,25209.6,25209.6,25209.6,2022-10-24,4.711279,false,,,,0.39753201630642465,,,,,,0.06960153309615966,,0.12330942850165968,,0.055522942355300066,,0.14675033609920066,,0.031979611390722605,,0.15475447866294562,0.6243591925540181,0.06258350770811912,,0.038534816376206656,,0.06886300822043118,0.5789068087123278,0.06313408236453787,,0.12883010607666315,,0.08244022155856655,,0.04438759096508001,,,,0.05408520476375836,,,,,,,,,,,57169,53.170234,-27.777385,6885.435,20124.154,514.0,0.02,2.0,8.238,0.05279,0.00165,8.108221,0.51693,-25.974321,64.865768,-0.00172,0.01141,0.04492,0.03815,0.04791,0.04224,0.047,0.04275,0.05212,0.05156,0.047,0.04956,0.08332,0.06698,0.06093,0.05151,0.00227,8.2E-4,0.00109,0.00686,0.00143,0.00246,0.00221,0.00203,0.00372,0.00263,0.003,0.00249,0.0022,0.00187,0.00349,0.00266,0.33,200,57169,53.170234,-27.777385,4.702,4.702,4.702,4.702,4.702,200,0.0,0.06786301197967065
18090,+53.16718-27.77462,4.775,7.86,0.03,0.03,4.91,0.1,0.1,3.93,0.29,0.29,7.84,0.08,0.08,M,"R3 , R2 , R , O32 , Ne3O2",0.0,\\,53.16718,-27.77462,18090,goods-s-deephst,1210,GS,209707,53.16717993318765,-27.774615188112524,53.167194429468296,-27.77459156927037,7.5,4.775623720493336,A,0.013,-0.167,T,T,T,T,T,1,1,24,6,6,6,6,33612.8,8403.2,8403.2,8403.2,8403.2,2022-10-24,4.785467,false,,,,0.6775803535021655,,,,,1.258151354649456,0.12933736212583916,0.8098797307283655,0.08691532191892712,,0.29500757410975614,0.7300372200170046,0.09276266648327437,,0.2330381050282309,1.731562869838793,0.10264329856999069,12.103353863252762,0.21365334744266665,,0.245203700929436,,1.1591668486471263,4.773412814060446,0.15438291464963766,,0.13544621181076832,,0.1401023341228419,,0.054020737257546345,,,,0.5457441132289048,,,,,,,,,,,58236,53.16718,-27.774616,7209.694,20456.672,570.0,0.03,0.0,5.933,0.13795,0.00183,6.361997,0.47182,-62.567649,50.895977,0.0021,0.00635,0.04268,0.05091,0.06449,0.06688,0.06662,0.06845,0.06431,0.07153,0.07151,0.0902,0.22843,0.15954,0.1185,0.1129,0.00135,4.9E-4,6.5E-4,0.00438,8.8E-4,0.00143,0.00133,0.0012,0.00316,0.0023,0.00261,0.00218,0.00193,0.00158,0.00283,0.00209,0.5,0,58236,53.16718,-27.774616,4.774,4.774,4.774,4.774,4.774,0,0.0,0.0029305322958878884
7938,+53.16268-27.80237,4.806,8.07,0.03,0.03,3.22,0.07,0.07,1.69,0.03,0.03,7.81,0.08,0.08,M,"R3 , R2 , R , O32 , Ne3O2",0.0,\\,53.16268,-27.80237,7938,goods-s-deephst,1210,GS,201730,53.162679416861685,-27.80236896618757,53.16268212888393,-27.80237322906601,7.5,4.806311238878669,A,-0.051,-0.17,T,T,T,T,T,2,2,48,12,12,12,12,67225.6,16806.4,16806.4,16806.4,16806.4,2022-10-24,4.814698,false,,,0.8742289675040071,0.15770812522131056,,,,,0.8925406455369902,0.08951258852975413,0.6923725038971789,0.08019516120606772,,0.2391331115451581,0.38495401659792855,0.07326605261764779,,0.097458324981646,1.0874681441708562,0.06342534999111261,7.106117824854085,0.135822713325562,,0.17214772428652658,,0.15461277914081598,3.2265652253269024,0.08478854858077353,,0.10504934378264373,,0.15484875526656133,,0.12688266039368615,,,,,,,,,,,,,,,46945,53.162685,-27.802374,7688.086,17125.281,369.0,0.03,0.0,4.594,0.05243,9.6E-4,4.671209,0.247646,3.040392,37.369675,0.00127,0.01075,0.05066,0.06105,0.06049,0.06041,0.05484,0.05382,0.06483,0.0668,0.05869,0.05776,0.10248,0.06772,0.04701,0.04311,0.00112,4.0E-4,5.4E-4,0.00327,7.4E-4,0.00129,0.00115,0.00107,0.0028,0.00192,0.0022,0.0018,8.5E-4,8.7E-4,0.00135,9.7E-4,0.33,0,46945,53.162685,-27.802374,4.806,4.806,4.806,4.806,4.806,0,0.0,0.025386850687108883
5457,+53.11667-27.81093,4.863,7.79,0.28,0.28,1.4,0.26,0.2,0.48,0.02,0.02,8.13,0.07,0.08,P,"R3 , R2 , R , O32 , Ne3O2",1.0,\\,53.11667,-27.81093,5457,goods-s-deephst,1210,GS,104855,53.11667010968712,-27.810927318464117,53.116678273506075,-27.810932111737007,7.5,4.8631511339788,A,-0.007,0.116,T,T,T,T,T,1,1,24,6,6,6,6,33612.8,8403.2,8403.2,8403.2,8403.2,2022-10-24,4.869484,false,,,,0.5015388197734698,,,,,,0.21012671985680445,,0.25829852497628264,,0.18108648409673922,,0.22271887161357598,,0.1840085837786706,,45.41995282969488,1.6079587903665031,0.11599166401459485,,0.1379538427754798,,0.03196007259796821,0.9233169792278266,0.07462397394214051,,0.12089617410144936,,0.08576451751182435,,0.0974773460570388,,,,,,,,,,,,,,,43249,53.116677,-27.810932,12572.513,16098.816,154.0,0.63,0.0,4.108,0.02179,0.00112,3.251359,0.224485,-30.046474,26.010872,-0.00907,0.00631,0.00475,0.01191,0.01963,0.02397,0.02821,0.0213,0.01934,0.02151,0.01799,0.01902,0.03373,0.03327,0.02729,0.02421,0.00699,0.00341,0.00722,0.00338,0.00464,0.0063,0.03082,0.00793,0.00316,0.00215,0.00242,0.00205,0.00141,0.00125,0.00239,0.00171,0.28,0,43249,53.116677,-27.810932,4.863,4.863,4.863,4.863,4.863,0,0.0,0.027665903609501465
4009,+53.15705-27.81629,4.866,8.04,0.1,0.1,2.11,0.41,0.37,1.27,0.07,0.07,7.66,0.12,0.11,P,"R3 , R2 , R , O32 , Ne3O2",1.0,\\,53.15705,-27.81629,4009,goods-s-deephst,1210,GS,197791,53.157052671265525,-27.816289655123285,53.157066471175774,-27.81630345053403,7.5,4.863714,B,-0.085,0.22,T,F,F,F,F,2,0,48,0,0,0,0,67225.6,0.0,0.0,0.0,0.0,2022-10-24,4.863714,true,,,,,,,,,,,,,,,,,,,,,,,,,,,,,,,,,,,,,,,,,,,,,,,,,40922,53.157065,-27.816302,8285.179,15453.711,277.0,0.74,3.0,4.117,0.0261,0.00102,5.285279,0.423975,48.186616,42.282234,-4.8E-4,0.00362,0.02404,0.02473,0.02559,0.0278,-0.06261,0.01523,0.0343,0.03274,0.03093,0.02749,0.03974,0.03306,0.03022,0.02802,0.00113,4.2E-4,5.7E-4,0.00338,0.00318,0.00515,0.02691,0.00608,0.00171,0.00127,0.00133,0.00133,7.9E-4,8.2E-4,0.00134,9.6E-4,0.33,300,40922,53.157065,-27.816302,4.864,4.864,4.864,4.864,4.864,300,0.0,0.05929583504227243
17260,+53.12689-27.77689,4.885,7.97,0.12,0.12,0.44,0.05,0.04,0.23,0.03,0.03,7.27,0.12,0.11,P,R3,1.0,\\,53.12689,-27.77689,17260,goods-s-deephst,1210,GS,209065,53.126886315296574,-27.776887192365237,53.126888799079865,-27.776891073949216,6.2,4.885127146013534,A,0.005,-0.101,T,T,T,T,T,3,3,72,18,18,18,18,100838.4,25209.6,25209.6,25209.6,25209.6,2022-10-24,4.888918,false,,,,0.18151078762671116,,,,,,0.10067870788260017,,0.08614290377037265,,0.14372144095182574,,0.14741633237561141,,0.1384377934694689,,39.98760874965829,,0.18960081815535054,,0.03570688792217029,,0.10237138272264908,0.4310663232343421,0.05186413479453709,,0.10675634700027377,,0.01927406938451328,,0.014658948854322068,,,,,,,,,,,,,,,57478,53.126891,-27.776889,11488.107,20184.689,153.0,0.51,0.0,4.607,0.01689,9.6E-4,3.66065,0.305572,-88.471089,29.2852,-0.00324,0.00347,0.02464,0.02932,0.02631,0.0221,-0.01759,0.0216,0.03147,0.02904,0.02698,0.02227,0.02276,0.0184,0.01713,0.01434,0.00405,0.00306,0.00535,0.00267,0.0038,0.00501,0.02059,0.00594,0.00186,0.00147,0.00143,0.00164,8.5E-4,0.00101,0.00145,0.00105,0.28,100,57478,53.126891,-27.776889,4.885,4.885,4.885,4.885,4.885,100,0.0,0.016278839342368942
10005217,+53.17351-27.77187,4.888,7.33,0.01,0.01,2.24,0.05,0.04,1.84,0.01,0.01,7.38,0.08,0.08,P,"R3 , R2 , R , O32 , Ne3O2",0.0,\\,53.17351,-27.77187,10005217,goods-s-deephst,1210,GS,-9999,53.17351437655147,-27.771867333022122,,,7.5,4.888323017869398,A,-0.038,-0.115,T,T,T,T,T,3,3,72,18,18,18,18,100838.4,25209.6,25209.6,25209.6,25209.6,2022-10-24,4.893783,false,,,,0.30459877546279346,,,,,,0.16027917648963605,0.3038092630971965,0.0521995028231429,,0.15213325113175838,0.42725019379742635,0.046792541770657385,,0.09705563071486488,0.9324192537934357,0.05268830688399304,4.2142711576760785,0.08684072255444128,0.19401814692274466,0.03745699994324852,,0.04185878941819276,3.453127238677834,0.04817822909192473,,0.028533736318121408,,0.07650847521308074,,0.062338615690446575,,,,,,,,,,,,,,,59719,53.173555,-27.771602,6532.472,20818.088,36.0,0.73,16.0,6.529,0.00436,6.0E-4,1.767166,0.082825,-34.623771,14.137331,0.00151,0.00399,0.00395,0.00477,0.00471,0.00303,0.00394,0.00353,0.00313,0.00373,0.00325,0.00574,0.00539,0.00187,0.00215,0.00405,7.7E-4,2.8E-4,3.7E-4,0.00232,6.5E-4,0.00115,0.00104,9.7E-4,9.6E-4,7.5E-4,7.8E-4,8.3E-4,4.2E-4,4.2E-4,6.7E-4,5.3E-4,0.28,100,59719,53.173555,-27.771602,-99.0,3.45,3.701,3.424,3.424,100,0.0,0.9639237068405005
8113,+53.12300-27.80176,4.903,7.8,0.05,0.05,2.48,0.25,0.16,0.87,0.04,0.04,7.88,0.08,0.08,P,"R3 , R2 , R , O32 , Ne3O2",0.0,\\,53.123,-27.80176,8113,goods-s-deephst,1210,GS,110987,53.12299666379905,-27.801755990502976,53.12300186481277,-27.801758954099153,6.2,4.902771035612314,A,0.06,-0.195,T,T,T,T,T,3,3,72,18,18,18,18,100838.4,25209.6,25209.6,25209.6,25209.6,2022-10-24,4.900281,false,,,,0.3534383461323635,,,,,0.5219945424795351,0.07537086390848574,0.3904313447270117,0.06857113231882538,,0.3098960767493072,,0.20384783873739085,,0.09866000758667445,,3.9484557624476455,3.806688712527197,0.08760234402974267,,0.09697274248082616,,0.10693465704379676,1.7867788142415435,0.07061659990698943,,0.03617849007183582,,0.1036160447756052,,0.1443974554946582,,,,,,,,,,,,,,,47193,53.123002,-27.801759,11901.006,17199.686,339.0,0.75,2.0,4.276,0.04296,8.9E-4,4.786759,0.369517,-46.920104,38.294071,0.00292,0.00539,0.01151,0.01999,0.02033,0.01988,-0.0203,0.01756,0.02564,0.03169,0.03094,0.03595,0.06377,0.04809,0.05025,0.03986,0.00798,0.0027,0.00603,0.00278,0.00389,0.00521,0.02264,0.00611,0.00186,0.00146,0.00145,0.00163,7.4E-4,7.7E-4,0.00124,8.7E-4,0.33,200,47193,53.123002,-27.801759,4.903,4.903,4.903,4.903,4.903,200,0.0,0.02015279907418584
5759,+53.14946-27.80979,5.052,7.4,0.1,0.1,1.25,0.08,0.09,0.83,0.04,0.04,7.58,0.24,0.18,M,"R3 , R2 , R , O32",1.0,\\,53.14946,-27.80979,5759,goods-s-deephst,1210,GS,105635,53.149455480855444,-27.809792909572376,53.14946248221739,-27.809795579130892,7.5,5.0518938212794104,A,0.09,0.134,T,T,T,T,T,2,1,48,6,6,6,6,67225.6,8403.2,8403.2,8403.2,8403.2,2022-10-24,5.047855,false,,,,0.40184308249322387,,,,,,0.3439259830629105,,0.18473062902650464,,0.2335851739006053,,0.23185822939672462,,0.47489897011840293,,0.355999045919706,2.0717342559005827,0.13796804062419515,,0.16562786653327435,,0.26685666316331774,1.4552610534268697,0.11986198570933355,,0.20382523149520868,,0.18939200596700018,,0.16433251648719924,,,,,,,,,,,,,,,43719,53.14946,-27.809797,9092.343,16234.685,141.0,0.95,0.0,3.507,0.01491,5.1E-4,3.444452,0.333343,-34.420877,27.555613,-1.0E-5,0.00126,0.01238,0.01301,0.01525,0.02045,-0.01113,0.01227,0.01541,0.01529,0.01465,0.01261,0.02578,0.01552,0.02725,0.01903,9.0E-4,3.3E-4,4.3E-4,0.00248,0.00344,0.00472,0.01841,0.00556,9.2E-4,6.8E-4,7.2E-4,6.9E-4,4.7E-4,4.8E-4,8.1E-4,5.8E-4,0.28,0,43719,53.14946,-27.809797,5.052,5.052,5.052,5.052,5.052,0,0.0,0.020589078698749028
10015338,+53.11535-27.77289,5.076,7.94,0.04,0.04,3.64,0.15,0.19,1.89,0.05,0.05,7.57,0.08,0.08,P,"R3 , R2 , R , O32 , Ne3O2",0.0,$â¡$ \\,53.11535,-27.77289,10015338,goods-s-deephst,1210,GS,131582,53.11534504311848,-27.772893458172252,53.11532120918527,-27.7728925483319,7.5,5.076272279968055,A,0.092,-0.136,T,T,T,T,T,1,1,24,6,6,6,6,33612.8,8403.2,8403.2,8403.2,8403.2,2022-10-24,5.073368,false,,,,,,,,,,0.42750146123185345,,0.597149258416132,,0.39446429032367697,1.459591859981055,0.21248913990696428,,0.3350665846269414,0.7804870106170587,0.15423146334316143,,,,0.33736972424508993,,0.3240611288685556,3.4368269731311405,0.18941378308714418,,0.3699658523425693,,0.3784204491125718,,0.21226415741242213,,,,,,,,,,,,,,,59160,53.115319,-27.772899,12716.911,20663.564,69.0,0.95,0.0,3.284,0.04184,0.00558,2.199491,0.129391,0.884924,17.59593,-0.00495,8.2E-4,0.01848,0.0351,0.06319,0.06501,0.03556,0.04684,0.0,0.0,0.0,0.0,0.0,0.0,0.0,0.06336,0.00321,0.00332,0.00598,0.00293,0.00413,0.00554,0.02241,0.00666,-99.0,-99.0,-99.0,-99.0,-99.0,-99.0,-99.0,0.00517,0.28,70,59160,53.115319,-27.772899,5.076,5.076,5.076,5.076,5.076,70,0.0,0.08532009548161787
9452,+53.11583-27.79755,5.122,8.13,0.17,0.17,4.17,1.17,0.97,1.19,0.11,0.11,7.92,0.21,0.22,P,R3,0.0,$â¡$ \\,53.11583,-27.79755,9452,goods-s-deephst,1210,GS,203112,53.11583377405873,-27.797548779903753,53.11583777427359,-27.79755122757345,7.5,5.1224385737936675,A,-0.091,0.199,T,T,T,T,T,1,1,24,6,6,6,6,33612.8,8403.2,8403.2,8403.2,8403.2,2022-10-24,5.13462,false,,,,0.9374796642141996,,,,,,0.17520705625111152,,0.18798875996447922,,2.2004114954697407,,0.174862826808702,,0.115733556661086,,0.20602984515643502,3.39297221034663,0.27691297760536276,,0.07701615274246926,,0.4921357803450823,2.040545128049268,0.2175953776509606,,0.21995089327856138,,0.3883490970587944,,0.5103095353070493,,,,,,,,,,,,,,,49004,53.115834,-27.797549,12662.076,17704.959,266.0,0.85,0.0,3.769,0.0326,7.8E-4,3.727292,0.144452,8.760851,29.818333,0.01825,0.00256,0.01673,0.0199,0.03104,0.03357,0.04214,0.03177,0.02778,0.03201,0.02855,0.02815,0.05977,0.03016,0.05666,0.04091,0.00584,0.00252,0.00566,0.00256,0.00359,0.0047,0.01908,0.0056,0.00138,0.00104,0.00108,0.00108,6.6E-4,6.6E-4,0.00111,7.7E-4,0.28,0,49004,53.115834,-27.797549,5.122,5.122,5.122,5.122,5.122,0,0.0,0.0010702934868605453
4902,+53.11852-27.81297,5.123,8.69,0.03,0.03,1.77,0.41,0.24,0.5,0.02,0.02,8.22,0.07,0.09,P,"R3 , R2 , R , O32",1.0,\\,53.11852,-27.81297,4902,goods-s-deephst,1210,GS,103366,53.11852484061927,-27.81296696370446,53.11853114447441,-27.81297013635407,7.5,5.122753,B,0.077,-0.099,T,F,F,F,F,2,0,48,0,0,0,0,67225.6,0.0,0.0,0.0,0.0,2022-10-24,5.122753,true,,,,,,,,,,,,,,,,,,,,,,,,,,,,,,,,,,,,,,,,,,,,,,,,,42303,53.118529,-27.812972,12375.876,15853.968,322.0,0.87,0.0,4.001,0.06792,0.00122,4.137171,0.307295,-44.169032,33.09737,-2.0E-4,0.00132,0.02417,0.0332,0.05085,0.04595,0.04308,0.06123,0.05072,0.05336,0.05358,0.05202,0.08321,0.07061,0.08545,0.08267,0.0059,0.00276,0.00573,0.00271,0.00376,0.00476,0.01859,0.0055,0.00262,0.00179,0.00204,0.00171,0.00128,0.00109,0.00209,0.00148,0.33,100,42303,53.118529,-27.812972,5.123,5.123,5.123,5.123,5.123,100,0.0,0.022452676802008437
9743,+53.12300-27.79661,5.44,7.48,0.08,0.08,2.8,0.28,0.23,3.21,0.32,0.32,7.43,0.26,0.2,M,R3,0.0,\\,53.123,-27.79661,9743,goods-s-deephst,1210,GS,114213,53.12300483817387,-27.79661121859753,53.123006180602566,-27.796614960609585,7.5,5.440120395841555,A,-0.071,0.222,T,T,T,T,T,1,1,24,6,6,6,6,33612.8,8403.2,8403.2,8403.2,8403.2,2022-10-24,5.45155,true,,,,0.28693186953147215,,,,,,0.3678013423031959,,0.36717515441162907,,0.2560565527895032,,,,,,0.7039446787816382,2.549710651500541,0.24807870999679285,,0.6057582203897163,,0.8596936445228865,2.6170342177180355,0.20976742296781917,,0.40661182272479984,,0.36413192664139366,,0.36128353104111327,,,,,,,,,,,,,,,49443,53.123006,-27.796613,11900.592,17817.328,136.0,0.97,0.0,3.004,0.02106,6.1E-4,2.556633,0.037537,-26.894614,20.453064,-7.1E-4,0.00153,0.003,0.00528,0.01333,0.00993,0.00249,0.00207,0.01239,0.01492,0.01405,0.01399,0.01399,0.02705,0.03398,0.02039,8.5E-4,3.1E-4,4.1E-4,0.00206,0.00318,0.00425,0.01637,0.00482,0.00115,8.7E-4,9.0E-4,9.0E-4,5.3E-4,5.7E-4,9.4E-4,6.6E-4,0.28,0,49443,53.123006,-27.796613,5.44,5.44,5.44,5.44,5.44,0,0.0,0.007403834008490552
9343,+53.12874-27.79787,5.443,7.25,0.37,0.37,0.14,0.1,0.06,0.39,0.09,0.09,7.73,0.15,0.18,P,"R2 , Ne3O2",0.0,\\,53.12874,-27.79787,9343,goods-s-deephst,1210,GS,113461,53.12873556587608,-27.79787167758234,53.12873701067564,-27.797874630427845,7.5,5.443072350588764,A,0.01,-0.148,T,T,T,T,T,1,1,24,6,6,6,6,33612.8,8403.2,8403.2,8403.2,8403.2,2022-10-24,5.443395,false,,,,0.6498675610629792,,,,,,0.21013576421580693,0.5305774926289248,0.09816317512717797,,0.15191616373618463,,,,,0.4418366612533464,0.08282563361322837,1.9607280760000176,0.09813685440482142,,0.07320443643883486,,0.04178340590137499,1.0592700647553803,0.08414509909988971,,0.08316310136496409,,0.20694434795101832,,0.10324876415282992,,,,,,,,,,,,,,,48888,53.128736,-27.797875,11292.228,17665.848,201.0,0.41,0.0,3.913,0.02185,8.8E-4,3.262151,0.096372,51.044327,26.09721,1.9E-4,2.9E-4,0.00471,0.00618,0.00711,0.0069,0.02988,0.01446,0.01316,0.0146,0.01367,0.01403,0.01527,0.02822,0.02998,0.02167,0.00102,3.8E-4,5.0E-4,0.00266,0.00387,0.00537,0.01557,0.00619,0.00147,0.0011,0.00116,0.00116,6.7E-4,7.3E-4,0.00118,8.4E-4,0.28,100,48888,53.128736,-27.797875,5.443,5.443,5.443,5.443,5.443,100,0.0,0.012040336854883536
10016374,+53.11572-27.77496,5.503,7.63,0.05,0.05,2.38,0.09,0.07,1.17,0.03,0.03,7.75,0.07,0.07,P,"R3 , R2 , R , O32 , Ne3O2",0.0,\\,53.11572,-27.77496,10016374,goods-s-deephst,1210,GS,129949,53.11571701648475,-27.774955066560974,53.115732281841474,-27.77495898252373,7.5,5.503255697070718,A,0.033,0.047,T,T,T,T,T,2,2,48,12,12,12,12,67225.6,16806.4,16806.4,16806.4,16806.4,2022-10-24,5.507206,false,,0.3315264320542941,,,,,,0.19101007297214714,0.45076977103419785,0.07069664450116568,,0.17991029386622553,,0.11935654818522991,0.5593403769910685,0.07639253672009284,,0.25572412847390774,,,,,,0.11087930546403715,,0.07462915154250618,1.7880623762878176,0.06240774235552956,,0.021349942957674513,,0.03983495804649155,,0.1349697612467561,,,,,,,,,,,,,,,58336,53.115726,-27.774956,12673.739,20416.617,41.0,0.95,0.0,4.462,0.03598,0.00638,1.950938,0.293679,73.346955,15.607501,3.8E-4,0.00185,0.00759,0.01264,0.02948,0.03509,0.05481,0.04244,0.0,0.0,0.0,0.0,0.0,0.0,0.0,0.04624,0.00372,0.00392,0.00732,0.00331,0.00464,0.00569,0.02394,0.00677,-99.0,-99.0,-99.0,-99.0,-99.0,-99.0,-99.0,0.0057,0.28,70,58336,53.115726,-27.774956,5.503,5.503,5.503,5.503,5.503,70,0.0,0.028811157854110786
6246,+53.12972-27.80818,5.562,7.78,0.11,0.11,3.0,0.55,0.53,0.59,0.03,0.03,7.52,0.16,0.12,M,"R3 , R2 , R , O32",1.0,\\,53.12972,-27.80818,6246,goods-s-deephst,1210,GS,106885,53.129721933420406,-27.80817687069232,53.12972689559397,-27.808180281900142,7.5,5.561597889393571,A,-0.023,0.128,T,T,T,T,T,3,3,72,18,18,18,18,100838.4,25209.6,25209.6,25209.6,25209.6,2022-10-24,5.56917,false,,0.09589033818000273,,0.06799537471729768,,,,0.15277142859626366,,0.13470452821073642,,0.10642733242498652,,0.10925569398050204,,0.15135132352067607,,0.13373935053791774,0.2982702905057153,0.03785403835425498,1.1432911234123937,0.04787390381576306,,0.028177231954559012,,0.024852187636827665,0.7492534127299237,0.04869050735830356,,0.08639925622748901,,0.0764550574080032,,0.09875174544500624,,,,,,,,,,,,,,,44476,53.129724,-27.80818,11187.394,16429.129,170.0,0.48,0.0,3.938,0.02156,0.001,3.275019,0.243445,-35.569367,26.20015,-0.00283,6.2E-4,0.00997,0.00558,0.00817,0.01317,0.01718,0.01079,0.00982,0.01311,0.01068,0.01117,0.01368,0.01752,0.01583,0.01401,0.00445,0.00253,0.00429,0.00193,0.00251,0.00357,0.01381,0.00405,0.00163,0.0011,0.00125,0.00106,7.6E-4,6.8E-4,0.00132,9.5E-4,0.28,0,44476,53.129724,-27.80818,5.562,5.562,5.562,5.562,5.562,0,0.0,0.013046638348688213
16745,+53.13002-27.77839,5.567,8.26,0.03,0.03,6.45,0.26,0.27,2.19,0.04,0.04,8.13,0.06,0.06,P,"R3 , R2 , R , O32 , Ne3O2",0.0,\\,53.13002,-27.77839,16745,goods-s-deephst,1210,GS,208642,53.130023418398196,-27.778392544854654,53.13004930652269,-27.7783892314221,4.0,5.5665523440577385,A,-0.02,0.162,T,T,T,T,T,3,3,72,18,18,18,18,100838.4,25209.6,25209.6,25209.6,25209.6,2022-10-24,5.573701,false,,0.05323136512231752,,,,,,0.2776891129248585,1.3151125482348776,0.08420840678213319,0.45144547132487367,0.054451419748674616,,0.14799667539304903,0.7085397816188816,0.08753237465178763,,0.21055062447436984,0.4349160171850683,0.052483906152845955,,,,0.14688905589997941,0.450096545650046,0.08187417725897995,2.074813189934757,0.06582115920147089,,0.0936318983774532,,0.10547518030563863,,0.11761922837763276,,,,,,,,,,,,,,,56786,53.130052,-27.778388,11152.42,20004.709,612.0,0.03,19.0,10.013,0.17075,0.0019,9.109794,0.61821,-8.131313,72.878349,0.00194,0.01006,0.04386,0.03409,0.09168,0.103,0.10838,0.09594,0.10614,0.11105,0.09553,0.09123,0.09943,0.13965,0.10539,0.11386,0.00653,0.00274,0.00383,0.00466,0.00605,0.00731,0.03077,0.00916,0.00332,0.0026,0.00255,0.00295,0.00157,0.00197,0.00273,0.0019,0.33,300,56786,53.130052,-27.778388,5.567,5.567,5.567,5.567,5.567,300,0.0,0.09249456276917921
6384,+53.13059-27.80771,5.615,8.42,0.13,0.13,1.84,0.77,0.53,0.44,0.07,0.07,7.3,0.05,0.07,P,R3,1.0,\\,53.13059,-27.80771,6384,goods-s-deephst,1210,GS,200272,53.13059148871876,-27.80771308097797,53.130581420526724,-27.807719355454548,4.0,5.615412382166891,A,0.003,-0.22,T,T,T,T,T,1,1,24,6,6,6,6,33612.8,8403.2,8403.2,8403.2,8403.2,2022-10-24,5.613911,false,,0.12965999016092716,,0.2750482302984859,,,,0.5645180057356874,,0.42906984232199535,,0.1519732141127941,,0.23611826261793512,,24.39626936066832,,0.1477870277010965,,0.39332195495199757,0.9403027735953785,0.1488563838591351,,0.12721163769756683,,0.3265303117775864,,0.39162497982201994,,0.2703224093599347,,0.27246572569500976,,0.4252008720816637,,,,,,,,,,,,,,,44650,53.130581,-27.807722,11096.401,16484.025,251.0,0.03,2.0,5.284,0.02967,0.00154,4.342682,0.262616,-24.813642,34.741459,-0.00224,-2.4E-4,0.00947,0.00593,0.02454,0.01944,0.05284,0.0147,0.01696,0.01744,0.01585,0.01542,0.02755,0.02744,0.0257,0.0231,0.00648,0.00332,0.00573,0.00313,0.00379,0.00512,0.01932,0.00588,0.00254,0.00175,0.00201,0.00166,0.00123,0.00106,0.00212,0.00153,0.28,300,44650,53.130581,-27.807722,5.615,5.615,5.615,5.615,5.615,300,0.0,0.046329672186474845
4404,+53.11537-27.81477,5.764,7.87,0.04,0.04,3.3,0.19,0.13,3.72,0.12,0.12,7.73,0.09,0.09,M,"R3 , R2 , R , O32 , Ne3O2",0.0,\\,53.11537,-27.81477,4404,goods-s-deephst,1210,GS,101990,53.11537230054308,-27.814770686745778,53.11537885372373,-27.814773229979238,4.0,5.763688523646236,A,-0.088,-0.161,T,T,T,T,T,3,3,72,18,18,18,18,100838.4,25209.6,25209.6,25209.6,25209.6,2022-10-24,5.775031,false,,0.33403253510520203,,0.3467156932008882,,,,0.30164082196997066,0.5100340714127085,0.08462652554535018,0.6203418958722252,0.08279266613198595,,0.37725152580668564,0.6667128188477602,0.10688210251629483,,0.287127313166222,0.889239905829007,0.07868635409260481,5.276326815312464,0.09581374653736723,,0.1328884495517657,,0.14111883540863449,2.9583306116506622,0.09439586135527048,,0.08850004454976078,,0.17670622080419146,,0.13284719454657387,,,,,,,,,,,,,,,41614,53.11538,-27.814774,12710.201,15637.663,306.0,0.85,0.0,4.077,0.05711,0.0014,3.694684,0.158939,-27.34091,29.557474,0.00292,5.7E-4,0.00999,0.01514,0.04209,0.03324,0.06842,0.0614,0.02949,0.04387,0.04062,0.0411,0.03864,0.06523,0.01818,0.04873,0.00566,0.00274,0.00561,0.00275,0.0036,0.00496,0.01839,0.00571,0.00251,0.00176,0.00197,0.00167,0.00116,0.00106,0.00194,0.00142,0.33,100,41614,53.11538,-27.814774,5.764,5.764,5.764,5.764,5.764,100,0.0,0.02726318359366577
3968,+53.14505-27.81643,5.769,7.9,0.16,0.16,1.29,0.55,0.24,0.26,0.02,0.02,7.67,0.28,0.25,P,R3,1.0,\\,53.14505,-27.81643,3968,goods-s-deephst,1210,GS,100678,53.14504675076513,-27.81643097887918,53.14505228580643,-27.81642931557335,6.2,5.768470435401962,A,-0.01,-0.004,T,T,T,T,T,1,1,24,6,6,6,6,33612.8,8403.2,8403.2,8403.2,8403.2,2022-10-24,5.768613,false,,0.510519262954749,,0.4063324270789524,,,,0.055917886829270895,,0.19242917191518033,,0.1886149617494722,,0.2533459577594764,,0.10523388167562357,,0.1523309786452962,,0.17190259005913713,0.8030501081272742,0.07130170104605071,,0.0881429884078618,,0.15329090444713814,0.30534993883529976,0.056769033525289316,,0.06815180582151091,,0.1407318575546829,,0.06172118561604262,,,,,,,,,,,,,,,40874,53.145052,-27.816433,9560.45,15438.356,227.0,0.03,0.0,5.083,0.02631,0.00111,4.185906,0.309612,-68.197202,33.487251,0.00175,0.00154,0.00272,0.00259,0.01788,0.01807,-0.02626,0.00272,0.01492,0.02027,0.01786,0.01843,0.02657,0.03046,0.02008,0.02901,0.00289,0.00111,0.00144,0.00419,0.00531,0.00685,0.02425,0.0077,0.00227,0.00156,0.00178,0.00149,0.00104,9.3E-4,0.0018,0.0013,0.28,0,40874,53.145052,-27.816433,5.768,5.768,5.768,5.768,5.768,0,0.0,0.018228703446735155
22251,+53.15407-27.76607,5.798,7.89,0.03,0.03,4.68,0.12,0.13,4.75,0.11,0.11,7.88,0.08,0.07,M,"R3 , R2 , R , O32 , Ne3O2",0.0,$â¡$ \\,53.15407,-27.76607,22251,goods-s-deephst,1210,GS,138571,53.15406950576032,-27.766072334640402,53.154072294565125,-27.76607294644744,4.0,5.798383916269168,A,-0.009,-0.174,T,T,T,T,T,2,2,48,12,12,12,12,67225.6,16806.4,16806.4,16806.4,16806.4,2022-10-24,5.804026,false,,0.400428502591309,,0.4631683755836975,,,,0.3048411647770363,0.8472562212823491,0.08169784800831631,0.6401235915600192,0.07942734514530402,,0.23042641917503592,,0.2995944042346607,,0.26658006621223357,1.0019358075441267,0.050398967318274666,6.793604831930319,0.0855586967441161,,0.18780836086430253,,0.1666130685154228,3.3521430978255378,0.08719139646809416,,0.1007859227796143,,0.20263918066324288,,0.12254552765816683,,,,,,,,,,,,,,,61773,53.154069,-27.766074,8601.673,21482.34,378.0,0.08,0.0,4.55,0.07995,0.0016,4.125479,0.121463,24.371104,33.00383,1.5E-4,4.9E-4,0.00366,0.01398,0.03795,0.03552,0.04054,0.03679,0.0,0.0,0.0,0.0,0.05092,0.09181,0.03528,0.06111,0.001,3.7E-4,4.9E-4,0.003,7.0E-4,0.00119,0.0011,0.001,-99.0,-99.0,-99.0,-99.0,0.00142,0.00128,0.00222,0.00164,0.33,40,61773,53.154069,-27.766074,5.797,5.797,5.797,5.797,5.797,40,0.0,0.006207992761133212
10056849,+53.11351-27.77284,5.814,7.07,0.06,0.06,1.12,0.05,0.04,1.98,0.17,0.17,7.42,0.09,0.09,P,"R3 , R2 , R , O32 , Ne3O2",0.0,$â¡$ \\,53.11351,-27.77284,10056849,goods-s-deephst,1210,GS,-9999,53.11351127125536,-27.772836115357205,,,7.5,5.814206679073596,A,0.05,-0.083,T,T,T,T,T,3,1,72,6,6,6,6,100838.4,8403.2,8403.2,8403.2,8403.2,2022-10-24,5.821202,false,,0.6436987654012806,,0.2653424717746315,,,,,,0.13547363158282164,,0.2617377804483831,,0.31262860717622337,,0.2833652004644181,,0.2473864108158014,0.4910272134881993,0.06317080036792458,1.6691590170737671,0.0733469269588276,,0.1308064613950717,,0.1362572958692708,1.4164862602714805,0.08155321838948083,,0.11248317683836116,,0.044598487294261,,0.14748360128088767,,,,,,,,,,,,,,,59243,53.113535,-27.772827,12906.404,20672.205,5.0,0.65,16.0,3.113,0.01643,0.00347,0.870195,0.613688,64.478894,7.385334,-0.00552,2.9E-4,0.00492,0.00577,0.00715,0.01038,0.00626,0.00754,0.0,0.0,0.0,0.0,0.0,0.0,0.0,0.01236,0.00176,0.00169,0.00279,0.00151,0.0021,0.00253,0.01017,0.00298,-99.0,-99.0,-99.0,-99.0,-99.0,-99.0,-99.0,0.00298,0.28,70,59243,53.113535,-27.772827,5.814,5.814,5.814,5.814,5.814,70,0.0,0.08239910831192856
10005113,+53.16730-27.80287,5.821,7.02,0.03,0.03,1.04,0.05,0.05,0.65,0.12,0.12,7.76,0.25,0.24,M,R3,1.0,\\,53.1673,-27.80287,10005113,goods-s-deephst,1210,GS,110319,53.167302636603296,-27.802870267876944,53.16730288066768,-27.80287455915018,6.1,5.82083787231477,A,0.064,0.03,T,T,T,T,T,3,3,72,18,18,18,18,100838.4,25209.6,25209.6,25209.6,25209.6,2022-10-24,5.819808,false,,0.23437073059307914,,0.42241197510210504,,,,0.11401302600961032,,0.07325435222948892,,,,0.18151444429314967,,0.1632199330168126,,0.10132763831529237,,0.13838194075970342,1.3137147035563226,0.055508743587534,,0.17789116482436831,,,,304.42876966883784,,150.0880376163339,,,,,,,,,,,,,,,,,,,46794,53.167304,-27.802874,7197.746,17065.072,111.0,0.48,0.0,3.655,0.01145,9.4E-4,2.784322,0.178431,-55.629684,22.274572,3.1E-4,-5.8E-4,0.00142,0.00369,0.00803,0.00788,0.0091,0.00666,0.00507,0.00924,0.00912,0.00725,0.00695,0.01191,0.00311,0.00966,7.7E-4,2.8E-4,3.7E-4,0.00223,6.8E-4,0.0012,0.00108,9.9E-4,0.00137,0.0011,0.00107,0.00123,6.2E-4,7.6E-4,0.00111,7.9E-4,0.28,0,46794,53.167304,-27.802874,5.821,5.821,5.821,5.821,5.821,0,0.0,0.014119705530372591
19606,+53.17655-27.77111,5.889,7.23,0.03,0.03,1.68,0.04,0.04,1.33,0.04,0.04,7.66,0.09,0.08,P,"R3 , R2 , R , O32 , Ne3O2",1.0,\\,53.17655,-27.77111,19606,goods-s-deephst,1210,GS,210963,53.17655010830128,-27.771107628770427,53.176565672321956,-27.77113051043227,4.0,5.889135587136734,A,0.045,-0.031,T,T,T,T,T,1,1,24,6,6,6,6,33612.8,8403.2,8403.2,8403.2,8403.2,2022-10-24,5.890961,false,,0.38303841361664126,,0.19846238339685676,,,,0.06547447138151076,,0.24156962265237636,,0.05181965189770601,,0.2290615151070039,,0.3015001747087735,,0.03940854103217459,0.6063881472285823,0.06620487173487496,2.782316720619174,0.0916519619918727,,0.16332715568956385,,0.11722453984849247,1.9103197973005113,0.11360525361961128,,0.19154854944439678,,0.07869482893692721,,0.13741750861604374,,,,,,,,,,,,,,,59790,53.176552,-27.771114,6214.185,20876.576,276.0,0.02,0.0,5.156,0.03845,9.1E-4,4.808671,0.396238,46.278725,38.469372,7.9E-4,6.9E-4,0.01155,0.01859,0.02413,0.02228,0.02662,0.02319,0.03424,0.02764,0.02351,0.02322,0.02586,0.04424,0.02054,0.02806,0.00111,4.0E-4,5.2E-4,0.00326,7.7E-4,0.00144,0.00124,0.00119,0.00154,0.00117,0.00123,0.00127,8.0E-4,8.4E-4,0.00129,9.9E-4,0.33,0,59790,53.176552,-27.771114,5.889,5.889,5.889,5.889,5.889,0,0.0,0.023714736144574866
9422,+53.12175-27.79763,5.936,7.71,0.0,0.0,5.35,0.04,0.03,20.38,0.78,0.78,7.53,0.07,0.07,M,"R3 , R2 , R , O32 , Ne3O2",0.0,$â¡$ \\,53.12175,-27.79763,9422,goods-s-deephst,1210,GS,113585,53.12175498847799,-27.797634364680725,53.12175714514905,-27.797638009066386,4.0,5.935894642612061,A,-0.032,-0.139,T,T,T,T,T,3,3,72,18,18,18,18,100838.4,25209.6,25209.6,25209.6,25209.6,2022-10-24,5.942242,false,2.808040582620454,0.10290575760170513,0.709705816281497,0.1264885095561859,0.49023792231690744,0.08091720554113703,,0.23144253965152337,,0.15584990692468206,0.6962787189762313,0.05684158319518661,,42.45634361811596,0.7787984866736077,0.06360229603741885,0.2721049543738797,0.04948075993663065,1.9877931860788431,0.046091484899292136,11.055318306953657,0.08353466266116084,,0.10092422082481861,,0.23871071465345672,,,,,,,,,,,,,,,,,,,,,,,48941,53.121759,-27.797637,12033.037,17694.42,375.0,0.98,0.0,3.338,0.07578,8.0E-4,3.459228,0.060435,-85.16223,27.673826,0.00138,0.00262,0.01308,0.011,0.04441,0.04506,0.06141,0.02857,0.03604,0.05404,0.04365,0.04326,0.04281,0.08798,0.02339,0.05288,0.00178,5.9E-4,8.2E-4,0.00206,0.00299,0.00402,0.01531,0.00455,0.00116,8.8E-4,9.1E-4,9.2E-4,5.5E-4,6.3E-4,9.0E-4,6.6E-4,0.33,0,48941,53.121759,-27.797637,5.936,5.936,5.936,5.936,5.936,0,0.0,0.015912416088096668
6002,+53.11041-27.80892,5.937,7.65,0.05,0.05,1.32,0.09,0.08,1.79,0.08,0.08,7.65,0.12,0.1,M,"R3 , R2 , R , O32 , Ne3O2",1.0,\\,53.11041,-27.80892,6002,goods-s-deephst,1210,GS,106292,53.11041120456605,-27.808923366142178,53.11041614475809,-27.80892391745738,4.0,5.936858183473793,A,0.026,0.037,T,T,T,T,T,3,3,72,18,18,18,18,100838.4,25209.6,25209.6,25209.6,25209.6,2022-10-24,5.941031,false,,0.059763372172274315,,0.27431015208012105,,,,0.1456022189065765,,0.12022387100849788,0.3350728027553192,0.05536498796613726,,42.03811356683451,,0.11669846357133741,,0.10971615385174481,0.26360555157079407,0.02975901058182584,1.6413798264313806,0.04266426823228892,,0.04841337109107778,,0.0411022329413912,1.0142511777081333,0.04571832683817933,,0.05267570434763083,,0.027777026522804105,,0.10422736139241891,,,,,,,,,,,,,,,44086,53.110418,-27.808927,13236.927,16339.373,156.0,0.65,0.0,3.762,0.02032,9.6E-4,3.039138,0.158798,75.324487,24.313107,8.6E-4,0.00197,-0.00634,0.00701,0.02633,0.0175,0.01249,0.02381,0.0214,0.02265,0.02,0.01656,0.01718,0.02292,0.01287,0.01947,0.00504,0.00256,0.00579,0.00272,0.00332,0.00452,0.01684,0.0054,0.00225,0.00155,0.00175,0.00146,9.9E-4,8.8E-4,0.00169,0.00123,0.28,0,44086,53.110418,-27.808927,5.937,5.937,5.937,5.937,5.937,0,0.0,0.025285342451981784
19342,+53.16062-27.77161,5.974,7.7,0.09,0.09,1.95,0.19,0.17,1.39,0.06,0.06,7.5,0.18,0.12,M,R3,1.0,\\,53.16062,-27.77161,19342,goods-s-deephst,1210,GS,132780,53.16061955784716,-27.771612830312414,53.160622050813075,-27.771611286298103,6.1,5.974287172942812,A,-0.046,-0.183,T,T,T,T,T,3,3,72,18,18,18,18,100838.4,25209.6,25209.6,25209.6,25209.6,2022-10-24,5.981343,false,,0.32829694737308157,,0.1500498120004262,,,,0.28258247902055056,,0.08220972756104655,,0.19830424108348998,,41.911399195437355,,0.15575482873590163,,0.046919213551995166,0.4389364071471496,0.0466516183906614,1.908900320146285,0.05815009043820039,,0.05134874282404782,,0.24242479133219696,1.43102709656941,0.08414702749562492,,0.08586146303587698,,0.15160471912482282,,0.15567903372214661,,,,,,,,,,,,,,,59619,53.160623,-27.771608,7905.84,20817.855,189.0,0.56,0.0,5.004,0.02976,0.00172,3.506353,0.30394,-75.146943,28.050825,-2.5E-4,-9.0E-5,0.00303,0.00902,0.01923,0.01847,0.01989,0.01792,0.01933,0.02115,0.01849,0.01905,0.01814,0.02616,0.01174,0.01726,8.7E-4,3.2E-4,4.3E-4,0.0027,6.4E-4,0.00107,0.001,9.4E-4,0.00203,0.0015,0.00169,0.0014,0.00114,9.8E-4,0.0018,0.00134,0.28,100,59619,53.160623,-27.771608,5.974,5.974,5.974,5.974,5.974,100,0.0,0.02055721381582257
18976,+53.16660-27.77240,6.327,7.77,0.06,0.06,1.66,0.13,0.12,1.06,0.06,0.06,7.45,0.11,0.11,M,"R3 , R2 , R , O32",1.0,\\,53.1666,-27.7724,18976,goods-s-deephst,1210,GS,131971,53.16660154161184,-27.77240274442381,53.16660104371029,-27.772403330225913,4.0,6.327051824236397,A,-0.015,-0.202,T,T,T,T,T,3,3,72,18,18,18,18,100838.4,25209.6,25209.6,25209.6,25209.6,2022-10-24,6.328699,false,0.6356984583469231,0.10620336250975282,,0.42322301743435614,,,,0.20365500531813038,,0.20853781649642328,,0.1737328743887067,,0.130022536871683,,0.16389350511669193,,0.0530580416895436,0.3697269219314429,0.03978686958918632,1.4424270702478434,0.060372885731861586,,0.1827187315016227,,0.054764269164788486,1.0313848190843595,0.08745830534718474,,0.06393788549893509,,0.05844295513033506,,0.06090992245803255,,,,,,,,,,,,,,,59281,53.166595,-27.772406,7271.644,20721.912,182.0,0.08,0.0,5.007,0.02382,0.00168,4.35669,0.448961,-62.995335,34.853519,0.00397,0.00307,0.00325,0.01325,0.02667,0.02763,0.02715,0.02443,0.01,0.03522,0.0318,0.02576,0.02511,0.03914,0.01902,0.02145,0.00152,5.6E-4,7.4E-4,0.00471,0.00108,0.00183,0.00168,0.00153,0.00394,0.00258,0.0029,0.00236,0.00192,0.00166,0.00309,0.0023,0.28,100,59281,53.166595,-27.772406,6.327,6.327,6.327,6.327,6.327,100,0.0,0.023906913174969926
18846,+53.13492-27.77271,6.335,8.07,0.03,0.03,4.32,0.09,0.08,11.39,0.4,0.4,7.46,0.09,0.09,P,"R3 , R2 , R , O32 , Ne3O2",0.0,\\,53.13492,-27.77271,18846,goods-s-deephst,1210,GS,131688,53.13491669687229,-27.772708761551186,53.1349184805188,-27.77271104203991,4.0,6.335053723670647,A,-0.044,-0.168,T,T,T,T,T,3,3,72,18,18,18,18,100838.4,25209.6,25209.6,25209.6,25209.6,2022-10-24,6.342315,false,0.670255192219073,0.10397289876389612,,0.5320358135871579,,,,0.25914939642486495,,0.20438519001758504,0.38676224396794545,0.06279128989521351,,45.17925131612118,0.36331703006943095,0.04565209872143264,0.19288018017050998,0.037588348676303784,1.05687633478633,0.0515566150923881,5.8557112679952095,0.0671325534076703,,0.2214288231321108,,0.04369825160703068,3.5884177932456836,0.09543072520174174,,0.19402262366027961,,0.11006357400952517,,0.20552521101160537,,,,,,,,,,,,,,,59111,53.134916,-27.772709,10635.817,20686.33,405.0,0.87,0.0,3.964,0.06576,9.8E-4,3.725348,0.020056,6.535739,29.802788,-0.00365,0.0033,0.00933,0.01085,0.05416,0.05641,0.06178,0.05387,0.04314,0.06083,0.05422,0.04601,0.04412,0.07865,0.02554,0.04474,0.00286,0.00317,0.00607,0.00314,0.00369,0.00415,0.01924,0.00529,0.00161,0.00121,0.00127,0.00127,8.1E-4,8.7E-4,0.00133,9.9E-4,0.5,0,59111,53.134916,-27.772709,-99.0,6.25,6.082,6.255,6.38,0,0.0,0.0023799427644683483
18179,+53.17582-27.77446,6.335,8.59,0.08,0.08,4.93,0.68,0.64,1.32,0.08,0.08,8.07,0.08,0.1,P,"R3 , R2 , R , O32",1.0,\\,53.17582,-27.77446,18179,goods-s-deephst,1210,GS,130262,53.1758157188795,-27.774463716900232,53.17581846399242,-27.77447533563269,6.1,6.334942,B,-0.075,0.197,T,F,F,F,F,2,0,48,0,0,0,0,67225.6,0.0,0.0,0.0,0.0,2022-10-24,6.334942,true,,,,,,,,,,,,,,,,,,,,,,,,,,,,,,,,,,,,,,,,,,,,,,,,,58387,53.175819,-27.774466,6292.204,20474.27,421.0,0.45,0.0,5.633,0.07797,0.00225,4.550429,0.133832,-64.986507,36.403435,6.4E-4,4.0E-5,0.00201,0.0099,0.03874,0.03855,0.03803,0.03662,0.01513,0.04127,0.03711,0.04108,0.05086,0.08407,0.0516,0.06587,0.00151,5.4E-4,7.1E-4,0.00447,9.4E-4,0.0016,0.00147,0.00133,0.00288,0.00205,0.00237,0.00201,0.00186,0.00164,0.00302,0.00227,0.5,100,58387,53.175819,-27.774466,6.329,6.329,6.329,6.329,6.329,100,0.0,0.013295909466595743
10005447,+53.16288-27.76928,6.623,6.95,0.11,0.11,0.34,0.06,0.05,0.38,0.04,0.04,7.46,0.2,0.16,P,R3,1.0,\\,53.16288,-27.76928,10005447,goods-s-deephst,1210,GS,135407,53.16287836262972,-27.76928383229121,53.16288222015503,-27.769289907677265,6.2,6.622576403018016,A,-0.051,0.034,T,T,T,T,T,1,1,24,6,6,6,6,33612.8,8403.2,8403.2,8403.2,8403.2,2022-10-24,6.627337,false,,0.05502659930356399,,0.25254129262088854,,,,0.3941994035843564,,31.722367279149594,,0.12269751305447597,,0.05194151163436747,,0.36180923040323054,,0.05260283345125723,,0.17856455475020647,0.5028158588387861,0.05900647080127428,,0.17673263832947675,,0.40320047808610626,,0.3704646515954613,,0.22681689193942906,,0.3238957620038228,,0.22147970751680263,,,,,,,,,,,,,,,60650,53.162881,-27.769288,7665.984,21096.219,48.0,0.95,0.0,3.1,0.00534,8.5E-4,1.940096,0.215752,-75.207561,15.520766,-4.0E-4,-5.1E-4,-2.3E-4,-3.6E-4,0.0033,0.00326,0.00202,0.0026,0.00155,0.00472,0.00423,0.00218,0.00308,0.00455,0.00233,0.00186,5.2E-4,1.9E-4,2.5E-4,0.00144,3.1E-4,5.2E-4,4.9E-4,4.5E-4,0.00118,8.7E-4,9.8E-4,8.0E-4,6.8E-4,5.9E-4,0.00111,8.2E-4,0.28,0,60650,53.162881,-27.769288,6.623,6.623,6.623,6.623,6.623,0,0.0,0.01719564775633176
16625,+53.16904-27.77884,6.631,7.35,0.03,0.03,2.24,0.09,0.07,2.23,0.07,0.07,7.33,0.11,0.1,M,R3,0.0,\\,53.16904,-27.77884,16625,goods-s-deephst,1210,GS,127219,53.169041629338615,-27.778837937059386,53.16904730469685,-27.77883419156659,4.0,6.630647708233321,A,0.059,-0.026,T,T,T,T,T,3,3,72,18,18,18,18,100838.4,25209.6,25209.6,25209.6,25209.6,2022-10-24,6.630449,false,,0.06629566835877852,,0.43085471629405925,0.2571779288064818,0.05113521360488946,,0.07743018661932118,,33.695681173417846,,,,0.14171829649434664,0.2830391856324128,0.044388006240165756,,0.05523940279795009,0.6702881222390161,0.044791812091002386,2.0688885467592466,0.05726951764673827,,0.15156845537987443,,0.1544635293320965,1.8448681305952175,0.08248814143198534,,0.04075866261512699,,0.17431339326187079,,0.18789272005542318,,,,,,,,,,,,,,,56590,53.16904,-27.778847,7012.293,19948.709,234.0,0.48,0.0,4.554,0.02461,9.0E-4,4.22136,0.289872,-64.922665,33.770882,4.4E-4,-2.8E-4,-1.9E-4,0.00143,0.01564,0.01426,0.01486,0.0137,0.00737,0.0182,0.01691,0.01286,0.01687,0.0265,0.01083,0.0131,9.1E-4,3.3E-4,4.3E-4,0.0027,6.3E-4,0.00104,9.8E-4,9.0E-4,0.00146,0.00106,0.00119,9.9E-4,7.9E-4,6.8E-4,0.0013,9.5E-4,0.28,0,56590,53.16904,-27.778847,6.631,6.631,6.631,6.631,6.631,0,0.0,0.03303674217360549
3334,+53.15138-27.81917,6.706,7.5,0.08,0.08,1.19,0.12,0.1,1.03,0.08,0.08,7.78,0.08,0.09,P,"R3 , R2 , R , O32 , Ne3O2",1.0,\\,53.15138,-27.81917,3334,goods-s-deephst,1210,GS,197088,53.151381215462614,-27.8191654428217,53.15137960949023,-27.81916610476818,6.1,6.705929992023677,A,0.032,-0.19,T,T,T,T,T,3,3,72,18,18,18,18,100838.4,25209.6,25209.6,25209.6,25209.6,2022-10-24,6.708819,false,,0.06524239779585683,,0.31207573509021613,,,,0.09498625796887677,,23.67994438787842,,0.141887758475723,,0.20965979699874435,,0.10999393088551816,,0.0646973887685011,,0.11094621178117729,1.2891678687396015,0.045800420389869714,,0.12052771704488244,,0.11367695522465322,,0.24712460046489668,,0.12620913326671018,,0.05166302948811152,,0.06790310871686595,,,,,,,,,,,,,,,39728,53.151388,-27.819166,8887.896,15110.167,165.0,0.22,3.0,6.62,0.02296,0.00187,3.386919,0.093161,-58.506492,27.095354,9.8E-4,7.8E-4,8.0E-5,0.00514,0.01001,0.01628,0.04321,0.02079,0.00324,0.01159,0.01451,0.00871,0.01301,0.02037,0.01315,0.01017,0.00103,3.8E-4,5.1E-4,0.00318,0.00391,0.00533,0.02012,0.00634,0.00255,0.00181,0.00204,0.00171,0.00117,0.00106,0.00202,0.00145,0.28,300,39728,53.151388,-27.819166,6.706,6.706,6.706,6.706,6.706,300,0.0,0.021694418075418477
4297,+53.15579-27.81520,6.713,7.29,0.03,0.03,1.98,0.07,0.05,2.42,0.16,0.16,7.74,0.22,0.25,M,R3,0.0,\\,53.15579,-27.8152,4297,goods-s-deephst,1210,GS,101683,53.155788434044055,-27.81520178423245,53.155794442388796,-27.81520856971808,4.0,6.712776564426908,A,-0.024,0.017,T,T,T,T,T,1,1,24,6,6,6,6,33612.8,8403.2,8403.2,8403.2,8403.2,2022-10-24,6.717897,false,,0.37614322685612395,,0.5638459398656644,,,,0.4846479504328917,,0.138379875319027,,0.23482773778836472,,0.1316093524168879,,0.1613343388287762,,0.14560273621849254,0.4764095601992724,0.04784203583488066,2.8344750311593754,0.08254880370145559,,0.04904277431872101,,0.27693382382279436,1.4969054298581648,0.11860036973179323,,0.2241603168811632,,,,,,,,,,,,,,,,,,,41435,53.155795,-27.815204,8419.977,15585.549,190.0,0.98,2.0,3.776,0.0227,0.00102,3.879053,0.369545,-57.328216,31.032425,0.00151,-1.8E-4,9.4E-4,0.00223,0.01868,0.02326,0.03971,0.0059,0.00815,0.02117,0.01846,0.01516,0.01716,0.03956,0.01728,0.01455,0.00107,4.0E-4,5.3E-4,0.0032,0.00311,0.00515,0.02159,0.00652,0.00159,0.00119,0.00124,0.00125,7.2E-4,8.0E-4,0.00126,9.0E-4,0.28,300,41435,53.155795,-27.815204,6.713,6.713,6.713,6.713,6.713,300,0.0,0.022376379101980776
20961,+53.13423-27.76891,7.045,7.86,0.14,0.14,1.03,0.12,0.09,1.5,0.33,0.33,7.33,0.11,0.11,M,"R3 , R2 , R , O32",1.0,\\,53.13423,-27.76891,20961,goods-s-deephst,1210,GS,135819,53.1342286165878,-27.768913295765834,53.13423009597889,-27.768916819315873,6.1,7.044570651694789,A,-0.073,0.11,T,T,T,T,T,2,2,48,12,12,12,12,67225.6,16806.4,16806.4,16806.4,16806.4,2022-10-24,7.050749,false,,0.2887591347384722,,0.5873485473224815,,,,0.28602884702590126,,0.2539444324997753,,0.18646818299802098,,0.03836888451348477,,0.15340770606339926,,0.17489799785872953,0.39196794064299106,0.058937844738039515,1.0319281112250436,0.0636908175173276,,0.14554487833429566,,0.14692095074259004,,,,,,,,,,,,,,,,,,,,,,,60740,53.13423,-27.768915,10708.685,21141.721,113.0,0.92,0.0,3.183,0.01378,6.2E-4,2.960742,0.28796,-68.567693,23.68594,0.00469,0.00114,-0.00581,-0.003,0.01661,0.01691,0.03651,7.0E-5,0.00396,0.01664,0.0159,0.01239,0.01164,0.01282,0.02588,0.01703,0.00209,0.00231,0.00483,0.00215,0.00301,0.00351,0.01474,0.00457,0.001,7.7E-4,8.1E-4,8.1E-4,5.1E-4,5.4E-4,8.8E-4,6.3E-4,0.28,0,60740,53.13423,-27.768915,7.045,7.045,7.045,7.045,7.045,0,0.0,0.007553834979360358
10013905,+53.11833-27.76901,7.197,7.37,0.05,0.05,2.2,0.14,0.12,4.98,0.67,0.67,7.63,0.09,0.09,P,"R3 , R2 , R , O32 , Ne3O2",0.0,$â¡$ \\,53.11833,-27.76901,10013905,goods-s-deephst,1210,GS,135743,53.11832671919192,-27.769010092747077,53.118331657434695,-27.76901500863806,4.0,7.197212460015432,A,-0.061,0.171,T,T,T,T,T,3,3,72,18,18,18,18,100838.4,25209.6,25209.6,25209.6,25209.6,2022-10-24,7.206436,false,,0.393921088362069,,0.23088444897616017,,,,0.27280227555688386,,0.1561926447435466,,0.16608516979205884,,0.1809561081381487,,0.14817195324033258,,0.026540668129121613,0.6586814342634051,0.04602710310889036,2.0443275453595406,0.06073059737171245,,0.22427001655815496,,0.2655398150709711,,,,,,,,,,,,,,,,,,,,,,,60760,53.118341,-27.769013,12396.019,21129.9,48.0,0.96,0.0,3.068,0.02361,0.00363,2.454352,0.439163,-11.943009,19.634817,0.00113,-8.1E-4,0.00428,-1.3E-4,0.00665,0.00794,-0.00572,0.00481,0.0,0.0,0.0,0.0,0.0,0.0,0.0,0.01674,0.00159,0.00168,0.00344,0.00149,0.00163,0.00212,0.00877,0.00245,-99.0,-99.0,-99.0,-99.0,-99.0,-99.0,-99.0,0.00232,0.28,70,60760,53.118341,-27.769013,7.197,7.197,7.197,7.197,7.197,70,0.0,0.0466785418254736
10013682,+53.16746-27.77201,7.275,6.95,0.09,0.09,0.82,0.08,0.07,0.47,0.06,0.06,7.66,0.11,0.1,P,"R3 , R2 , R , O32 , Ne3O2",1.0,\\,53.16746,-27.77201,10013682,goods-s-deephst,1210,GS,334273,53.167464,-27.772006,53.16746035740885,-27.77200718325915,6.2,7.275207715866792,A,0.021,0.011,T,T,T,T,T,2,2,48,12,12,12,12,67225.6,16806.4,16806.4,16806.4,16806.4,2022-10-24,7.276575,false,,0.18742151981922808,,0.2929979002671337,,,,0.18544740409802657,,0.06155121956114968,,0.13714287040412132,,0.06950256227173858,,0.11814843270953723,,0.10492999404189884,,0.125888325866762,0.7010996116950018,0.05089659352227172,,0.1651985619686653,,24.362550624037535,,,,,,,,,,,,,,,,,,,,,,,59482,53.167446,-27.772032,7181.273,20766.781,73.0,0.19,0.0,4.202,0.0077,0.00122,3.146176,0.489556,-81.463928,25.169411,-8.4E-4,1.1E-4,-8.6E-4,-0.0023,0.0043,0.00543,0.00255,0.00379,1.1E-4,0.00525,0.00288,0.00658,0.00425,0.00494,0.01508,0.01121,8.6E-4,3.1E-4,4.1E-4,0.0024,6.2E-4,0.00104,9.6E-4,8.9E-4,0.00211,0.00142,0.00159,0.00133,0.00102,8.8E-4,0.00172,0.00126,0.28,0,59482,53.167446,-27.772032,7.275,7.275,7.275,7.275,7.275,0,0.0,0.1097648895305271
21842,+53.15682-27.76716,7.981,7.51,0.04,0.04,3.21,0.25,0.25,1.72,0.08,0.08,7.61,0.07,0.07,P,"R3 , R2 , R , O32 , Ne3O2",1.0,$â¡$ \\,53.15682,-27.76716,21842,goods-s-deephst,1210,GS,137667,53.1568249588622,-27.7671588278678,53.156826655326526,-27.767161319235875,6.1,7.980506972822209,A,0.037,0.081,T,T,T,T,T,3,3,72,18,18,18,18,100838.4,25209.6,25209.6,25209.6,25209.6,2022-10-24,7.981047,false,,0.35942420648048307,,0.29036350239449615,,,,0.3285178596021127,,0.04731945341778214,,0.10729212973659813,,0.10150030922910093,0.17035342172946236,0.031592060852228376,,0.04970933359707221,0.28258582410707705,0.037400813795632135,1.8910739860370136,0.05120134034738468,,,,,,,,,,,,,,,,,,,,,,,,,,,61361,53.156826,-27.767158,8308.883,21352.102,171.0,0.57,3.0,7.132,0.03363,0.00195,3.29757,0.146761,87.937658,26.380562,-6.2E-4,5.6E-4,3.7E-4,-3.6E-4,0.00549,0.02062,0.02293,0.02292,-0.00362,0.01806,0.02685,0.02005,0.02293,0.02443,0.02067,0.04668,0.00129,4.8E-4,6.3E-4,0.00382,9.5E-4,0.00161,0.0015,0.00136,0.00298,0.00222,0.00252,0.00205,0.00171,0.00147,0.00279,0.00205,0.28,300,61361,53.156826,-27.767158,7.981,7.981,7.981,7.981,7.981,300,0.0,0.004458864968349355
8013,+53.16446-27.80218,8.473,7.54,0.08,0.08,3.03,0.32,0.26,1.61,0.37,0.37,7.64,0.29,0.23,M,R3,1.0,\\,53.16446,-27.80218,8013,goods-s-deephst,1210,GS,110748,53.16446440268377,-27.802180181304443,53.16446693061901,-27.802186007602234,1.0,8.47315036381212,A,-0.061,0.171,T,T,T,T,T,3,3,72,18,18,18,18,100838.4,25209.6,25209.6,25209.6,25209.6,2022-10-24,8.478603,false,,0.23638886169853626,,0.17551967735123064,,,,,,0.043720049687685086,,0.11616446028251462,,0.06207546469995148,,0.16294835223289844,,0.08684502082850212,,0.17699818056667685,1.27063290552552,0.08111455971399194,,,,,,,,,,,,,,,,,,,,,,,,,,,47098,53.164471,-27.802184,7498.48,17147.955,132.0,0.98,0.0,3.392,0.0193,9.6E-4,2.808661,0.144607,-5.304698,22.469288,-0.00143,0.00118,-3.6E-4,-3.2E-4,0.00169,0.00778,0.0116,0.01243,-6.1E-4,0.00473,0.01153,0.01256,0.01136,0.01387,0.01345,0.02626,8.1E-4,2.9E-4,3.9E-4,0.00223,6.0E-4,0.00105,9.4E-4,8.5E-4,0.00202,0.00112,0.00122,0.0011,6.6E-4,7.9E-4,0.00114,8.3E-4,0.28,0,47098,53.164471,-27.802184,8.481,8.481,8.481,8.481,8.481,0,0.0,0.025106828171921735
