jname,ndup,uid,ra,dec,file,root,srcid,nGr,Grating,grade,zfit,z,comment,References,nRef,sn50,wmin,wmax,Lya,Ha,OIII,L_Ha,L_OIII,HST,NIRCam,slit,FITS,Fnu,Flam,ID_1,RA_1,DEC_1,X,Y,isoarea_SE,class_starSE,flags_SE,r50_SE,f_autoSE,e_autoSE,a_f001w,ell_f001w,theta_f001w,rKron_f001w,f_f435w,f_f606w,f_f775w,f_f814w,f_f105w,f_f125w,f_f140w,f_f160w,f_f090w,f_f115w,f_f150w,f_f200w,f_f277w,f_f356w,f_f410m,f_f444w,e_f435w,e_f606w,e_f775w,e_f814w,e_f105w,e_f125w,e_f140w,e_f160w,e_f090w,e_f115w,e_f150w,e_f200w,e_f277w,e_f356w,e_f410m,e_f444w,apopt,flag_1,ID_2,RA_2,DEC_2,zspec,zphot,EAzY_eazy_v13,EAzY_Larson,EAzY_LarsonLyaRed,flag_2,Separation_2,GroupID,GroupSize,Separation,beta_UV,beta_opt,beta_277356,beta_277410,F115_mag,F150_mag,F200_mag,F277_mag,F356_mag,F410_mag,F444_mag,method,compact
j123702.13p621414.81,1,418,189.25889,62.237446,jades-gdn10-v3_prism-clear_1181_66585.spec.fits,jades-gdn10-v3,66585,0,,3,7.1399,7.143,,-,0,0.43,0.6,5.29,1.6,,,,42.25,,,,FITS   zfit   spl,,,32666,189.258899,62.237448,14841.723,13422.522,88.0,0.62,0.0,3.872,0.02661,0.00192,2.790227,0.027054,69.963524,22.321819,-0.00691,-0.00421,-6.3E-4,5.8E-4,0.01414,0.01451,0.02469,0.01498,0.00715,0.0251,0.02234,0.02353,0.01892,0.0205,0.06178,0.03343,0.00285,0.00346,0.00367,0.00229,0.00373,0.00414,0.01593,0.00528,0.00282,0.0021,0.00222,0.00211,0.00155,0.00132,0.00372,0.00185,0.28,0,32666,189.258899,62.237448,7.143,7.143,7.143,7.143,7.143,0,0.0,,,0.016721670548063214,-2.0258717347542987,0.1889721957273044,-2.0125952442742614,-0.0814279616868521,27.900815696297403,28.027292078051023,27.970945182059946,28.207697169835562,28.120615347360612,26.922880240086418,27.589659058518578,KOV24,true
j100034.67p022039.81,1,1123,150.144443,2.344393,cosmos-transients-v3_prism-clear_6585_58018.spec.fits,cosmos-transients-v3,58018,0,,3,3.9285,3.9278,broad Ha,DKo24  z=N/A,1,32.63,0.6,5.29,,75.1,58.1,42.91,42.63,,,,FITS   zfit   spl,,,71601,150.144441,2.344395,10819.773,23661.236,565.0,0.99,0.0,3.19,0.78013,0.00217,4.526967,0.083977,-44.411231,36.215736,-3.1E-4,0.04725,0.0,0.11769,0.0,0.09138,0.08584,0.11893,0.12164,0.09409,0.11714,0.17984,0.47495,0.81603,0.74963,0.83075,0.00591,0.00614,-99.0,0.00799,-99.0,0.01288,0.02992,0.01165,0.0067,0.00651,0.00526,0.00429,0.00316,0.00319,0.00238,0.00186,0.5,10002,71601,150.144441,2.344395,-99.0,4.625,4.75,4.52,4.522,10002,0.0,,,0.010178077253899874,-2.167186321541182,0.10816643632978158,-0.12234189358169484,-0.2459353065629755,26.466141328668776,26.228236950770146,25.76278426527758,24.708380269974967,24.120734687076858,24.212882603547264,24.101324125123128,Both,true
j100029.41p022044.41,1,1135,150.122545,2.34567,cosmos-transients-v3_prism-clear_6585_58291.spec.fits,cosmos-transients-v3,58291,0,,3,7.0789,7.079,,-,0,0.4,0.6,5.29,1.2,,,,42.2,,,,FITS   zfit   spl,,,72575,150.122535,2.345674,13446.257,23814.688,77.0,0.91,0.0,4.066,0.03198,0.00169,3.445175,0.3052,29.221564,27.561403,-4.0E-4,-7.8E-4,0.0,-9.4E-4,0.0,0.0037,0.01278,0.01049,-0.00197,0.01068,0.01006,0.00664,0.00855,0.01132,0.03937,0.02014,0.00243,0.00291,-99.0,0.00351,-99.0,0.00641,0.01272,0.00611,0.00304,0.00278,0.00244,0.00198,0.00126,0.0012,0.00102,7.8E-4,0.28,2,72575,150.122535,2.345674,7.079,7.079,7.079,7.079,7.079,2,0.0,,,0.03874518091871307,-2.478101844994171,0.23469257908943586,-1.174673138071996,0.42189639079869146,28.828571868268654,28.893505048200225,29.344579801579954,29.07008471317957,28.765383932869366,27.412086463024423,28.139851334456,KOV24,true
j100037.13p022100.83,1,1161,150.154694,2.35023,cosmos-transients-v3_prism-clear_6585_59286.spec.fits,cosmos-transients-v3,59286,0,,3,6.6345,6.634,,DKo24  z=N/A,1,1.61,0.6,5.29,2.4,15.6,,42.26,41.78,,,,FITS   zfit   spl,,,75119,150.154692,2.350227,9590.717,24361.145,75.0,0.97,0.0,2.778,0.03524,0.00125,2.635193,0.212745,64.915405,21.081547,-0.00533,5.4E-4,0.0,-6.7E-4,0.0,0.01267,-0.01421,0.01643,0.00489,0.0027,0.01137,0.01348,0.0149,0.03439,0.02963,0.05096,0.00484,0.00573,-99.0,0.0052,-99.0,0.01164,0.02617,0.01006,0.00458,0.00422,0.00374,0.00313,0.00189,0.00181,0.00139,0.00115,0.28,2,75119,150.154692,2.350227,6.634,6.634,6.634,6.634,6.634,2,0.0,,,0.012976626084216892,-1.8228940852819948,0.08616788317146773,0.5513612309978222,-0.2469863925282677,30.32159058960253,28.76059883828066,28.575775269501747,28.467034328969312,27.558919560444966,27.72067087129987,27.131926451681764,Both,true
j100031.73p022249.59,1,1273,150.132193,2.380441,cosmos-transients-v3_prism-clear_6585_65449.spec.fits,cosmos-transients-v3,65449,0,,3,5.1993,5.199,,-,0,1.93,0.6,5.29,0.8,24.5,,41.68,41.57,,,,FITS   zfit   spl,,,89476,150.132187,2.380446,12289.038,27987.361,71.0,0.96,0.0,3.158,0.02937,0.00138,2.690082,0.232247,-22.038848,21.520657,-6.0E-4,-0.00333,0.0,0.01098,-0.00577,-0.01225,-0.03238,0.01547,0.0044,0.00344,0.00419,0.0035,0.00739,0.01457,0.03577,0.04005,0.00214,0.00474,-99.0,0.0045,0.02958,0.01038,0.0245,0.01016,0.00372,0.00329,0.00318,0.00253,0.00167,0.0014,0.00135,0.00109,0.28,1,89476,150.132187,2.380446,5.199,5.199,5.199,5.199,5.199,1,0.0,,,0.02810258218386892,-1.7354215482447655,1.8221761349622179,3.011551545882067,1.3851831251684057,30.058603893571174,29.84446494258426,30.03982988912431,29.228388904012935,28.491351120575025,27.516202649627573,27.393493698949356,KOV24,true
j001413.61m302429.49,1,1728,3.556705,-30.408192,uncover-61-v3_prism-clear_2561_20698.spec.fits,uncover-61-v3,20698,0,,3,2.412,2.4126,interactive fit -1 63 1.3 11,-,0,42.12,0.6,5.29,,46.1,34.8,42.19,41.93,,,,FITS   zfit   spl,,,8864,3.556702,-30.408194,12328.478,6849.616,1281.0,0.82,3.0,4.2,1.52662,0.00326,5.817128,0.008112,-68.282546,46.537025,0.027,0.03594,0.0,0.04152,0.05434,0.06779,0.0,0.14987,0.0,0.04723,0.09371,0.2575,0.73193,1.2147,1.38903,1.5442,0.00342,0.00295,-99.0,0.00226,0.01684,0.01671,-99.0,0.02221,-99.0,0.00326,0.0032,0.00363,0.00315,0.00387,0.00661,0.00338,0.33,312,8864,3.556702,-30.408194,-99.0,4.075,2.783,2.99,2.995,312,0.0,,,0.011772740328387847,-1.45041472147674,0.919074451085198,0.018895302987143203,-0.36620435071118557,27.21445513605825,26.470535155302212,25.373056916556973,24.238826129551448,23.688827421279807,23.543220935883177,23.428241129703927,Both,true
j001410.99m302344.61,1,1764,3.54579,-30.395724,uncover-61-v3_prism-clear_2561_27114.spec.fits,uncover-61-v3,27114,0,,3,5.2064,5.206,,-,0,5.03,0.6,5.29,0.4,33.3,,42.08,41.62,,,,FITS   zfit   spl,,,12351,3.545785,-30.395727,13419.576,8294.166,363.0,0.97,0.0,2.996,0.14955,0.00155,3.321992,0.109551,26.866248,26.575933,-0.00481,0.00544,0.0,-0.00196,0.0,0.0,0.0,0.0,0.00398,0.00726,0.00961,0.0095,0.04747,0.09981,0.22899,0.23003,0.00501,0.00329,-99.0,0.00407,-99.0,-99.0,-99.0,-99.0,0.00301,0.00214,0.00248,0.00157,0.00112,0.00125,0.0031,0.0016,0.33,10005,12351,3.545785,-30.395727,5.206,5.206,5.206,5.206,5.206,10005,0.0,,,0.018912809530923096,-0.9336293559632606,1.4550471142605126,1.7468650896265172,1.604499547088956,29.247658448249766,28.943191530828635,28.95569098677788,27.2089519207041,26.402064861028787,25.50045870724685,25.495538801425315,Both,true
j123615.50p621625.74,5,6138,189.064589,62.273815,jades-gdn2-v3_prism-clear_1181_28074.spec.fits,jades-gdn2-v3,28074,3,G140M   G235M   G395M,3,2.2723,2.261,Redshifts match v2 grade=3,-,0,92.17,0.6,5.29,,66.6,44.0,43.4,42.95,,,,FITS   zfit   spl,,,45682,189.064575,62.273811,25692.064,17797.078,2461.0,1.0,2.0,3.181,6.13258,0.00539,5.972055,0.106948,79.5459,47.776443,0.23047,0.33032,0.34134,0.38352,0.38866,0.62696,0.0,1.91439,0.39425,0.56953,0.91645,3.99362,4.84908,6.02642,7.34833,6.85889,0.00332,0.0033,0.00358,0.00283,0.00533,0.00687,-99.0,0.00967,0.00449,0.00398,0.00567,0.00813,0.0078,0.00812,0.01274,0.00777,0.33,10201,45682,189.064575,62.273811,2.261,2.261,2.261,2.261,2.261,10201,0.0,1947,4,0.02751706677288974,-1.3104628932299058,0.4741742652308948,-1.1337079171054025,-0.9399590769051628,24.51120848628747,23.994728061114596,22.396583153467002,22.1858516271148,21.949851510678347,21.734528371402465,21.809365405295857,KOV24,true
j001419.16m302405.65,2,6329,3.579832,-30.401569,uncover-62-v3_prism-clear_2561_24175.spec.fits,uncover-62-v3,24175,0,,3,7.0294,7.038,,DKo24  z=7.040 ;  LFu22  z=N/A,2,11.65,0.6,5.29,8.8,24.1,,42.51,40.6,,,,FITS   zfit   spl,,,10798,3.579832,-30.401569,10016.819,7617.098,432.0,0.98,0.0,2.927,0.19282,0.00129,3.423737,0.056598,5.361915,27.389896,0.00359,0.00107,0.0,-0.001,0.01104,0.0201,0.02075,0.0258,0.01047,0.01564,0.01945,0.02495,0.02572,0.13934,0.25163,0.30385,0.00286,0.00219,-99.0,0.00165,0.00171,0.00246,0.00234,0.00222,0.00451,0.00269,0.00273,0.00214,0.00117,0.0013,0.00295,0.00167,0.5,10001,10798,3.579832,-30.401569,7.038,7.038,7.038,7.038,7.038,10001,0.0,4747,2,0.0,-1.5289196740286746,1.7099051719577938,4.499225263950223,3.6128662217040066,28.414408128190423,28.177700985845682,27.907323625101476,27.874322589369537,26.039810484503622,25.39809395598266,25.19335189829166,Both,true
j033230.37m274905.13,5,7316,53.126535,-27.818092,gds-deep-v3_prism-clear_1210_13704.spec.fits,gds-deep-v3,13704,4,G140M   G235M   G395H   G395M,3,5.9296,5.92,Redshifts match v2 grade=3,DKo24  z=5.920 ;  CSi23  z=N/A ;  ABu23  z=5.920,3,9.56,0.6,5.29,-3.3,67.2,,42.31,42.37,,,,FITS   zfit   spl,,,40132,53.126539,-27.81809,11525.554,15239.626,398.0,0.98,3.0,3.452,0.09967,0.00134,3.660625,0.116084,-39.953291,29.285004,0.00169,0.00113,0.00186,0.01144,0.02428,0.03164,0.03471,0.02638,0.01983,0.02647,0.02569,0.02413,0.03101,0.08461,0.06453,0.12819,0.00549,0.00355,0.0053,0.00242,0.0034,0.00474,0.01476,0.00559,0.00213,0.00149,0.00166,0.00141,0.001,9.9E-4,0.0018,0.00133,0.33,300,40132,53.126539,-27.81809,5.92,5.92,5.92,5.92,5.92,300,0.0,449,5,0.01463016556349615,-2.1109698093053564,0.06922370950266998,-0.6256848117323437,-0.13122571952594347,27.843115146746626,27.87558973933413,27.943606695228034,27.671245584406684,26.581445762373953,26.875595837232186,26.13036463115785,Both,true
j123647.38p621038.04,5,7845,189.197396,62.177233,jades-gdn09-v3_prism-clear_1181_73488.spec.fits,jades-gdn09-v3,73488,4,G140M   G235M   G395H   G395M,3,4.13,4.133,LRD with bright LyA,-,0,13.05,0.6,5.29,22.9,77.5,,42.72,42.4,,,,FITS   zfit   spl,,,10395,189.197412,62.177232,18281.945,6197.131,396.0,0.98,2.0,3.225,0.32489,0.00172,3.956498,0.116928,64.597323,31.651983,0.00206,0.03495,0.04083,0.0436,0.05308,0.04301,0.05765,0.04615,0.04568,0.04572,0.04958,0.06277,0.17331,0.359,0.26622,0.31434,0.00256,0.00339,0.0067,0.00392,0.005,0.00452,0.01889,0.00603,0.00214,0.00156,0.00167,0.00156,0.00144,0.0016,0.00252,0.0018,0.33,10200,10395,189.197412,62.177232,4.133,4.133,4.133,4.133,4.133,10200,0.0,1486,5,0.027124078606327352,-1.777895414823068,0.051198333821150466,0.428746751526419,0.1916522054317925,27.24973444569189,27.161733693920493,26.90561967837322,25.80294094434731,25.0122638785542,25.3368983022495,25.156500877921022,Both,true
j142032.90p525918.80,2,8217,215.137081,52.988554,rubies-egs51-nod-v3_prism-clear_4233_926125.spec.fits,rubies-egs51-nod-v3,926125,1,G395M,3,5.284,5.284,Redshift matches rubies-egs51-v3_g395m-f290lp_4233_926125 z=5.2842,DKo24  z=5.290,1,3.4,0.6,5.29,-1.0,48.2,,42.67,42.47,,,,FITS   zfit   spl,,,25931,215.137063,52.988558,1398.888,4994.243,313.0,0.99,2.0,3.079,0.12014,0.00269,3.691726,0.178357,33.923663,29.533812,0.0,-0.00363,0.0,0.0067,0.0,0.01824,0.0,0.03312,0.0,0.01598,0.02107,0.02051,0.06605,0.10116,0.36173,0.28559,-99.0,0.00449,-99.0,0.00473,-99.0,0.01193,-99.0,0.01074,-99.0,0.00258,0.00386,0.00315,0.00269,0.0021,0.00498,0.0044,0.33,314,25931,215.137063,52.988558,5.284,5.284,5.284,5.284,5.284,314,0.0,2925,4,0.04158100656445178,-1.437921347393783,1.0437008161134742,0.21681250554390913,1.0815336985975352,28.391058062555068,28.09083866097975,28.120085849079082,26.850317945123635,26.38747794831908,25.004038679062425,25.260642508878774,Both,true
j142031.55p525905.68,2,8218,215.131478,52.98491,rubies-egs51-nod-v3_prism-clear_4233_926156.spec.fits,rubies-egs51-nod-v3,926156,1,G395M,0,7.8287,7.9436,,DKo24  z=N/A,1,1.06,0.6,5.29,0.9,,,,42.3,,,,FITS   zfit   spl,,,26252,215.131461,52.984913,1994.416,5017.413,115.0,0.96,0.0,2.704,0.04574,0.00222,2.292698,0.166847,76.285222,18.341587,0.0,0.0018,0.0,-0.00918,0.0,-2.0E-4,0.0,0.01391,0.0,0.00439,0.00557,0.00653,0.00803,0.04357,0.09616,0.10454,-99.0,0.0032,-99.0,0.00352,-99.0,0.01102,-99.0,0.00965,-99.0,0.00209,0.00309,0.00244,0.00218,0.00169,0.00379,0.00375,0.28,14,26252,215.131461,52.984913,-99.0,7.55,7.482,7.464,7.465,14,0.0,2926,4,0.038394226273024974,-2.165927978954494,1.087665706688133,4.740116286938244,4.3314916525229386,29.793838699394694,29.535362012065676,29.362717046812314,29.138211136803296,27.30203110016061,26.442513863353337,26.35179376059567,KOV24,true
j142018.78p525654.59,2,8219,215.078259,52.948497,rubies-egs51-nod-v3_prism-clear_4233_927271.spec.fits,rubies-egs51-nod-v3,927271,1,G395M,3,6.7858,6.785,Redshift matches rubies-egs51-v3_g395m-f290lp_4233_927271 z=6.7840,DKo24  z=6.790,1,1.97,0.6,5.29,-2.8,18.0,,42.42,42.55,,,,FITS   zfit   spl,,,26781,215.078252,52.948508,7813.925,5102.086,226.0,0.98,0.0,2.928,0.08491,0.00216,2.917578,0.031437,57.830051,23.340628,0.0,-0.00194,0.0,-0.00542,0.0198,0.01781,0.0,0.01326,0.0,0.01899,0.01604,0.02118,0.02733,0.07984,0.11865,0.10467,-99.0,0.0034,-99.0,0.00396,0.00715,0.00803,-99.0,0.00778,-99.0,0.00189,0.00264,0.00224,0.00177,0.00146,0.00333,0.00264,0.28,13,26781,215.078252,52.948508,6.785,6.785,6.785,6.785,6.785,13,0.0,2927,4,0.04241118285678234,-1.6434597456993238,0.2037635015098893,0.14643580101750892,0.12676480700124712,28.203687588157454,28.38698909012964,28.08518511057133,27.808400920768346,26.64444867930171,26.214330643616606,26.350444439580563,Both,true
j033242.60m274901.50,5,8810,53.177513,-27.817083,jades-gds1-v3_prism-clear_1286_36566.spec.fits,jades-gds1-v3,36566,4,G140M   G235M   G395H   G395M,1,7.9097,7.9097,,KHa23  z=-9999.000,1,0.26,0.6,5.29,0.7,,,,41.52,,,,FITS   zfit   spl,,,40703,53.177515,-27.817086,6114.384,15358.891,74.0,0.94,0.0,3.62,0.00711,8.5E-4,2.325781,0.12647,2.263711,18.606251,-5.9E-4,-7.5E-4,-7.5E-4,-0.0013,0.00509,-0.00631,0.03055,0.01378,-0.00242,0.00627,0.00991,0.00849,0.00636,0.00762,0.00962,0.01594,0.00123,4.7E-4,6.3E-4,0.00396,0.00334,0.00638,0.01871,0.00761,0.00176,0.00127,0.00134,0.00137,8.1E-4,8.8E-4,0.00143,0.00105,0.28,0,40703,53.177515,-27.817086,-99.0,7.75,7.788,8.313,8.442,0,0.0,,,0.01253759098756532,-3.6804385853901964,0.6341872279539817,-1.2796394347564939,-1.001248400220078,29.406831147923207,28.90981586378681,29.077730774390115,29.391357210878965,29.195112571650995,28.942062319905467,28.393779207349766,KOV24,true
j100025.66p022136.17,2,8924,150.1069,2.360046,cosmos-transients-v3_prism-clear_6585_61234.spec.fits,cosmos-transients-v3,61234,0,,3,6.9959,6.996,broad Ha,DKo24  z=N/A,1,11.21,0.6,5.29,2.3,43.7,,43.03,42.66,,,,FITS   zfit   spl,,,79675,150.106895,2.360049,15321.506,25539.729,268.0,0.98,0.0,3.107,0.19464,0.0018,3.500139,0.180774,-77.882271,28.001108,6.9E-4,-0.00177,0.0,-7.4E-4,0.0,0.02674,0.031,0.04705,0.00456,0.02588,0.02708,0.03305,0.04319,0.12496,0.26042,0.22467,0.00186,0.00373,-99.0,0.00414,-99.0,0.0099,0.02042,0.00971,0.00412,0.00379,0.00323,0.00263,0.00171,0.00173,0.00166,0.00125,0.28,10002,79675,150.106895,2.360049,6.996,6.996,6.996,6.996,6.996,10002,0.0,,,0.020978336217932637,-1.4746058008353793,0.5224824441187994,1.5127672434155157,1.3447938726244495,27.867589320008342,27.818378349967233,27.60207134044585,27.311541989881253,26.158072458666936,25.360814163584347,25.521137286734586,Both,true
j141950.66p525217.85,3,9024,214.961071,52.871625,rubies-egs52-nod-v3_prism-clear_4233_26776.spec.fits,rubies-egs52-nod-v3,26776,1,G395M,3,7.2896,7.29,Redshift matches rubies-egs52-v3_prism-clear_4233_26776 z=7.2904,-,0,0.46,0.6,5.29,-1.1,,,,42.44,,,,FITS   zfit   spl,,,30271,214.961073,52.871628,20336.129,5568.655,84.0,0.95,0.0,3.197,0.02276,0.00217,1.992053,0.024468,-44.941974,15.936421,0.0,-6.9E-4,0.0,-4.2E-4,0.0,0.02837,0.0,0.03245,0.0,0.01569,0.01689,0.01009,0.01269,0.01491,0.07739,0.04013,-99.0,0.00345,-99.0,0.00376,-99.0,0.01087,-99.0,0.00843,-99.0,0.00201,0.00341,0.00237,0.0017,0.0014,0.00344,0.00273,0.28,14,30271,214.961073,52.871628,-99.0,7.3,7.394,7.328,7.314,14,0.0,3013,5,0.011641615065996844,-2.7732748239985625,0.7419395999002647,-1.3574756879961383,-0.04181365326987257,28.41094264103266,28.330925876072477,28.890272084407723,28.641345944763238,28.46630589136751,26.67828788335075,27.3913271006654,KOV24,true
j142004.99p525504.05,2,9038,215.020807,52.91779,rubies-egs52-nod-v3_prism-clear_4233_28470.spec.fits,rubies-egs52-nod-v3,28470,1,G395M,3,8.6743,8.674800000000001,Redshift matches rubies-egs52-v3_prism-clear_4233_28470 z=8.6753,-,0,0.64,0.6,5.29,-1.0,,,,42.42,,,,FITS   zfit   spl,,,32310,215.020802,52.917791,13315.278,5869.961,163.0,0.98,0.0,3.824,0.04368,0.00227,3.466641,0.335218,-34.361465,27.73313,0.0,0.00549,0.0,6.1E-4,0.0,0.02111,0.0,0.01093,0.0,0.02344,0.0,0.0,0.02462,0.03476,0.04064,0.06991,-99.0,0.00377,-99.0,0.00395,-99.0,0.01106,-99.0,0.00916,-99.0,0.00477,-99.0,-99.0,0.0023,0.00185,0.00359,0.00344,0.28,34,32310,215.020802,52.917791,-99.0,7.75,8.028,7.99,8.004,34,0.0,3094,3,0.011434763067000246,-0.6212939982296131,0.007327077709303076,-0.6253885975846862,-0.7219000220291637,27.975105981634865,,,27.921779878511757,27.547300580558428,27.377615751810342,26.78865174467748,KOV24,true
j142005.30p525514.83,2,9048,215.022071,52.920786,rubies-egs52-nod-v3_prism-clear_4233_29489.spec.fits,rubies-egs52-nod-v3,29489,1,G395M,3,4.5421,4.542199999999999,Redshift matches rubies-egs52-v3_prism-clear_4233_29489 z=4.5423,-,0,1.97,0.6,5.29,-0.4,36.6,,42.39,41.77,,,,FITS   zfit   spl,,,33303,215.02206,52.920786,12982.656,6033.953,367.0,0.99,0.0,2.901,0.20088,0.00266,3.476441,0.06853,0.858153,27.811525,0.0,0.00307,0.0,0.01907,0.0,0.03535,0.0,0.02299,0.0,0.02941,0.02963,0.03012,0.0929,0.23209,0.14757,0.15967,-99.0,0.00372,-99.0,0.00415,-99.0,0.01019,-99.0,0.00814,-99.0,0.00244,0.00351,0.00304,0.00247,0.00197,0.00394,0.00399,0.33,10014,33303,215.02206,52.920786,-99.0,6.675,5.806,5.805,5.812,10014,0.0,3098,3,0.023875576435384797,-1.6280882510028176,0.22918130416056937,0.0715056930863908,-0.08258683467501021,27.728762438732325,27.72067087129987,27.70286258117834,26.479960715015892,25.485858928679026,25.977504806802514,25.891941686772736,Both,true
j141957.83p525459.49,2,9073,214.990977,52.916524,rubies-egs52-nod-v3_prism-clear_4233_37124.spec.fits,rubies-egs52-nod-v3,37124,1,G395M,3,5.6792,5.672,Redshift matches rubies-egs52-v3_g395m-f290lp_4233_37124 z=5.6826,DKo24  z=5.680,1,5.94,2.44,5.29,,35.0,,42.54,41.81,,,,FITS   zfit   spl,,,43145,214.990976,52.91652,14831.256,7413.453,277.0,0.98,0.0,2.786,0.1506,0.00258,2.978621,0.047536,-48.003994,23.828968,0.0,-2.3E-4,0.0,-0.00114,0.00587,-0.00565,0.0,0.00758,0.0,0.01319,0.01651,0.01655,0.05589,0.12507,0.18045,0.26809,-99.0,0.00282,-99.0,0.0033,0.0082,0.00948,-99.0,0.00983,-99.0,0.00193,0.00297,0.00253,0.00251,0.00179,0.00396,0.00417,0.33,13,43145,214.990976,52.91652,5.672,5.672,5.672,5.672,5.672,13,0.0,3030,4,0.014562693034640299,-1.5954549720275262,0.7994068137767588,0.6733674642680992,0.988905221170815,28.599388011134085,28.355632316843014,28.353005004720654,27.031664725960237,26.1571171253851,25.759107784011185,25.329298463232057,Both,true
j141957.24p525330.50,2,9142,214.988495,52.891805,rubies-egs52-nod-v3_prism-clear_4233_931914.spec.fits,rubies-egs52-nod-v3,931914,1,G395M,3,7.1017,7.101,Redshift matches rubies-egs52-v3_prism-clear_4233_931914 z=7.1013,-,0,0.63,0.6,5.29,0.2,,,,41.94,,,,FITS   zfit   spl,,,30635,214.988498,52.891805,17205.148,5626.539,134.0,0.79,3.0,4.134,0.02771,0.00322,3.671908,0.458782,-50.594248,29.375267,0.0,2.9E-4,0.0,0.00386,0.0,0.0106,0.0,0.01545,0.0,0.0235,0.03198,0.02209,0.02429,0.02941,0.08964,0.04635,-99.0,0.00516,-99.0,0.00517,-99.0,0.01372,-99.0,0.01182,-99.0,0.00296,0.00439,0.00378,0.00294,0.00226,0.0052,0.00425,0.28,314,30635,214.988498,52.891805,7.101,7.101,7.101,7.101,7.101,314,0.0,3131,3,0.0065158782162377405,-1.9757703527180772,0.32915600066462536,-1.2994274431746637,0.8439209413305655,27.972330344320657,27.63780385147446,28.039510710321412,27.936431212987173,27.728762438732325,26.518745380342438,27.23487565379871,KOV24,true
j141943.17p525121.88,2,9530,214.929872,52.856079,rubies-egs63-v3_prism-clear_4233_30081.spec.fits,rubies-egs63-v3,30081,1,G395M,1,6.8755,6.8755,;,-,0,1.11,0.6,5.29,-1.4,2.5,,41.64,,,,,FITS   zfit   spl,,,33796,214.929848,52.856077,23223.336,6082.105,86.0,0.95,0.0,2.953,0.02844,0.00192,2.261649,0.215307,83.0508,18.093193,0.0,4.3E-4,0.0,0.00143,0.0,0.00656,0.0,0.00342,0.0,0.02069,0.02089,0.02319,0.01594,0.0402,0.06399,0.03828,-99.0,0.00371,-99.0,0.00406,-99.0,0.01198,-99.0,0.01031,-99.0,0.00222,0.004,0.00328,0.00302,0.00203,0.00433,0.00308,0.28,114,33796,214.929848,52.856077,-99.0,6.925,6.879,6.913,6.912,114,0.0,,,0.052664474947380344,-2.2458362086441888,0.15540502199789297,1.3215518760942404,1.172409726396551,28.110598773335663,28.10015390004923,27.98674812840503,28.393779207349766,27.389434867288823,26.88471972457727,27.442570177237982,Both,true
j141932.91p525043.35,3,9561,214.887123,52.845376,rubies-egs63-nod-v3_prism-clear_4233_38434.spec.fits,rubies-egs63-nod-v3,38434,1,G395M,3,2.8502,2.85015,Redshift matches rubies-egs63-v3_prism-clear_4233_38434 z=2.8501,-,0,2.13,0.6,5.29,,17.9,8.3,41.58,41.5,,,,FITS   zfit   spl,,,44242,214.887118,52.845372,26207.666,7609.321,294.0,0.98,0.0,2.903,0.15871,0.00248,3.166299,0.110618,22.828092,25.330393,0.0,0.016,0.0,0.01533,0.0,0.02141,0.0,0.01874,0.0,0.01642,0.0178,0.04804,0.1036,0.14588,0.21411,0.22403,-99.0,0.00404,-99.0,0.00387,-99.0,0.01064,-99.0,0.00975,-99.0,0.00276,0.00336,0.00286,0.00214,0.00206,0.00387,0.00296,0.33,14,44242,214.887118,52.845372,-99.0,3.675,3.545,3.461,3.461,14,0.0,3487,4,0.018042946351147705,-1.6968186341310585,0.25177696749760625,0.7417455206230366,0.7328165767097246,28.361567118041442,28.273949994227763,27.19599250317283,26.361600611476963,25.99001061339564,25.573407621308522,25.52423455280222,Both,true
j141943.09p525316.51,2,9590,214.929524,52.887919,rubies-egs63-nod-v3_prism-clear_4233_42803.spec.fits,rubies-egs63-nod-v3,42803,1,G395M,3,7.1567,7.156,Redshift matches rubies-egs63-v3_g395m-f290lp_4233_42803 z=7.1532,DKo24  z=7.160,1,2.25,0.6,5.29,3.0,,,,42.01,,,,FITS   zfit   spl,,,49381,214.929515,52.887913,20328.986,8575.567,177.0,0.97,0.0,3.12,0.06285,0.00254,3.301932,0.33774,16.837809,26.415459,0.0,0.00106,0.0,6.0E-4,0.0,0.00821,0.0,0.00682,0.0,0.00672,0.00649,0.0069,0.01306,0.05887,0.14304,0.14833,-99.0,0.00375,-99.0,0.00399,-99.0,0.01222,-99.0,0.01078,-99.0,0.00229,0.0034,0.00285,0.00208,0.00179,0.00429,0.00364,0.28,14,49381,214.929515,52.887913,7.156,7.156,7.156,7.156,7.156,14,0.0,3549,3,0.029133118445799716,-1.2745919519992275,2.0374763160798093,3.6029669673786024,3.2044986062258944,29.331576817365434,29.369388257999077,29.30287727315686,28.61014205765236,26.975264910469576,26.011356246370394,25.97192750818737,KOV24,true
j141937.86p525256.97,3,9615,214.907754,52.882491,rubies-egs62-nod-v3_prism-clear_4233_46724.spec.fits,rubies-egs62-nod-v3,46724,1,G395M,3,6.956,6.954,Redshift matches rubies-egs62-v3_prism-clear_4233_46724 z=6.9566,-,0,0.88,0.6,5.29,0.8,7.3,,42.15,41.98,,,,FITS   zfit   spl,,,53459,214.907745,52.882488,21846.029,9354.816,106.0,0.96,3.0,3.468,0.02397,0.0017,2.824319,0.258379,-37.866965,22.594553,0.0,0.00351,0.0,8.0E-5,0.0,0.00701,0.0,-0.00284,0.0,0.00881,0.01133,0.01008,0.00921,0.02064,0.03559,0.03781,-99.0,0.00363,-99.0,0.00412,-99.0,0.00975,-99.0,0.00904,-99.0,0.00217,0.00304,0.00175,0.00199,0.0016,0.00379,0.00225,0.28,314,53459,214.907745,52.882488,6.954,6.954,6.954,6.954,6.954,314,0.0,3399,4,0.022336388996015918,-2.005658272222824,0.975552435985453,0.5960843415101051,0.6482269021144991,29.03756022896988,28.764425225341505,28.891348669726234,28.989350924507875,28.113225767612064,27.521680029990385,27.45598330659366,Both,true
j141935.22p525232.88,4,9618,214.896763,52.875801,rubies-egs63-nod-v3_prism-clear_4233_47179.spec.fits,rubies-egs63-nod-v3,47179,1,G395M,3,6.1316,6.13,red line probably Halpha,DKo24  z=6.130,1,0.51,2.62,5.29,,13.2,,42.0,41.31,,,,FITS   zfit   spl,,,53961,214.896761,52.875796,22973.043,9440.912,107.0,0.97,0.0,3.207,0.0267,0.00213,2.321966,0.142249,-68.397505,18.575729,0.0,-0.00135,0.0,-0.00437,0.0,0.00255,0.0,-0.00184,0.0,0.0046,0.006,0.00344,0.00735,0.01613,0.01521,0.03491,-99.0,0.00289,-99.0,0.00304,-99.0,0.00948,-99.0,0.0077,-99.0,0.00177,0.00269,0.0015,0.00153,0.00121,0.00331,0.00181,0.28,14,53961,214.896761,52.875796,6.13,6.13,6.13,6.13,6.13,14,0.0,3502,3,0.018517115541009682,-2.5444829718498436,0.28166924573294355,0.6146611901594051,-0.14542399235830938,29.743105420796063,29.45462187404089,30.058603893571174,29.23428165228951,28.380914081527592,28.444676964867504,27.54262537796455,KOV24,true
j141955.93p525721.60,2,9768,214.983026,52.956001,rubies-egs61-nod-v3_prism-clear_4233_55604.spec.fits,rubies-egs61-nod-v3,55604,1,G395M,3,6.9823,6.982,Redshift matches rubies-egs61-v3_g395m-f290lp_4233_55604 z=6.9816,ILa22  z=N/A ;  DKo24  z=6.990,2,10.42,0.6,5.29,0.0,34.2,,43.48,42.98,,,,FITS   zfit   spl,,,73166,214.983032,52.956005,11597.101,10923.609,699.0,0.99,3.0,3.315,0.63647,0.00382,4.213725,0.030976,-59.971323,33.709801,0.0,0.00197,0.0,-0.00685,0.0,0.04897,0.0,0.09432,0.0,0.05495,0.08782,0.11069,0.16019,0.51357,0.97335,0.89724,-99.0,0.00419,-99.0,0.0047,-99.0,0.01124,-99.0,0.00991,-99.0,0.00298,0.00351,0.00297,0.00278,0.00268,0.0052,0.00413,0.33,10314,73166,214.983032,52.956005,6.982,6.982,6.982,6.982,6.982,10314,0.0,3307,3,0.01940834314331698,-0.7062254917988389,0.7414110128657759,1.8784067584009088,1.6598745191113178,27.050080758101224,26.541016418079074,26.2897290313847,25.888411496540378,24.62350088337111,23.92932741696391,24.01772843326424,Both,true
j141953.39p525743.89,2,9793,214.972441,52.962192,rubies-egs61-nod-v3_prism-clear_4233_61496.spec.fits,rubies-egs61-nod-v3,61496,1,G395M,3,5.0759,5.077,Redshift matches rubies-egs61-v3_g395m-f290lp_4233_61496 z=5.0778,DKo24  z=5.080,1,2.46,0.6,5.29,-2.6,34.2,,42.39,41.63,,,,FITS   zfit   spl,,,64408,214.972438,52.962194,11528.275,11988.113,268.0,0.99,2.0,3.562,0.11135,0.00416,3.914941,0.245977,33.83807,31.319527,0.0,0.00513,0.0,0.00672,0.0,0.01244,0.0,-4.3E-4,0.0,0.00671,0.01059,0.01369,0.04931,0.09332,0.21469,0.17198,-99.0,0.00376,-99.0,0.00461,-99.0,0.01256,-99.0,0.01099,-99.0,0.00282,0.00344,0.00272,0.00279,0.00229,0.00477,0.00353,0.28,314,64408,214.972438,52.962194,5.077,5.077,5.077,5.077,5.077,314,0.0,3316,3,0.009703547130336547,-0.716894652228447,0.3427334860906539,0.3935019997746776,0.5118179844338495,29.333193699577517,28.837760099731284,28.558991379665024,27.167662493672154,26.475063174695713,25.570470460008142,25.81130513846762,Both,true
j141948.20p525800.71,2,9849,214.950839,52.966865,rubies-egs61-nod-v3_prism-clear_4233_70130.spec.fits,rubies-egs61-nod-v3,70130,1,G395M,3,2.9696,2.9696,,-,0,1.44,0.6,5.29,,9.9,3.6,41.46,41.34,,,,FITS   zfit   spl,,,64710,214.950837,52.966863,12113.748,13540.148,282.0,0.99,3.0,3.185,0.17596,0.00296,3.17382,0.094343,1.467687,25.390562,0.0,0.01182,0.0,0.0161,0.0,0.00619,0.0,0.02113,0.0,0.01375,0.00982,0.02992,0.09185,0.133,0.19153,0.22766,-99.0,0.00379,-99.0,0.00519,-99.0,0.00992,-99.0,0.00874,-99.0,0.0025,0.00299,0.00246,0.00229,0.00226,0.00389,0.00345,0.33,314,64710,214.950837,52.966863,-99.0,5.125,4.287,3.555,3.555,314,0.0,3343,2,0.00840501659328674,-1.7834987643294065,0.5791487015898636,0.697016272749829,0.655718101287026,28.554243254584296,28.919721280532624,27.71009602701894,26.49230209839543,26.090370897582282,25.694407978337242,25.5067831712147,Both,true
j141954.13p525530.97,2,9887,214.975529,52.925268,rubies-egs61-nod-v3_prism-clear_4233_952625.spec.fits,rubies-egs61-nod-v3,952625,1,G395M,3,5.1027,5.105,Redshift matches rubies-egs61-v3_g395m-f290lp_4233_952625 z=5.1058,DKo24  z=5.110,1,1.19,0.6,5.29,-0.2,18.5,,41.88,41.87,,,,FITS   zfit   spl,,,51295,214.975524,52.925267,14757.196,8945.151,78.0,0.95,0.0,2.298,0.02916,0.00175,1.87048,0.027973,-24.823563,14.963842,0.0,0.0011,0.0,0.00364,0.00153,0.00902,0.0,0.01439,0.0,0.00566,0.00574,0.00703,0.01461,0.02305,0.06421,0.06278,-99.0,0.00234,-99.0,0.00249,0.00603,0.00768,-99.0,0.00682,-99.0,0.00148,0.00217,0.00185,0.00161,0.00119,0.00287,0.00277,0.28,13,51295,214.975524,52.925267,5.105,5.105,5.105,5.105,5.105,13,0.0,3363,3,0.011432984302747331,-1.7589608773251315,1.4981365879707418,0.8098903393741206,1.470667447705353,29.51795892202932,29.502720269005064,29.28261168745044,28.488374460164255,27.99332267568583,26.880993325208763,26.90544672158994,Both,true
j123623.11p621420.92,5,10670,189.096293,62.239144,jades-gdn11-v3_prism-clear_1181_4685.spec.fits,jades-gdn11-v3,4685,4,G140M   G235M   G395H   G395M,3,7.4189,7.415,"red, bright Hb",-,0,2.18,0.6,5.29,0.6,,,,41.85,,,,FITS   zfit   spl,,,33393,189.096299,62.239135,23929.543,13632.146,104.0,0.97,0.0,3.069,0.05252,0.0016,2.961197,0.205331,52.923245,23.689577,-0.00104,-0.00125,-0.00101,0.0021,-3.5E-4,0.0122,0.00548,0.01064,0.00438,0.00558,0.01159,0.00949,0.01241,0.03995,0.09343,0.09652,0.00368,0.00295,0.00298,0.00249,0.00499,0.00304,0.00319,0.00419,0.00324,0.00245,0.00239,0.00215,0.00136,0.00132,0.00252,0.00178,0.28,0,33393,189.096299,62.239135,7.415,7.415,7.415,7.415,7.415,0,0.0,1833,2,0.033926120428893626,-1.419001403216113,1.5593181214165936,2.659483670333151,2.5290419456961484,29.53341450265605,28.73979141009101,28.956834468931767,28.665570546253175,27.396208040874974,26.473784127880872,26.438456716908128,Both,true
j141942.18p525644.38,1,11036,214.925759,52.945662,ceers-ddt-v3_prism-clear_2750_1768.spec.fits,ceers-ddt-v3,1768,0,,3,5.0946,5.095,Redshifts match v2 grade=3,DKo24  z=N/A,1,4.47,0.6,5.29,1.0,56.3,,42.34,41.85,,,,FITS   zfit   spl,,,71873,214.925758,52.94566,15226.441,13272.263,208.0,0.97,0.0,2.891,0.08607,0.00202,2.833635,0.129115,33.931422,22.669077,0.0,-7.7E-4,0.0,0.0031,0.0,-0.01174,0.0,0.016,0.0,0.00582,0.00613,0.00886,0.02933,0.05932,0.17332,0.13126,-99.0,0.0028,-99.0,0.00457,-99.0,0.01094,-99.0,0.00996,-99.0,0.00247,0.00291,0.00155,0.00178,0.00171,0.00346,0.00181,0.28,14,71873,214.925758,52.94566,5.095,5.095,5.095,5.095,5.095,14,0.0,,,0.007519686716212943,-1.1632822790222535,1.0199452718592283,1.4324279854237383,1.2365181437547421,29.487692538375278,29.431348813703963,29.03141569528237,27.731719842548618,26.966997144109136,25.802878299094157,26.104669000197738,Both,true
j141940.32p525614.08,1,11048,214.917995,52.937245,ceers-ddt-v3_prism-clear_2750_2015.spec.fits,ceers-ddt-v3,2015,0,,3,4.8903,4.89,Redshifts match v2 grade=3,-,0,1.48,0.6,5.29,1.8,33.8,,41.77,41.52,,,,FITS   zfit   spl,,,62325,214.917991,52.937249,16359.183,13046.281,78.0,0.95,0.0,3.191,0.02208,0.00238,2.571327,0.281632,-30.376591,20.570614,0.0,7.0E-4,0.0,0.00687,0.0,0.00304,0.0,0.0066,0.0,8.9E-4,0.01058,0.00436,0.01739,0.03275,0.03972,0.0351,-99.0,0.00479,-99.0,0.00652,-99.0,0.01625,-99.0,0.01331,-99.0,0.00371,0.00454,0.00253,0.00316,0.00302,0.0059,0.00293,0.28,14,62325,214.917991,52.937249,4.89,4.89,4.89,4.89,4.89,14,0.0,,,0.01681309905204608,-2.316194737632615,0.3243935261645011,0.16523598020673508,0.14296638892399413,31.526524983387716,28.83878583075208,29.801283776828534,28.299251044993216,27.611971739180493,27.40247690044164,27.53673220883544,KOV24,true
j021737.70m051505.99,2,11344,34.407091,-5.251665,rubies-uds41-v3_prism-clear_4233_41571.spec.fits,rubies-uds41-v3,41571,1,G395M,2,5.5033,5.4983,,DKo24  z=N/A,1,0.09,0.6,5.29,3.9,,,,41.37,,,,FITS   zfit   spl,,,37668,34.407058,-5.251676,16344.104,9914.677,199.0,0.97,0.0,2.889,0.13629,0.00356,3.012159,0.211358,71.076005,24.097275,0.00286,-0.00499,0.0,0.0167,0.0,0.0179,0.04008,0.01752,0.01281,0.01081,0.01614,0.0184,0.04718,0.0882,0.35109,0.24755,0.00708,0.00353,-99.0,0.0039,-99.0,0.0112,0.01107,0.0098,0.00527,0.00514,0.00434,0.00353,0.00279,0.00339,0.00559,0.00377,0.28,2,37668,34.407058,-5.251676,-99.0,7.4,7.244,5.235,5.235,2,0.0,4469,2,0.12475319464667213,-1.3707577895597753,2.179676122102443,-0.5373564971569961,3.118259550914997,28.815435765116725,28.380241174034868,28.237955442476157,27.215605158626058,26.536328537170448,25.03645385062221,25.41584267333124,Both,true
j141923.85p524842.57,2,12229,214.849388,52.811824,rubies-egs53-nod-v3_prism-clear_4233_37032.spec.fits,rubies-egs53-nod-v3,37032,1,G395M,3,3.8475,3.8471,Redshift matches rubies-egs53-v3_g395m-f290lp_4233_37032 z=3.8503,-,0,3.55,0.6,5.29,,29.6,9.7,42.15,41.57,,,,FITS   zfit   spl,,,40859,214.849373,52.811831,31047.109,7090.301,536.0,0.93,3.0,4.224,0.25546,0.00422,4.867648,0.171927,2.224817,38.941185,0.0,0.00414,0.0,0.01786,0.0,0.0514,0.0,0.0379,0.0,0.02268,0.03484,0.04244,0.10793,0.24561,0.27836,0.31327,-99.0,0.00512,-99.0,0.00543,-99.0,0.01602,-99.0,0.0118,-99.0,0.0032,0.00439,0.00336,0.00326,0.00277,0.00489,0.00492,0.33,314,40859,214.849373,52.811831,-99.0,6.475,5.855,4.714,6.067,314,0.0,3190,3,0.04123560552668872,-0.7724678426374808,0.6262452303268377,0.6853823001833694,0.6497292567339789,28.010892374447828,27.544804634160933,27.330561561926743,26.31714455734844,25.424384887226946,25.288482930442555,25.160202982300078,Both,true
j141910.89p524719.85,2,12256,214.795368,52.788847,rubies-egs53-nod-v3_prism-clear_4233_42046.spec.fits,rubies-egs53-nod-v3,42046,1,G395M,3,5.2697,5.268,Redshift matches rubies-egs53-v3_g395m-f290lp_4233_42046 z=5.2777,DKo24  z=5.280,1,11.05,0.6,5.29,1.5,66.3,,43.37,42.61,,,,FITS   zfit   spl,,,47680,214.795358,52.78885,35684.91,8295.629,558.0,1.0,2.0,3.034,0.83599,0.00399,3.858486,0.103426,-56.299272,30.867891,0.0,-0.00408,0.0,0.01508,0.0,0.0677,0.0,0.06161,0.0,0.04216,0.06161,0.08613,0.40478,0.5871,2.65709,1.81728,-99.0,0.00447,-99.0,0.00438,-99.0,0.01127,-99.0,0.00967,-99.0,0.00271,0.00344,0.0028,0.00341,0.0031,0.00759,0.00542,0.33,10214,47680,214.795358,52.78885,5.268,5.268,5.268,5.268,5.268,10214,0.0,3206,3,0.024302734821079017,-1.0140831631778664,0.1531919863524562,-0.008669782179312144,0.23304176809318874,27.33774849448877,26.925871978016474,26.562113881959576,24.881952384838982,24.47821979905584,22.83898433768394,23.251445382491585,Both,true
j141911.41p524907.49,2,12329,214.797537,52.818746,rubies-egs53-nod-v3_prism-clear_4233_53254.spec.fits,rubies-egs53-nod-v3,53254,1,G395M,3,6.6207,6.621,Redshift matches rubies-egs53-v3_g395m-f290lp_4233_53254 z=6.6197,DKo24  z=6.620,1,1.55,0.6,5.29,,21.4,,42.54,42.41,,,,FITS   zfit   spl,,,76503,214.797529,52.818758,32844.996,10495.707,316.0,0.99,0.0,4.12,0.12955,0.00364,3.925027,0.202538,-5.039738,31.400213,0.0,-2.6E-4,0.0,0.0031,0.0,0.01282,0.0,0.02814,0.0,0.02868,0.02949,0.02987,0.05075,0.11926,0.12402,0.1792,-99.0,0.00471,-99.0,0.0052,-99.0,0.01143,-99.0,0.00893,-99.0,0.00305,0.00366,0.00316,0.00278,0.00234,0.00398,0.00458,0.33,114,76503,214.797529,52.818758,6.621,6.621,6.621,6.621,6.621,114,0.0,3246,3,0.04657437208066234,-1.0044575330998404,0.3527368251879891,-0.729983077579366,0.27860461700217737,27.756052132510593,27.725813068620504,27.711911943489678,27.13640988353687,26.208762987475698,26.166270682472668,25.76665498668473,Both,true
j141903.98p524953.48,2,12378,214.766582,52.831522,rubies-egs53-nod-v3_prism-clear_4233_69023.spec.fits,rubies-egs53-nod-v3,69023,1,G395M,1,2.1547,3.3282,,-,0,-0.23,0.6,5.29,,1.5,8.2,40.16,41.01,,,,FITS   zfit   spl,,,61095,214.766571,52.831523,33127.035,13198.583,318.0,0.98,0.0,2.924,0.18665,0.00337,3.419361,0.137862,6.080147,27.354887,0.0,0.00491,0.0,0.00742,0.0,0.01681,0.0,0.01694,0.0,0.01681,0.01381,0.05692,0.19276,0.18018,0.22832,0.26786,-99.0,0.00478,-99.0,0.00558,-99.0,0.01126,-99.0,0.01012,-99.0,0.00255,0.00318,0.00284,0.00291,0.00276,0.00437,0.00396,0.33,14,61095,214.766571,52.831523,-99.0,4.525,4.347,4.473,4.473,14,0.0,3269,2,0.024194100499432828,-0.6721028513793228,2.0477104331299065,-2.115408440213627,-1.4699992802133854,28.33608071640132,28.54951580355342,27.01183777146938,25.687457705927073,25.760733543543438,25.50364011057357,25.33023033875188,Both,true
j141921.73p524904.59,2,12385,214.840544,52.817942,rubies-egs53-v3_prism-clear_4233_948260.spec.fits,rubies-egs53-v3,948260,1,G395M,2,0.4148,6.11,;,ILa22  z=N/A ;  DKo24  z=6.110,2,1.02,0.6,5.29,,1.4,1.1,39.1,39.13,,,,FITS   zfit   spl,,,46676,214.840539,52.817942,30902.447,8053.342,184.0,0.98,2.0,3.127,0.06484,0.00245,2.866246,0.147011,33.347243,22.929972,0.0,0.00242,0.0,-1.6E-4,0.00359,0.00428,0.0,0.00664,0.0,0.00683,0.00926,0.00505,0.01301,0.03424,0.04918,0.09083,-99.0,0.00263,-99.0,0.00276,0.00505,0.00847,-99.0,0.00641,-99.0,0.00166,0.00218,0.00176,0.00156,0.00141,0.0025,0.00225,0.28,213,46676,214.840539,52.817942,6.11,6.11,6.11,6.11,6.11,213,0.0,,,0.010878293764852866,-2.568720535888087,1.6911862051070636,1.0856226208864304,1.3910591095737666,29.313948240796165,28.983472533295163,29.641771554703347,28.614306758596033,27.56366560998721,27.17052868899325,26.504426714529043,Both,true
j021705.00m051319.01,1,12640,34.270817,-5.221948,glazebrook-v3_prism-clear_2565_16030.spec.fits,glazebrook-v3,16030,0,,3,3.2287,3.229,Redshifts match v2 grade=3,-,0,2.57,0.6,5.29,,,,,,,,,FITS   zfit   spl,,,53432,34.270813,-5.221907,32625.408,13486.171,197.0,0.95,0.0,4.037,0.14558,0.00746,3.304124,0.203176,55.502134,26.432993,0.01058,0.03406,0.0,0.04011,0.0,0.0408,0.09664,0.09177,0.05699,0.0473,0.06378,0.12764,0.11541,0.10998,0.12693,0.14192,0.00729,0.00399,-99.0,0.00409,-99.0,0.01054,0.0218,0.00948,0.00961,0.00944,0.00777,0.00682,0.00518,0.00498,0.00843,0.00614,0.28,2,53432,34.270813,-5.221907,3.229,3.229,3.229,3.229,3.229,2,0.0,,,0.14829498419123002,-1.1153746162660922,12.918146132777315,-99.0,-99.0,27.21284714815547,26.88828871273265,26.135033011196317,26.244391397433805,26.296715711635347,26.141089299872604,26.01989099378087,KOV24,true
j021728.10m051736.69,2,13374,34.367104,-5.293524,rubies-uds42-nod-v3_prism-clear_4233_16053.spec.fits,rubies-uds42-nod-v3,16053,1,G395M,3,3.9664,3.9676,Redshift matches rubies-uds42-v3_g395m-f290lp_4233_16053 z=3.9524,-,0,2.36,0.6,5.29,-0.1,13.0,4.4,41.85,41.42,,,,FITS   zfit   spl,,,14300,34.367086,-5.293532,21120.531,4892.04,243.0,0.96,0.0,2.851,0.18084,0.00342,3.020005,0.081394,80.598884,24.160042,0.0,0.0,0.0,0.0,0.0,0.0,0.0,0.0,0.01065,0.00314,0.011,0.02153,0.09078,0.18449,0.19917,0.22594,-99.0,-99.0,-99.0,-99.0,-99.0,-99.0,-99.0,-99.0,0.00472,0.00468,0.00391,0.00329,0.00299,0.00293,0.00483,0.00364,0.28,8,14300,34.367086,-5.293532,-99.0,6.05,5.684,4.8,4.8,8,0.0,4492,3,0.07065932082782,-1.9366997677122335,1.2886273224599507,0.13632102035669197,0.26562241022766403,30.157675879816964,28.796518287104437,28.06738992544128,26.505024553982924,25.735067922847914,25.65194019158354,25.515017188951287,Both,true
j021721.18m051651.22,2,13427,34.338271,-5.280895,rubies-uds42-nod-v3_prism-clear_4233_23438.spec.fits,rubies-uds42-nod-v3,23438,1,G395M,3,3.6917,3.6912000000000003,Redshift matches rubies-uds42-v3_prism-clear_4233_23438 z=3.6907,-,0,4.06,0.6,5.29,,34.5,27.2,42.39,42.37,,,,FITS   zfit   spl,,,21448,34.338246,-5.280882,24566.643,6409.996,331.0,0.99,0.0,3.401,0.31592,0.00579,3.833966,0.218919,34.642493,30.671732,0.00627,0.0212,0.0,0.03798,0.0,0.0,0.0,0.0,0.04267,0.04375,0.05574,0.07137,0.27665,0.2815,0.39021,0.43188,0.01545,0.00863,-99.0,0.00364,-99.0,-99.0,-99.0,-99.0,0.00726,0.00742,0.00625,0.00525,0.00535,0.00528,0.00796,0.00607,0.33,5,21448,34.338246,-5.280882,-99.0,5.125,5.147,5.147,5.152,5,0.0,4520,3,0.10110204884555063,-1.4389060104192297,0.4039019821647065,-0.2629004708411724,-0.05575935572312759,27.29755485660417,27.034582589056786,26.766210758107675,25.29517331362457,25.276304002031587,24.92175401258972,24.81159226824866,Both,true
j021722.80m051536.42,2,13890,34.345003,-5.260115,rubies-uds42-nod-v3_prism-clear_4233_36171.spec.fits,rubies-uds42-nod-v3,36171,1,G395M,3,6.478,6.4734,Redshift matches rubies-uds42-v3_prism-clear_4233_36171 z=6.4688,-,0,1.48,0.6,5.29,1.7,12.1,,42.24,41.34,,,,FITS   zfit   spl,,,33061,34.34498,-5.260109,23762.143,8902.742,110.0,0.96,0.0,3.284,0.08424,0.00492,2.278709,0.108001,-82.332735,18.229673,0.01063,-9.8E-4,0.0,-0.00371,0.0,-2.1E-4,0.02273,0.02651,-0.00158,-0.0015,0.00231,3.7E-4,0.01456,0.0512,0.08362,0.12099,0.01038,0.00357,-99.0,0.00257,-99.0,0.01158,0.02112,0.00992,0.0057,0.00581,0.00475,0.00396,0.00321,0.00362,0.00572,0.00423,0.28,2,33061,34.34498,-5.260109,-99.0,7.925,7.108,4.295,4.295,2,0.0,4550,3,0.08523366972164356,-0.44424983602200563,2.1509950513551286,2.524326503832979,2.4576075576880596,,30.490970050269638,32.47949568983251,28.492096562557453,27.12682509756042,26.594224591964007,26.193126308181796,KOV24,true
j021725.47m051455.50,2,13925,34.356128,-5.24875,rubies-uds42-nod-v3_prism-clear_4233_43506.spec.fits,rubies-uds42-nod-v3,43506,1,G395M,3,7.491,7.4909,Redshift matches rubies-uds42-v3_prism-clear_4233_43506 z=7.4908,-,0,0.39,0.6,5.29,-0.6,,,,42.29,,,,FITS   zfit   spl,,,39422,34.356107,-5.248755,22432.555,10265.257,73.0,0.5,0.0,4.101,0.02581,0.00405,2.737266,0.352388,-20.857672,21.898127,-0.00475,0.00147,0.0,0.00141,0.0,0.0058,0.00296,0.01758,0.00429,0.01105,0.01076,0.00583,0.01068,0.01139,0.03425,0.02796,0.00782,0.00214,-99.0,0.00151,-99.0,0.00704,0.01432,0.00647,0.00366,0.00352,0.00321,0.00247,0.00206,0.00197,0.00428,0.00273,0.28,2,39422,34.356107,-5.248755,-99.0,7.3,7.167,7.275,7.238,2,0.0,4567,3,0.0774049776126847,-2.366495917927524,0.754615552222284,-1.7434852466901591,-0.971304600181568,28.791594304947175,28.82046932167407,29.485828613102463,28.828571868268654,28.758690689802247,27.56334856042889,27.78365708231589,KOV24,true
j123701.12p621817.91,3,14063,189.254668,62.304974,goodsn-wide3-v3_prism-clear_1211_5461.spec.fits,goodsn-wide3-v3,5461,2,G235H   G395H,1,2.5175,2.5175,,-,0,1.51,0.6,5.29,,2.6,0.6,40.62,40.22,,,,FITS   zfit   spl,,,55961,189.254619,62.304987,15084.198,21526.521,96.0,0.41,0.0,4.014,0.0601,0.00657,2.660955,0.107762,-9.008398,21.287643,0.01625,0.01937,0.01706,0.01682,0.01726,0.01582,0.03819,0.04156,0.0,0.0,0.0,0.0,0.0,0.0,0.0,0.04256,0.00216,0.00215,0.00255,0.00202,0.00291,0.00327,0.01258,0.00389,-99.0,-99.0,-99.0,-99.0,-99.0,-99.0,-99.0,0.00316,0.28,70,55961,189.254619,62.304987,-99.0,2.725,2.921,2.661,2.661,70,0.0,,,0.09440184375882209,-2.221644807856301,2.7056456889260465,-99.0,-99.0,,,,,,,27.32749595178252,KOV24,true
j021653.70m051536.88,2,15076,34.223757,-5.260245,rubies-uds1-nod-v3_prism-clear_4233_31747.spec.fits,rubies-uds1-nod-v3,31747,1,G395M,3,4.1312,4.13085,Redshift matches rubies-uds1-v3_g395m-f290lp_4233_31747 z=4.1305,-,0,7.49,0.6,5.29,-1.7,46.0,,42.43,41.57,,,,FITS   zfit   spl,,,32839,34.223743,-5.260208,38249.328,8888.9,406.0,0.99,3.0,3.257,0.37988,0.00543,3.992345,0.211079,70.619407,31.938763,-0.00419,8.6E-4,0.0,0.00604,0.0,0.01116,0.0,0.00981,0.00972,0.01281,0.01046,0.03638,0.20664,0.39219,0.37582,0.44438,0.01214,0.00595,-99.0,0.00671,-99.0,0.01393,-99.0,0.01059,0.00582,0.0059,0.00487,0.00408,0.00474,0.00505,0.00832,0.00599,0.33,303,32839,34.223743,-5.260208,-99.0,4.75,5.388,5.111,5.111,303,0.0,3670,3,0.1423413140666163,-1.8690202935717841,1.25251213457041,-0.05091773041590055,-0.2954182202216702,28.631127175638284,28.85117078867186,27.497843263181338,25.611964017086848,24.91625871025158,24.962550279465024,24.780613738443,KOV24,true
j123710.55p620911.13,5,15265,189.293952,62.153091,jades-gdn-v3_prism-clear_1181_39353.spec.fits,jades-gdn-v3,39353,4,G140M   G235M   G395H   G395M,3,4.851,4.848,Redshifts match v2 grade=3,-,0,2.96,0.6,5.29,4.0,31.2,,42.24,42.31,,,,FITS   zfit   spl,,,2794,189.293971,62.153096,12871.263,3302.504,207.0,0.97,0.0,3.126,0.10015,0.00168,3.250926,0.112443,55.78198,26.007406,-0.0023,0.00907,0.0278,0.03454,0.02268,0.01868,0.0,0.0291,0.03267,0.02611,0.02233,0.02492,0.05297,0.09583,0.10402,0.11254,0.00193,0.00522,0.00499,0.00247,0.00458,0.00456,-99.0,0.00611,0.00278,0.00198,0.00205,0.0019,0.00129,0.0013,0.00241,0.00172,0.28,1,2794,189.293971,62.153096,4.848,4.848,4.848,4.848,4.848,1,0.0,2358,4,0.03667187094106876,-2.3196398792886477,0.611997171283271,0.8541130156552645,0.5755746637409292,27.857982820442636,28.027778192321403,27.908629905032168,27.089925067661003,26.44624627962938,26.357207876402967,26.271732722955065,Both,true
j123710.81p621136.86,5,15299,189.295056,62.193572,jades-gdn-v3_prism-clear_1181_53501.spec.fits,jades-gdn-v3,53501,4,G140M   G235M   G395H   G395M,3,3.4283,3.429,Redshifts match v2 grade=3,-,0,6.08,0.6,5.29,,53.9,37.3,42.59,42.44,,,,FITS   zfit   spl,,,16328,189.295065,62.193576,12814.914,8159.832,412.0,0.98,0.0,3.175,0.32344,0.00215,3.794963,0.080245,52.025184,30.359705,0.00756,0.03016,0.04333,0.03452,0.03402,0.04809,0.03695,0.06255,0.0,0.0537,0.06346,0.20227,0.34581,0.29436,0.33148,0.40194,0.00317,0.00518,0.00589,0.00316,0.00534,0.00425,0.00923,0.00542,-99.0,0.00342,0.00371,0.00366,0.00247,0.00221,0.00559,0.00286,0.5,10010,16328,189.295065,62.193576,3.429,3.429,3.429,3.429,3.429,10010,0.0,2373,4,0.020875758018307256,-1.3817743396075073,0.1744310825449777,-0.38402372515468314,-0.663145179703685,27.07506428575111,26.893749830589016,25.635171313841717,25.0529061303011,25.227803014364973,25.098856674570843,24.88959692956314,KOV24,true
j021658.61m051445.14,4,15439,34.2442,-5.245871,rubies-uds1-nod-v3_prism-clear_4233_40579.spec.fits,rubies-uds1-nod-v3,40579,1,G395M,3,3.1129,3.1,Redshift matches rubies-uds1-v3_prism-clear_4233_40579 z=3.1124,DKo24  z=3.100,1,53.57,0.6,5.29,,73.2,32.1,43.57,42.66,,,,FITS   zfit   spl,,,40346,34.244187,-5.245831,35806.652,10614.729,1111.0,1.0,3.0,3.181,3.86502,0.00727,5.281233,0.307888,66.885573,42.249863,0.00263,0.03361,0.0,0.0386,0.0,0.07402,0.09978,0.16393,0.04809,0.08159,0.12988,0.77261,3.1201,3.52337,4.58646,4.6731,0.0099,0.00545,-99.0,0.00526,-99.0,0.01272,0.02675,0.01217,0.00628,0.00688,0.00517,0.00571,0.00943,0.00893,0.01263,0.0094,0.33,10202,40346,34.244187,-5.245831,3.1,3.1,3.1,3.1,3.1,10202,0.0,3707,6,0.1513536620183001,-0.6301401343154939,2.2858754621239794,0.5755280345600355,0.32040958604826475,26.620907667176393,26.11614430011509,24.1800991875505,22.664578716274228,22.53260436953711,22.24630597440602,22.225987313444183,Both,true
j021701.00m051724.13,2,15500,34.254161,-5.290037,rubies-uds1-nod-v3_prism-clear_4233_916674.spec.fits,rubies-uds1-nod-v3,916674,1,G395M,3,6.0731,6.074,Redshift matches rubies-uds1-v3_g395m-f290lp_4233_916674 z=6.0659,DKo24  z=N/A,1,0.99,2.65,5.29,,12.0,,42.09,41.81,,,,FITS   zfit   spl,,,16358,34.254148,-5.290013,34615.406,5313.003,107.0,0.96,0.0,3.042,0.06846,0.00427,2.353311,0.083201,87.718047,18.826488,0.0,0.0,0.0,0.0,0.0,0.0,0.0,0.0,0.00165,0.01853,0.017,0.03251,0.02611,0.05764,0.07827,0.165,-99.0,-99.0,-99.0,-99.0,-99.0,-99.0,-99.0,-99.0,0.00754,0.0077,0.0064,0.00556,0.00434,0.0046,0.00712,0.00562,0.28,8,16358,34.254148,-5.290013,6.074,6.074,6.074,6.074,6.074,8,0.0,3740,3,0.09816609515382323,-0.9671207732033155,1.2392609801501147,0.35279216491792625,0.7996301707214971,28.230311451702754,28.323877696554312,27.619957576259683,27.857982820442636,26.99819006964512,26.66601166545029,25.856290139465234,Both,true
j021658.49m051617.18,2,15504,34.2437,-5.271438,rubies-uds1-nod-v3_prism-clear_4233_928474.spec.fits,rubies-uds1-nod-v3,928474,1,G395M,3,6.9314,6.932,Redshift matches rubies-uds1-v3_prism-clear_4233_928474 z=6.9312,DKo24  z=N/A,1,1.05,0.6,5.29,-0.7,13.3,,42.56,42.07,,,,FITS   zfit   spl,,,26762,34.243688,-5.2714,35865.672,7546.361,117.0,0.96,0.0,2.982,0.06452,0.00288,2.361942,0.088799,74.79318,18.895533,-0.00204,-0.01056,0.0,0.00434,0.0,-0.00293,0.03557,0.01329,0.00301,0.01088,0.0094,0.00532,0.01548,0.04927,0.09387,0.09578,0.01156,0.00652,-99.0,0.00743,-99.0,0.01138,0.02164,0.00871,0.0051,0.00545,0.00454,0.00372,0.00251,0.0024,0.00443,0.00334,0.28,2,26762,34.243688,-5.2714,6.932,6.932,6.932,6.932,6.932,2,0.0,3742,3,0.14340407046275122,-2.3307262439820224,1.3505253819859169,1.9030499489629529,1.799151506668639,28.808427761594594,28.96718036600075,29.585220919262376,28.425572609132814,27.168543594312727,26.46868295533536,26.446812918233526,KOV24,true
j021704.61m051450.58,4,15507,34.269226,-5.247384,rubies-uds1-nod-v3_prism-clear_4233_945401.spec.fits,rubies-uds1-nod-v3,945401,1,G395M,0,6.6124,6.7681,,-,0,-0.13,0.76,5.29,-0.1,4.0,,41.85,42.34,,,,FITS   zfit   spl,,,40190,34.269205,-5.247359,32817.098,10431.813,83.0,0.98,0.0,3.514,0.04763,0.00466,2.317523,0.208149,78.607343,18.540184,3.2E-4,-0.00319,0.0,-0.00911,0.0,0.01205,-7.2E-4,0.02244,0.00691,0.01326,0.01336,0.00778,0.01075,0.02865,0.03687,0.05922,0.0062,0.00377,-99.0,0.004,-99.0,0.00993,0.01414,0.00844,0.0053,0.00545,0.00444,0.00398,0.0031,0.00292,0.00527,0.00393,0.28,2,40190,34.269205,-5.247359,-99.0,7.75,7.819,6.365,6.366,2,0.0,3745,5,0.11733522769374613,-2.4324876378476965,0.8889101169708737,-0.5811874285616637,0.16602481338980898,28.593641189828112,28.58548385465118,29.172551007525776,28.82147883937094,27.757188434241478,27.483317155984707,26.9688289923668,KOV24,true
j021712.88m051433.60,2,15557,34.303648,-5.242665,rubies-uds3-nod-v3_prism-clear_4233_42289.spec.fits,rubies-uds3-nod-v3,42289,1,G395M,3,3.7071,3.7072000000000003,Redshift matches rubies-uds3-v3_g395m-f290lp_4233_42289 z=3.6994,-,0,1.85,0.6,5.29,,29.7,25.5,42.06,42.16,,,,FITS   zfit   spl,,,42697,34.303624,-5.242649,28704.086,10997.643,143.0,0.96,0.0,3.016,0.10214,0.00373,2.6143,0.138018,77.858269,20.914404,0.00515,0.02096,0.0,0.03243,0.0,0.00878,0.02835,0.01369,0.02611,0.01699,0.02229,0.03136,0.09742,0.09886,0.12923,0.14157,0.00867,0.00364,-99.0,0.00452,-99.0,0.01172,0.01577,0.0098,0.00675,0.00664,0.00536,0.00458,0.00363,0.00338,0.00605,0.00439,0.28,2,42697,34.303624,-5.242649,-99.0,4.325,4.296,3.635,3.635,2,0.0,4254,3,0.1035393331161313,-2.7202697390182538,0.00168713589113767,-0.2881666513711528,-0.22152471955575626,28.324516552827383,28.029724828799402,27.659059864968995,26.42837968691062,26.412448484688102,26.121591639187173,26.022571919843468,Both,true
j021703.50m051357.31,2,15596,34.264602,-5.232586,rubies-uds3-nod-v3_prism-clear_4233_47509.spec.fits,rubies-uds3-nod-v3,47509,1,G395M,3,5.6754,5.676,Redshift matches rubies-uds3-v3_prism-clear_4233_47509 z=5.6752,DKo24  z=5.680,1,4.45,0.6,5.29,-0.5,48.5,,42.88,42.81,,,,FITS   zfit   spl,,,47866,34.264582,-5.232545,33369.781,12209.474,297.0,0.99,1.0,3.559,0.30872,0.0069,3.629791,0.199744,68.715703,29.038326,0.00612,-0.00278,0.0,0.01485,0.0,0.06804,0.06198,0.08343,0.04939,0.04888,0.06007,0.06223,0.09312,0.24676,0.21309,0.39413,0.00788,0.00467,-99.0,0.00504,-99.0,0.01232,0.02266,0.01066,0.00957,0.00909,0.0078,0.00669,0.00775,0.00597,0.00999,0.00755,0.33,102,47866,34.264582,-5.232545,5.676,5.676,5.676,5.676,5.676,102,0.0,4265,3,0.16409339935360223,-1.6832469619708168,0.12353443496538599,0.057523272869519124,0.11104799089502702,27.177172006913754,26.95335592013161,26.915000497538824,26.477392581735465,25.419313096070145,25.578592326520706,24.91090126668916,Both,true
j021715.16m051336.41,2,15619,34.313154,-5.226781,rubies-uds3-nod-v3_prism-clear_4233_50716.spec.fits,rubies-uds3-nod-v3,50716,1,G395M,3,6.1774,6.179,Redshift matches rubies-uds3-v3_g395m-f290lp_4233_50716 z=6.1693,DKo24  z=6.170,1,1.53,0.6,5.29,-2.2,21.0,,42.35,42.14,,,,FITS   zfit   spl,,,50979,34.31313,-5.226766,27568.41,12903.655,229.0,0.98,0.0,3.178,0.10946,0.00333,3.162563,0.132751,-72.891648,25.300507,-0.00599,-0.00132,0.0,-0.00128,0.0,0.0127,-0.00486,0.01932,0.00295,0.00875,0.00828,0.01325,0.0224,0.06976,0.08636,0.1454,0.00658,0.00284,-99.0,0.00206,-99.0,0.00951,0.02026,0.01059,0.00407,0.00396,0.00326,0.00275,0.00215,0.00219,0.00379,0.00281,0.28,2,50979,34.31313,-5.226766,6.179,6.179,6.179,6.179,6.179,2,0.0,4271,3,0.10158252576304794,-1.3900306369934876,1.4210443655929297,1.3278074897846923,1.4412833150211137,29.044979867444216,29.104924158037797,28.594460304317934,28.02437995416459,26.79098382018872,26.559218415844516,25.99358898369245,Both,true
j021715.43m051323.72,2,15779,34.314311,-5.223255,rubies-uds3-nod-v3_prism-clear_4233_960332.spec.fits,rubies-uds3-nod-v3,960332,1,G395M,3,7.1279,7.129,Redshift matches rubies-uds3-v3_prism-clear_4233_960332 z=7.1285,-,0,1.04,0.6,5.29,-0.3,,,,42.56,,,,FITS   zfit   spl,,,52799,34.314287,-5.223236,27430.076,13327.345,139.0,0.86,0.0,3.708,0.06358,0.0035,2.978696,0.228701,-62.310738,23.829565,0.00688,0.00196,0.0,-4.8E-4,0.0,0.04289,0.04506,0.04277,5.5E-4,0.03079,0.04006,0.03359,0.03543,0.03847,0.11215,0.06464,0.00613,0.00229,-99.0,0.00179,-99.0,0.00873,0.01708,0.01061,0.00452,0.00445,0.00374,0.00325,0.00233,0.00228,0.00442,0.00306,0.28,2,52799,34.314287,-5.223236,7.129,7.129,7.129,7.129,7.129,2,0.0,4315,3,0.1099165724895781,-2.1060265224519807,0.05293045085339132,-1.9400135908500975,-0.18100131522878016,27.678975777742004,27.393222637606105,27.584474990395837,27.526572119167056,27.437194534232958,26.27550180520253,26.873746630583675,KOV24,true
j021702.50m051450.72,2,15807,34.260431,-5.247423,rubies-uds2-nod-v3_prism-clear_4233_39476.spec.fits,rubies-uds2-nod-v3,39476,1,G395M,3,7.2882,7.284,Redshift matches rubies-uds2-v3_g395m-f290lp_4233_39476 z=7.2921,-,0,0.59,0.6,5.29,-1.2,,,,42.04,,,,FITS   zfit   spl,,,40202,34.260408,-5.247401,33868.27,10426.591,68.0,0.94,0.0,4.201,0.04022,0.00583,2.664588,0.367224,-13.322588,21.316706,-0.00243,-0.00709,0.0,-0.00826,0.0,0.01814,0.03591,-0.00611,8.0E-4,0.01757,0.01269,0.00701,0.00891,0.03339,0.08188,0.08083,0.01437,0.0077,-99.0,0.00758,-99.0,0.01632,0.03464,0.01399,0.01297,0.01372,0.01053,0.00848,0.00613,0.00606,0.01103,0.0078,0.28,2,40202,34.260408,-5.247401,7.284,7.284,7.284,7.284,7.284,2,0.0,3776,3,0.11432906709830151,-2.9722473027684995,1.4789088903750407,3.2650959878191848,2.7036008159658556,28.28807059626176,28.641345944763238,29.285704955083354,29.02530573990781,27.590958952364073,26.617055415023827,26.631068553003622,KOV24,true
j021717.79m051510.04,2,16321,34.324122,-5.252789,rubies-uds43-nod-v3_prism-clear_4233_40800.spec.fits,rubies-uds43-nod-v3,40800,1,G395M,3,4.9871,4.9864,Redshift matches rubies-uds43-v3_g395m-f290lp_4233_40800 z=4.9831,DKo24  z=N/A,1,1.29,0.6,5.29,3.2,11.5,,41.7,41.4,,,,FITS   zfit   spl,,,37072,34.3241,-5.252775,26257.211,9782.682,110.0,0.98,0.0,3.021,0.04909,0.00241,2.522432,0.112413,-52.075249,20.179457,-0.00409,0.00122,0.0,0.00443,0.0,-0.00843,-0.00166,-0.00625,0.00379,0.00389,0.01827,0.00518,0.01969,0.04414,0.08886,0.08268,0.01034,0.00336,-99.0,0.00235,-99.0,0.0098,0.02428,0.00833,0.00442,0.0045,0.0038,0.00305,0.00259,0.00233,0.00432,0.00321,0.28,2,37072,34.3241,-5.252775,-99.0,7.575,7.131,5.369,5.373,2,0.0,4677,3,0.09359608173728366,-1.4906597360463407,1.5069922462649326,1.4547750744966712,1.8362839237129638,29.92512599668573,28.245653631618655,29.614175600636916,28.164385709654702,27.28791917793591,26.52823422773787,26.60649883011187,Both,true
j001420.05m302348.04,1,16414,3.583535,-30.396679,uncover-v3_prism-clear_2561_15383.spec.fits,uncover-v3,15383,0,,3,7.0315,7.038,Redshift matches uncover-v2_prism-clear_2561_15383 z=7.0353,LFu22  z=N/A,1,16.0,0.6,5.29,1.5,32.0,,42.54,40.53,,,,FITS   zfit   spl,,,12048,3.583537,-30.396675,9646.323,8184.101,322.0,0.98,3.0,3.707,0.21857,0.00129,3.492031,0.027831,45.376429,27.936251,-0.00154,0.01298,0.0,0.02118,0.06005,0.07296,0.07633,0.08487,0.02901,0.05012,0.0622,0.0763,0.06174,0.15357,0.24697,0.30539,0.00237,0.00186,-99.0,0.00138,0.00163,0.00238,0.00224,0.00212,0.00391,0.00216,0.00227,0.00182,0.00107,0.00119,0.00265,0.0015,0.33,301,12048,3.583537,-30.396675,7.038,7.038,7.038,7.038,7.038,301,0.0,,,0.01568208999080545,-1.9322646203582203,1.211640891312474,1.4383584798778877,1.3554931441028415,27.14997234419472,26.915524038272952,26.693688655112798,26.92358343713481,25.93423403932523,25.41838949565393,25.187862970064767,Both,true
j001423.33m302339.58,1,16423,3.597203,-30.394329,uncover-v3_prism-clear_2561_16594.spec.fits,uncover-v3,16594,0,,3,7.0315,7.04,Redshift matches uncover-v2_prism-clear_2561_16594 z=7.0353,LFu22  z=N/A ;  DKo24  z=N/A,2,6.64,0.6,5.29,1.9,23.2,,42.14,40.6,,,,FITS   zfit   spl,,,12781,3.59721,-30.394332,8279.658,8455.201,228.0,0.96,0.0,3.15,0.06016,0.00121,3.289842,0.209339,52.779305,26.318735,-0.00122,-6.3E-4,0.0,-4.5E-4,0.00479,0.00788,0.00702,0.00653,0.0,0.00757,0.01135,0.00921,0.00931,0.0428,0.07476,0.08956,0.00189,0.00146,-99.0,0.00112,0.00142,0.00206,0.00194,0.00184,-99.0,0.0019,0.00158,0.00159,8.1E-4,9.0E-4,0.00172,0.00119,0.28,11,12781,3.59721,-30.394332,7.04,7.04,7.04,7.04,7.04,11,0.0,,,0.02427179533411806,-1.7398997087560093,1.5015248569998942,3.7831138441667025,3.0135059502249146,29.202260301249815,28.762510346177145,28.989350924507875,28.977625797546644,27.321390577467067,26.71582676823301,26.519714787732518,Both,true
j001433.70m302311.18,1,16473,3.640408,-30.386438,uncover-v3_prism-clear_2561_20466.spec.fits,uncover-v3,20466,0,,3,8.5039,8.503,Redshifts match v2 grade=3,DKo24  z=8.500,1,2.17,0.6,5.29,5.8,,,,42.65,,,,FITS   zfit   spl,,,15122,3.640415,-30.386432,3960.662,9368.246,151.0,0.96,2.0,2.851,0.05533,0.00222,2.373121,0.067096,78.434355,18.984968,0.0,0.00372,0.0,-0.0038,0.0,0.0,0.0,0.0,0.0,0.0087,0.01095,0.01176,0.01632,0.03052,0.06705,0.10446,-99.0,0.00901,-99.0,0.01345,-99.0,-99.0,-99.0,-99.0,-99.0,0.0028,0.00227,0.00232,0.00148,0.00162,0.00275,0.00217,0.28,316,15122,3.640415,-30.386432,8.503,8.503,8.503,8.503,8.503,316,0.0,,,0.030645006503156578,-1.3416332484977542,1.8020828966063502,0.4948499933267255,1.6034286447188861,29.051201868453454,28.801464702059654,28.723981695649698,28.368199613955394,27.68853867679289,26.834003044530952,26.352624946247563,Both,true
j001416.70m302223.60,1,16568,3.569597,-30.373223,uncover-v3_prism-clear_2561_28876.spec.fits,uncover-v3,28876,0,,3,7.038,7.037,Redshifts match v2 grade=3,DKo24  z=7.040,1,3.7,0.6,5.29,1.2,25.8,,42.42,41.19,,,,FITS   zfit   spl,,,20020,3.569592,-30.373218,11039.884,10902.398,129.0,0.96,0.0,2.809,0.03796,0.00155,2.522455,0.127274,81.657721,20.179644,-0.00186,6.5E-4,0.0,-0.0042,0.00479,0.01249,0.0,0.0164,0.0,0.00871,0.00849,0.00983,0.01066,0.03121,0.05489,0.06219,0.00378,0.00203,-99.0,0.00263,0.01404,0.01273,-99.0,0.02337,-99.0,0.00262,0.00218,0.00225,0.00122,0.00139,0.00225,0.00168,0.28,12,20020,3.569592,-30.373218,7.037,7.037,7.037,7.037,7.037,12,0.0,,,0.02377320804590123,-1.7399462827422771,1.2429104871382544,1.8213879332174823,1.597197963160591,29.04995461248084,29.077730774390115,28.91861620541966,28.830606988273615,27.664265578336668,27.05126692304596,26.915698607966192,Both,true
j001407.20m302128.85,1,16695,3.530009,-30.358013,uncover-v3_prism-clear_2561_38108.spec.fits,uncover-v3,38108,0,,3,4.962,4.96,Redshifts match v2 grade=3,DKo24  z=4.960,1,8.81,0.6,5.29,2.6,71.3,,42.66,42.24,,,,FITS   zfit   spl,,,25363,3.530005,-30.358015,14997.866,12663.792,599.0,0.99,3.0,3.056,0.36277,0.00109,3.837839,0.112438,-72.903211,30.702709,0.0,0.0,0.0,0.0,0.0,0.0,0.0,0.0,0.04018,0.03981,0.04375,0.04582,0.13256,0.30868,0.56265,0.40222,-99.0,-99.0,-99.0,-99.0,-99.0,-99.0,-99.0,-99.0,0.00162,0.00156,0.00183,0.00169,9.5E-4,0.00118,0.00398,8.5E-4,0.33,10308,25363,3.530005,-30.358015,4.96,4.96,4.96,4.96,4.96,10308,0.0,,,0.014360845293719112,-1.8150647605873813,0.18298162995826056,0.2758147609479993,0.302659266326178,27.400019556039755,27.29755485660417,27.24736228786655,26.093968761471796,25.176228771055207,24.52440419198399,24.888840845824536,Both,true
j001428.61m302523.77,1,16756,3.619201,-30.42327,uncover-v3_prism-clear_2561_4286.spec.fits,uncover-v3,4286,0,,3,5.8353,5.837,Redshifts match v2 grade=3,DKo24  z=5.840,1,9.49,0.6,5.29,7.7,68.5,,42.95,42.37,,,,FITS   zfit   spl,,,4992,3.6192,-30.423266,6083.557,5101.458,452.0,0.98,0.0,3.076,0.23609,0.00195,3.370403,0.041202,-20.816862,26.963223,0.0,0.02838,0.0,0.00705,0.01096,0.05225,0.0,-0.00682,0.03328,0.02343,0.03155,0.02986,0.05939,0.16747,0.0,0.35795,-99.0,0.01648,-99.0,0.47499,0.017,0.01589,-99.0,0.02041,0.00396,0.00367,0.00539,0.00251,0.00166,0.00185,-99.0,0.00249,0.5,10013,4992,3.6192,-30.423266,5.837,5.837,5.837,5.837,5.837,10013,0.0,,,0.014730809038216415,-2.128451621242546,0.8501616174381685,1.2138707512152425,-99.0,27.975569278507592,27.652501591049617,27.712275491527482,26.965716686807443,25.840157449200042,,25.015444083115366,Both,true
j001411.45m302001.33,1,16826,3.547714,-30.333702,uncover-v3_prism-clear_2561_49702.spec.fits,uncover-v3,49702,0,,3,4.8756,4.874,Redshifts match v2 grade=3,-,0,5.0,0.6,5.29,-0.4,46.0,,42.08,41.73,,,,FITS   zfit   spl,,,33502,3.547699,-30.333699,13228.918,15481.718,230.0,0.98,2.0,2.833,0.08592,0.00298,3.189747,0.218041,27.109633,25.517977,0.0,0.0,0.0,0.0,0.0,0.0,0.0,0.0,0.0,0.01097,0.00742,0.01424,0.04717,0.09816,0.11826,0.11663,-99.0,-99.0,-99.0,-99.0,-99.0,-99.0,-99.0,-99.0,-99.0,0.00438,0.00361,0.00365,0.00223,0.0025,0.00413,0.00306,0.28,18,33502,3.547699,-30.333699,4.874,4.874,4.874,4.874,4.874,18,0.0,,,0.04784227125127646,-1.5038664721166248,0.44586653655494923,0.5211331062136605,0.3588934393097762,28.799483431063223,29.223990236802432,28.516225026747904,27.215835309385746,26.420163625702628,26.217905313342282,26.232974310935415,Both,true
j033229.36m274601.95,4,18274,53.122325,-27.767209,jades-gds-wide-v3_prism-clear_1180_12314.spec.fits,jades-gds-wide-v3,12314,3,G140M   G235M   G395M,3,2.6335,2.645,Redshifts match v2 grade=3,-,0,5.75,0.6,5.29,,33.1,38.9,41.92,42.32,,,,FITS   zfit   spl,,,61357,53.122322,-27.767215,11973.296,21345.699,202.0,0.98,0.0,3.582,0.11881,0.00398,3.198706,0.178501,-67.856328,25.589647,0.02943,0.05134,0.03791,0.05417,0.05928,0.06812,0.06842,0.10151,0.0,0.0,0.0,0.0,0.0,0.0,0.0,0.12036,0.00236,0.00261,0.00552,0.00237,0.00334,0.00409,0.01772,0.00505,-99.0,-99.0,-99.0,-99.0,-99.0,-99.0,-99.0,0.00269,0.28,70,61357,53.122322,-27.767215,2.645,2.645,2.645,2.645,2.645,70,0.0,2706,3,0.023619566657631506,-1.4908139227980186,1.9895062269000097,-99.0,-99.0,,,,,,,26.198794552329893,KOV24,true
j033231.84m274555.73,4,18283,53.132669,-27.765482,jades-gds-wide-v3_prism-clear_1180_12402.spec.fits,jades-gds-wide-v3,12402,3,G140M   G235M   G395M,3,3.2379,3.201,interactive fit -1 75 1.3 13 broad lines,-,0,17.67,0.6,5.29,,8.5,8.3,41.54,41.58,,,,FITS   zfit   spl,,,61848,53.132662,-27.765486,10875.121,21553.201,1030.0,0.99,0.0,3.017,0.71034,0.00172,4.330508,0.09488,76.529394,34.644062,-0.00408,0.0147,0.00764,0.01862,0.02147,0.01836,0.04298,0.03703,0.02564,0.03036,0.04975,0.22555,0.64731,0.68651,0.78799,0.83721,0.0039,0.0043,0.0092,0.00428,0.00403,0.00549,0.0215,0.00667,0.00308,0.00218,0.00252,0.00226,0.00216,0.0019,0.00344,0.00242,0.66,10000,61848,53.132662,-27.765486,3.201,3.201,3.201,3.201,3.201,10000,0.0,2711,3,0.02654399832355876,-0.8579194841132312,1.748998084743416,0.3113750574252265,-0.16948076962167222,27.69424558194139,27.15801728729564,25.516892921415675,24.372219209277077,24.308382830652228,24.15869823474177,24.092913982250952,Both,true
j142002.04p525840.70,1,19114,215.008489,52.977973,ceers-v3_prism-clear_1345_2355.spec.fits,ceers-v3,2355,0,,3,6.1184,6.118,,DKo24  z=N/A,1,0.86,0.6,5.29,-0.6,7.8,,41.83,41.95,,,,FITS   zfit   spl,,,71471,215.008488,52.977972,8397.446,11232.949,341.0,0.99,3.0,3.254,0.14959,0.00291,3.45554,0.049344,43.710354,27.64432,0.0,-0.00841,0.0,-0.00271,0.0,0.00702,0.0,0.02295,0.0,0.03264,0.02976,0.03113,0.05,0.11273,0.09855,0.23797,-99.0,0.00374,-99.0,0.00446,-99.0,0.01139,-99.0,0.00936,-99.0,0.00323,0.00372,0.00285,0.00221,0.00214,0.00392,0.00303,0.33,314,71471,215.008488,52.977972,6.118,6.118,6.118,6.118,6.118,314,0.0,,,0.00420222080415562,-2.1076427053767794,0.6036338014218101,-0.2815531417487738,-0.2696444440257791,27.61562462479544,27.715917682815395,27.66705219829371,27.15257498915995,26.26990123249632,26.415858428461345,25.458694473489718,Both,true
j141918.09p525147.03,1,19343,214.825364,52.863065,ceers-v3_prism-clear_1345_439.spec.fits,ceers-v3,439,0,,3,7.1793,7.179,Redshift matches ceers-v2_prism-clear_1345_439 z=7.1791,KNa23  z=7.179 ;  KEHe22  z=7.179,2,0.54,0.6,5.29,2.8,,,,42.6,,,,FITS   zfit   spl,,,61211,214.825355,52.863063,27485.289,12395.144,109.0,0.96,0.0,3.339,0.02498,0.00207,2.810349,0.255399,17.017638,22.482796,0.0,-7.1E-4,0.0,-0.00284,0.0,0.02049,0.0,0.01908,0.0,0.02032,0.01836,0.01413,0.0158,0.01641,0.05363,0.0291,-99.0,0.00234,-99.0,0.00272,-99.0,0.00775,-99.0,0.00639,-99.0,0.00184,0.00224,0.00188,0.00136,0.00128,0.00282,0.00193,0.28,14,61211,214.825355,52.863063,7.179,7.179,7.179,7.179,7.179,14,0.0,,,0.020843627994946993,-2.3815405190804855,1.2639290551396538,-1.8490276265043455,1.1164883786168844,28.130190740970296,28.24031830783694,28.524644595378604,28.403357282613943,28.362228547367266,27.07648050759233,27.74026752753523,KOV24,true
j142000.68p530027.32,1,19444,215.00284,53.007588,ceers-v3_prism-clear_1345_749.spec.fits,ceers-v3,749,0,,3,7.0859,7.087,;,DKo24  z=N/A,1,1.19,0.6,5.29,-0.9,,,,41.7,,,,FITS   zfit   spl,,,81100,215.002837,53.007588,5957.447,13849.097,117.0,0.96,0.0,2.511,0.05577,0.00189,2.151783,0.124467,-34.802377,17.214264,0.0,-1.3E-4,0.0,-0.00537,0.0,0.02255,0.0,0.02892,0.0,0.01461,0.01551,0.01881,0.01851,0.04472,0.08402,0.08525,-99.0,0.00306,-99.0,0.005,-99.0,0.0088,-99.0,0.00744,-99.0,0.00221,0.00251,0.00203,0.00145,0.00141,0.00275,0.00207,0.28,14,81100,215.002837,53.007588,7.087,7.087,7.087,7.087,7.087,14,0.0,,,0.006498459871818171,-1.9570210629667493,0.7988442628866026,1.4068111693875827,1.406386898039075,28.488374460164255,28.423470505465986,28.21402801112405,28.23148395311774,27.27374551280408,26.589043306995066,26.57326403083866,Both,true
j141911.84p524626.42,1,19526,214.799321,52.774006,ceers-v3_prism-clear_1345_82186.spec.fits,ceers-v3,82186,0,,1,5.0188,5.0188,,-,0,1.97,0.6,5.29,1.0,,,,,,,,FITS   zfit   spl,,,39787,214.799315,52.774006,36858.262,6924.851,198.0,0.98,0.0,3.386,0.07974,0.00286,3.001724,0.169249,-57.007351,24.013792,0.0,0.0054,0.0,0.01555,0.02731,0.01887,0.0,0.02269,0.0,0.0144,0.01761,0.01738,0.06412,0.06585,0.143,0.11495,-99.0,0.00478,-99.0,0.00641,0.03353,0.00914,-99.0,0.00832,-99.0,0.00235,0.00297,0.00239,0.00223,0.00198,0.00349,0.00331,0.28,13,39787,214.799315,52.774006,-99.0,5.25,5.158,5.16,5.161,13,0.0,,,0.013067145078233078,-1.749495576607354,0.8658501719574446,-99.0,-99.0,28.504093769761873,28.285601610081805,28.29987556971838,26.88251621579473,26.85361055175549,26.011659906337343,26.248727560986755,Both,true
j021748.60m050916.95,3,19766,34.452493,-5.154707,rubies-uds32-nod-v3_prism-clear_4233_136272.spec.fits,rubies-uds32-nod-v3,136272,1,G395M,3,2.4983,2.4983,Redshift matches valentino-obs19-v3_g235m-f170lp_3567_136272 z=2.4884,-,0,2.52,0.6,5.29,,,,,,,,,FITS   zfit   spl,,,91684,34.452472,-5.154726,10915.685,21548.141,571.0,0.93,3.0,3.578,0.32372,0.00395,4.480596,0.122477,44.459862,35.844765,0.01437,0.01462,0.0,0.00787,0.0,0.02033,0.04275,0.04348,0.01795,0.02358,0.04009,0.0883,0.19447,0.28332,0.2968,0.31907,0.01651,0.00604,-99.0,0.00714,-99.0,0.0115,0.02352,0.01047,0.00405,0.00419,0.00338,0.00298,0.0025,0.00261,0.00409,0.00279,0.33,302,91684,34.452472,-5.154726,-99.0,4.15,4.299,4.286,4.283,302,0.0,4034,2,0.10172406025264108,-1.1543118270313846,0.6110904111449524,-0.5002819525694671,-0.9218621529573044,27.968640498102324,27.392409859373693,26.535098241056076,25.67786846450063,25.269306917184117,25.218840258482526,25.1402850691695,Both,true
j001422.18m302558.18,1,19787,3.59242,-30.432828,uncover-61-v3_prism-clear_2561_10065.spec.fits,uncover-61-v3,10065,0,,3,6.7406,6.742,,DKo24  z=6.740,1,2.21,0.6,5.29,2.0,28.8,,42.28,41.96,,,,FITS   zfit   spl,,,2887,3.592417,-30.432823,8760.053,3995.175,124.0,0.96,0.0,3.008,0.02734,0.00119,2.383065,0.053201,31.876255,19.064518,-0.00643,0.00147,0.0,0.00279,0.02264,0.01752,0.0,0.05177,0.00423,0.01252,0.0104,0.01152,0.01061,0.02352,0.0315,0.03151,0.00375,0.00262,-99.0,0.00349,0.01323,0.01232,-99.0,0.01515,0.00245,0.00191,0.00221,0.0014,9.3E-4,9.5E-4,0.00224,0.00122,0.28,102,2887,3.592417,-30.432823,6.742,6.742,6.742,6.742,6.742,102,0.0,,,0.020266070761040034,-2.5762109677079126,0.023151241769172715,-0.4035195591914638,-0.06250928177125567,28.65598917781397,28.85741665175305,28.746368802282014,28.83571154024665,27.971406706489745,27.654223615525996,27.653878992065,Both,true
j001412.20m302423.75,1,19790,3.550838,-30.406598,uncover-61-v3_prism-clear_2561_21547.spec.fits,uncover-61-v3,21547,0,,3,5.0544,5.057,LAE,DKo24  z=5.050,1,19.82,0.6,5.29,11.1,77.0,,42.98,42.66,,,,FITS   zfit   spl,,,9196,3.550837,-30.4066,12914.571,7034.218,954.0,0.96,3.0,3.219,0.46102,0.00254,4.889084,0.155046,82.823744,39.112675,0.00561,0.0093,0.0,0.02506,0.03026,0.05485,0.0,0.09037,0.03924,0.04577,0.05202,0.06178,0.21907,0.38745,0.71214,0.6325,0.00568,0.00366,-99.0,0.00488,0.01594,0.01524,-99.0,0.01915,0.00356,0.0028,0.00348,0.00208,0.00183,0.00221,0.0062,0.00254,0.33,10302,9196,3.550837,-30.4066,5.057,5.057,5.057,5.057,5.057,10302,0.0,,,0.007840920074845941,-1.0758882500234968,0.16813112267839384,0.4800762548632979,0.16442652342428046,27.24854771893175,27.109574130350364,26.922880240086418,25.54854272938118,24.929460836927504,24.26858654943805,24.39734867538036,Both,true
j001428.95m302359.82,1,19793,3.620607,-30.399951,uncover-61-v3_prism-clear_2561_24968.spec.fits,uncover-61-v3,24968,0,,3,6.3535,6.351,,DKo24  z=6.340,1,5.75,0.6,5.29,-0.8,52.6,,42.7,42.39,,,,FITS   zfit   spl,,,11238,3.620612,-30.399947,5940.948,7803.502,449.0,0.99,0.0,3.193,0.19044,0.00222,3.517484,0.08005,49.687428,28.139875,0.00294,3.0E-5,0.0,-0.0012,0.02276,0.02918,0.0,0.01136,0.0,0.02242,0.02426,0.02999,0.03618,0.12246,0.13923,0.30195,0.00326,0.00287,-99.0,0.00172,0.01599,0.01647,-99.0,0.01851,-99.0,0.00389,0.00315,0.00304,0.00186,0.00204,0.00377,0.00275,0.5,10012,11238,3.620612,-30.399947,6.351,6.351,6.351,6.351,6.351,10012,0.0,,,0.021175304409614012,-1.6256952035053625,1.3915382517339254,1.2048303569399723,1.4365837524671317,28.02341097935261,27.937773008673613,27.70755883560118,27.50382859369051,26.180014362250713,26.040667942153267,25.20016241513916,Both,true
j021738.58m050746.79,2,19848,34.410749,-5.129664,rubies-uds31-nod-v3_prism-clear_4233_154183.spec.fits,rubies-uds31-nod-v3,154183,1,G395M,3,3.5894,3.5453,interactive fit -1 501 1.3 11 broad H He,-,0,23.57,0.6,5.29,,12.6,-1.8,41.78,,,,,FITS   zfit   spl,,,106980,34.410733,-5.129675,15903.958,24554.793,666.0,0.99,3.0,3.355,1.4732,0.00355,4.471907,0.131454,-69.769185,35.775253,0.02189,0.01232,0.0,0.02128,0.0,0.04773,0.0,0.05109,0.01805,0.03676,0.04584,0.2821,1.00786,1.20475,1.497,1.71502,0.01512,0.00838,-99.0,0.01023,-99.0,0.01179,-99.0,0.01022,0.00374,0.00383,0.00324,0.00311,0.00401,0.00377,0.00557,0.00402,0.33,10303,106980,34.410733,-5.129675,-99.0,4.475,4.456,4.255,4.255,10303,0.0,3933,3,0.06970937739091884,-0.4077002881319012,0.6462578623205305,-0.4500430361976383,-0.45438806468138093,27.486561243214815,27.246888477601665,25.273992284611584,23.8914994768943,23.697757662566882,23.461945499142367,23.31432702748015,Both,true
j021749.29m051354.53,2,20547,34.455376,-5.231814,rubies-uds33-v3_prism-clear_4233_53692.spec.fits,rubies-uds33-v3,53692,1,G395M,3,5.2807,5.2807,,DKo24  z=N/A,1,1.74,0.6,5.29,4.8,16.1,,41.88,41.52,,,,FITS   zfit   spl,,,48333,34.455358,-5.231831,10572.049,12295.454,145.0,0.98,0.0,3.327,0.07847,0.00465,3.094608,0.231125,-14.905503,24.756861,0.00715,0.00705,0.0,0.0113,0.0,0.01697,0.00183,0.00572,0.00394,0.00325,0.00595,0.00519,0.02605,0.07187,0.13809,0.13621,0.01051,0.00508,-99.0,0.00586,-99.0,0.00638,0.04633,0.0064,0.00745,0.00717,0.00604,0.005,0.00379,0.00378,0.00715,0.00508,0.28,2,48333,34.455358,-5.231831,-99.0,7.125,7.17,5.074,5.074,2,0.0,4237,2,0.08893573914963901,-4.514681557248841,1.5528436394798093,2.456261391452706,1.7137989569806742,30.120291597552814,29.463707585678623,29.612081605378854,27.86048068091114,26.75863088785813,26.049594425965907,26.06447751766979,KOV24,true
j021753.07m051125.56,3,20651,34.471129,-5.190433,gto-wide-uds11-v3_prism-clear_1215_4994.spec.fits,gto-wide-uds11-v3,4994,2,G235H   G395H,3,5.505,5.505,broad Ha with absorption maybe,DKo24  z=N/A,1,6.78,0.6,5.29,2.5,65.2,,43.2,42.64,,,,FITS   zfit   spl,,,70634,34.471106,-5.190455,8689.347,17260.254,371.0,0.99,0.0,2.974,0.49229,0.00615,3.406193,0.053594,44.941633,27.249546,-0.00131,-0.00311,0.0,0.03059,0.0,0.07828,0.08345,0.046,0.0327,0.04576,0.06271,0.05085,0.13623,0.33935,1.11805,0.82204,0.01405,0.0047,-99.0,0.00559,-99.0,0.01626,0.02379,0.00997,0.01124,0.01086,0.00888,0.00723,0.00547,0.00621,0.0182,0.00752,0.33,10002,70634,34.471106,-5.190455,-99.0,7.525,7.254,5.389,5.392,10002,0.0,1249,2,0.11433446785564579,-1.5111054203199046,0.5030048550159012,0.5305940814964399,0.7468712466413604,27.248784960537577,26.906657998061625,27.134272606853088,26.064318108448425,25.073380366181286,23.77884693513441,24.11276762355675,Both,true
j021741.35m051502.55,3,20829,34.422312,-5.250709,gto-wide-uds12-v3_prism-clear_1215_1259.spec.fits,gto-wide-uds12-v3,1259,2,G235H   G395H,3,5.9635,5.968,broad Ha LAE,DKo24  z=N/A,1,3.21,0.6,5.29,8.2,44.5,,42.95,42.7,,,,FITS   zfit   spl,,,38115,34.422285,-5.250724,14524.453,10028.743,430.0,0.99,0.0,3.139,0.44634,0.00403,3.697767,0.114863,60.835922,29.58214,0.00976,-0.00811,0.0,0.05562,0.0,0.07791,0.09866,0.07666,0.10093,0.09213,0.07155,0.09701,0.14738,0.35758,0.31899,0.72792,0.01632,0.00748,-99.0,0.00943,-99.0,0.00472,0.02663,0.00685,0.00662,0.00656,0.00541,0.00458,0.00451,0.00427,0.00722,0.00566,0.5,10002,38115,34.422285,-5.250724,5.968,5.968,5.968,5.968,5.968,10002,0.0,1305,2,0.11083643798516198,-1.8979817107276489,0.07874218324519577,-0.1400508724314204,-0.03094264484894526,26.48899732209317,26.76347590476051,26.432958738536158,25.978903619533067,25.01656694988983,25.140557328508233,24.244790869944325,Both,true
j021704.97m051303.61,3,20969,34.270712,-5.217671,gto-wide-uds14-v3_prism-clear_1215_4446.spec.fits,gto-wide-uds14-v3,4446,2,G235H   G395H,3,4.691,4.6909,Broad Ha LAE,DKo24  z=N/A,1,10.76,0.6,5.29,14.3,77.4,,43.25,42.89,,,,FITS   zfit   spl,,,55620,34.270694,-5.217642,32639.688,13997.904,473.0,0.99,2.0,3.171,0.81262,0.00808,3.735558,0.047491,54.929193,29.884466,4.8E-4,0.02702,0.0,0.05284,0.0,0.07445,0.09908,0.09363,0.06673,0.0745,0.09555,0.11087,0.38968,1.00687,0.70001,0.80394,0.00801,0.00437,-99.0,0.0044,-99.0,0.01234,0.02541,0.01154,0.0119,0.01529,0.00971,0.008,0.00725,0.00924,0.01781,0.00909,0.33,10202,55620,34.270694,-5.217642,-99.0,5.375,5.787,4.634,4.687,10202,0.0,1419,3,0.12273415984287823,-1.202634415917623,0.5220482422235927,0.5795177244634006,0.626685497148654,26.719609318129265,26.44942327152242,26.287964881178404,24.923229708590714,23.892566497218834,24.287239389557936,24.136940906242252,Both,true
j141932.83p525119.39,7,21716,214.886792,52.855381,rubies-egs62-nod-v3_prism-clear_4233_42232.spec.fits,rubies-egs62-nod-v3,42232,1,G395M,3,4.9657,4.95,Redshift matches rubies-egs62-v3_g395m-f290lp_4233_42232 z=4.9546,DKo24  z=4.950,1,3.59,0.6,5.29,0.2,46.4,,42.72,41.85,,,,FITS   zfit   spl,,,48171,214.886795,52.855376,25307.938,8404.452,581.0,0.99,2.0,3.065,0.38206,0.00329,4.114421,0.153676,17.499325,32.915371,0.0,-2.0E-5,0.0,0.00365,0.0,0.01123,0.0,0.03724,0.0,0.01765,0.02368,0.02547,0.12008,0.33886,0.57542,0.44917,-99.0,0.00409,-99.0,0.00437,-99.0,0.01113,-99.0,0.00943,-99.0,0.00278,0.00331,0.00282,0.00235,0.00234,0.00528,0.00318,0.33,10214,48171,214.886795,52.855376,4.95,4.95,4.95,4.95,4.95,10214,0.0,3388,6,0.01914492207295237,-0.7334639104275509,0.2973557993349828,0.876154466009639,0.47335781555550976,28.283138225690394,27.964045754872792,27.884927637590962,26.201323301911962,25.074949233738238,24.500037618285383,24.768973144770573,Both,true
j141934.14p525238.67,4,21722,214.892248,52.87741,rubies-egs63-nod-v3_prism-clear_4233_49140.spec.fits,rubies-egs63-nod-v3,49140,1,G395M,3,6.6842,6.684,Redshift matches rubies-egs63-v3_g395m-f290lp_4233_49140 z=6.6848,DKo24  z=6.690,1,13.48,0.93,5.29,-3.1,35.1,,43.53,42.86,,,,FITS   zfit   spl,,,55630,214.892238,52.877407,23037.904,9815.663,649.0,0.99,3.0,3.209,0.622,0.00282,4.049213,0.057207,34.271579,32.393703,0.0,-0.00136,0.0,-0.00231,0.0,0.04918,0.0,0.05478,0.0,0.047,0.06149,0.07366,0.13488,0.56197,0.64248,0.85965,-99.0,0.00378,-99.0,0.00412,-99.0,0.01127,-99.0,0.01066,-99.0,0.00255,0.00378,0.00218,0.00243,0.00218,0.00489,0.00306,0.33,10314,55630,214.892238,52.877407,6.684,6.684,6.684,6.684,6.684,10314,0.0,3572,3,0.024263020355824335,-0.8310968103869412,1.8480810798340055,2.7594513335734874,1.8321790016525388,27.219755355160704,26.927988767388378,26.731920713702763,26.07513110679833,24.525717170072962,24.380350967753653,24.06419583121642,Both,true
j141930.28p525251.02,4,21729,214.876149,52.880831,rubies-egs63-nod-v3_prism-clear_4233_966323.spec.fits,rubies-egs63-nod-v3,966323,1,G395M,3,8.3577,8.353,Redshift matches rubies-egs63-v3_g395m-f290lp_4233_966323 z=8.3522,ILa22  z=N/A,1,3.13,0.6,5.29,-1.0,,,,42.8,,,,FITS   zfit   spl,,,72934,214.876144,52.880825,23479.881,10969.489,202.0,0.98,2.0,2.85,0.09086,0.00211,2.762832,0.130142,-9.475003,22.102655,0.0,-2.3E-4,0.0,-4.7E-4,0.0,0.01907,0.0,0.03369,0.0,0.01177,0.03033,0.03116,0.03957,0.05484,0.11074,0.17286,-99.0,0.00342,-99.0,0.00379,-99.0,0.0106,-99.0,0.00899,-99.0,0.00266,0.00337,0.00248,0.00197,0.00172,0.00328,0.00217,0.28,314,72934,214.876144,52.880825,8.353,8.353,8.353,8.353,8.353,314,0.0,3592,3,0.024177570768781763,-1.6685364698616163,1.903381256840184,-0.6993567209026393,0.6243554988212618,28.72305884289141,27.69531897422334,27.666006377498682,27.40658487433493,27.05225638470631,26.28923870206021,25.80576372833986,KOV24,true
j141922.21p525216.35,3,21733,214.842542,52.871205,glazebrook-egs-v3_prism-clear_2565_32130.spec.fits,glazebrook-egs-v3,32130,0,,3,7.4681,7.468,,-,0,0.84,0.6,5.29,-0.5,,,,42.23,,,,FITS   zfit   spl,,,64797,214.842555,52.871197,25935.027,12076.355,155.0,0.87,0.0,4.04,0.03983,0.00225,3.296479,0.233367,-1.155225,26.371832,0.0,-0.00404,0.0,0.00146,0.0,0.05212,0.0,0.03565,0.0,0.03945,0.0411,0.03906,0.03062,0.03118,0.08487,0.05136,-99.0,0.0042,-99.0,0.00494,-99.0,0.01139,-99.0,0.00912,-99.0,0.00267,0.00319,0.0029,0.00203,0.00187,0.00387,0.00273,0.28,14,64797,214.842555,52.871197,7.468,7.468,7.468,7.468,7.468,14,0.0,,,0.040341540711403,-2.3959030277186244,0.8187278956714952,-1.927769955432566,0.5997556600671836,27.4098824811364,27.365395445309826,27.42066940262041,27.68498703409439,27.665309722867942,26.578114494558363,27.123437462348008,KOV24,true
j141919.36p525315.99,8,21738,214.830685,52.887771,ceers-v3_prism-clear_1345_20.spec.fits,ceers-v3,20,3,G140M   G235M   G395M,3,7.7706,7.769,Redshifts match v2 grade=3,SFu23  z=7.769 ;  DKo24  z=N/A,2,1.27,0.6,5.29,0.0,,,,42.03,,,,FITS   zfit   spl,,,79535,214.830682,52.887771,24974.568,14018.727,125.0,0.96,3.0,3.139,0.04621,0.00251,2.459296,0.168655,-88.512364,19.67437,0.0,-0.00646,0.0,0.00501,0.0,0.02234,0.0,0.01135,0.0,0.00203,0.01369,0.01099,0.01486,0.03417,0.06613,0.08827,-99.0,0.0033,-99.0,0.00447,-99.0,0.01168,-99.0,0.00962,-99.0,0.00234,0.00287,0.00247,0.00197,0.00178,0.00354,0.00274,0.28,314,79535,214.830682,52.887771,7.769,7.769,7.769,7.769,7.769,314,0.0,235,7,0.006516484610184104,-2.343818311731663,1.3630105430123498,1.3185776793962467,1.346378172991574,30.631259905216965,28.558991379665024,28.79750576894127,28.469952976438606,27.56588755300309,26.849003693240043,26.53546718353165,Both,true
j141941.79p525056.57,3,21925,214.924125,52.849047,ceers-v3_prism-clear_1345_80457.spec.fits,ceers-v3,80457,0,,3,4.2227,4.223,Redshifts match v2 grade=3,-,0,8.22,0.6,5.29,-0.8,19.1,,42.05,42.14,,,,FITS   zfit   spl,,,31837,214.924124,52.849048,24134.586,5851.534,788.0,0.98,2.0,3.974,0.56509,0.00369,6.724501,0.451202,-17.472204,53.796009,0.0,0.0126,0.0,0.02937,0.0,0.04193,0.0,0.05161,0.0,0.04325,0.05135,0.081,0.33409,0.6155,0.53288,0.60817,-99.0,0.0063,-99.0,0.00685,-99.0,0.01209,-99.0,0.01076,-99.0,0.00243,0.00444,0.00358,0.00363,0.00281,0.00548,0.00364,0.33,214,31837,214.924124,52.849048,4.223,4.223,4.223,4.223,4.223,214,0.0,341,4,0.004205557830211989,-1.1200744899326942,0.7357120039856992,0.5592639915036239,-0.3696674166981937,27.310034720497917,27.123648880166755,26.628787452803373,25.090341308733276,24.42692985683166,24.583426448377992,24.43993751669394,Both,true
j021729.96m051631.90,4,22015,34.374854,-5.275528,rubies-uds41-nod-v3_prism-clear_4233_26611.spec.fits,rubies-uds41-nod-v3,26611,1,G395M,3,5.1349,5.128875000000001,Redshift matches rubies-uds41-v3_prism-clear_4233_26611 z=5.1317,DKo24  z=N/A,1,0.77,0.6,5.29,1.3,9.5,,41.78,41.87,,,,FITS   zfit   spl,,,24534,34.374823,-5.275528,20196.047,7052.577,84.0,0.97,0.0,3.231,0.04764,0.0045,2.079988,0.091502,-1.368928,16.639908,-0.01269,0.00814,0.0,0.00647,0.0,0.02486,0.02495,0.02757,0.00629,0.01101,0.0104,0.01586,0.027,0.03168,0.07143,0.08186,0.01361,0.0073,-99.0,0.0077,-99.0,0.01327,0.01125,0.01217,0.00581,0.0061,0.00506,0.00419,0.00349,0.00309,0.00557,0.00428,0.28,2,24534,34.374823,-5.275528,-99.0,9.325,7.218,5.114,5.116,2,0.0,4375,6,0.1111272691473104,-0.8400795357793847,0.4858166610855464,-0.35848708809715396,0.1830753401894115,28.79553170257062,28.85741665175305,28.399242042546035,27.82159058960253,27.64803706770636,26.765298374688644,26.617320649226873,KOV24,true
j021741.78m051558.47,2,22024,34.424081,-5.266243,rubies-uds41-nod-v3_prism-clear_4233_32459.spec.fits,rubies-uds41-nod-v3,32459,0,,3,7.2971,7.297000000000001,Redshift matches rubies-uds41-v3_prism-clear_4233_32459 z=7.2969,-,0,0.63,0.6,5.29,-1.0,,,,42.16,,,,FITS   zfit   spl,,,29677,34.424053,-5.266256,14313.312,8164.92,118.0,0.51,0.0,4.016,0.03687,0.00229,2.988298,0.222525,-6.832608,23.906382,0.00116,-0.00524,0.0,-0.00209,0.0,0.0262,0.01564,0.0327,-0.0023,0.02828,0.02515,0.02325,0.02263,0.02296,0.0621,0.04397,0.00956,0.00453,-99.0,0.00484,-99.0,0.00348,0.03153,0.005,0.0036,0.00371,0.00302,0.00253,0.00198,0.00188,0.00328,0.00243,0.28,2,29677,34.424053,-5.266256,-99.0,7.3,7.324,7.268,7.46,2,0.0,4403,3,0.11074874100802035,-2.2631180714282113,0.4759113186896323,-1.9423023165667632,-0.548873319755583,27.771301487187845,27.89865502652013,27.983942606935067,28.013288615113176,27.99757029068516,26.917270999558546,27.292108835950735,KOV24,true
j021742.94m051545.60,2,22026,34.428902,-5.262666,rubies-uds41-nod-v3_prism-clear_4233_34668.spec.fits,rubies-uds41-nod-v3,34668,0,,3,7.2921,7.292,Redshift matches rubies-uds41-v3_prism-clear_4233_34668 z=7.2919,-,0,0.84,0.6,5.29,-1.9,,,,42.64,,,,FITS   zfit   spl,,,31627,34.428878,-5.262689,13736.782,8592.935,107.0,0.95,0.0,3.702,0.0445,0.00344,2.823517,0.230641,83.267754,22.588137,0.00669,0.00343,0.0,-0.0025,0.0,0.01693,0.03552,0.01964,0.00251,0.01646,0.02149,0.01782,0.02065,0.02517,0.10802,0.06684,0.00957,0.0046,-99.0,0.00482,-99.0,0.00349,0.03148,0.00534,0.00553,0.00551,0.00455,0.00383,0.00332,0.00299,0.00577,0.00404,0.28,2,31627,34.428878,-5.262689,-99.0,7.3,7.249,7.24,7.237,2,0.0,4409,3,0.11940685873913702,-1.9725449731211928,0.19351549352020825,-1.211131697005225,-0.5296057532664811,28.35892542280937,28.069408961271392,28.272730750747858,28.11269986001895,27.89779196112909,26.316239567637062,26.837408896946613,KOV24,true
j021756.06m051008.16,4,22091,34.48359,-5.16893,glazebrook-v3_prism-clear_2565_31959.spec.fits,glazebrook-v3,31959,0,,3,3.4674,3.467,Redshifts match v2 grade=3,-,0,3.98,0.6,5.29,,36.1,31.5,42.39,42.5,,,,FITS   zfit   spl,,,83282,34.483584,-5.168945,7197.694,19841.223,396.0,0.99,2.0,3.366,0.33207,0.00451,3.735955,0.084891,75.57301,29.887642,0.00736,0.06065,0.0,0.05855,0.0,0.06731,0.09631,0.08122,0.07201,0.07248,0.08101,0.12002,0.23455,0.29089,0.40612,0.51175,0.01595,0.00695,-99.0,0.00801,-99.0,0.00451,0.0258,0.00508,0.00766,0.00743,0.00621,0.00529,0.0046,0.0044,0.00755,0.00529,0.33,10202,83282,34.483584,-5.168945,3.467,3.467,3.467,3.467,3.467,10202,0.0,845,4,0.05812721461286291,-1.6063619002902125,0.43633349313093106,1.2576914416491909,0.9354372807681807,26.749454538328106,26.6286534195701,26.201865943924805,25.474411406792054,25.240678020872274,24.87836405621975,24.62735537166364,KOV24,true
j021719.28m051652.48,2,22164,34.330322,-5.281244,rubies-uds42-nod-v3_prism-clear_4233_23219.spec.fits,rubies-uds42-nod-v3,23219,0,,3,8.5611,8.561,Redshift matches rubies-uds42-v3_prism-clear_4233_23219 z=8.5609,DKo24  z=N/A,1,0.93,0.6,5.29,-1.0,,,,42.64,,,,FITS   zfit   spl,,,21327,34.330301,-5.281233,25516.025,6367.737,101.0,0.97,0.0,2.794,0.04831,0.0024,2.334553,0.092739,8.293423,18.676428,-0.00621,-0.00209,0.0,0.00293,0.0,0.0,0.0,0.0,-0.00145,0.01039,0.0231,0.02228,0.02382,0.0291,0.0488,0.09633,0.00985,0.00583,-99.0,0.00239,-99.0,-99.0,-99.0,-99.0,0.00354,0.00395,0.00312,0.00262,0.00208,0.00188,0.00331,0.00285,0.28,5,21327,34.330301,-5.281233,-99.0,9.95,10.74,9.969,9.969,5,0.0,4519,3,0.0850593813381482,-1.9465609442088625,1.8738791602864837,-1.2020643371115753,-0.17104762930637096,28.858461131107056,27.990970050269638,28.03021203374577,27.957645607133102,27.74026752753523,27.178950444993223,26.440596099284587,KOV24,true
j021727.25m051538.82,2,22167,34.363558,-5.260782,rubies-uds42-nod-v3_prism-clear_4233_35747.spec.fits,rubies-uds42-nod-v3,35747,0,,3,5.528,5.5279,Redshift matches rubies-uds42-v3_prism-clear_4233_35747 z=5.5278,DKo24  z=N/A,1,0.84,1.6,5.29,,22.3,,42.28,42.15,,,,FITS   zfit   spl,,,32673,34.363538,-5.260793,21544.537,8820.722,79.0,0.95,0.0,3.134,0.05948,0.00556,2.14753,0.127328,6.781066,17.180243,-0.01593,0.00229,0.0,0.00509,0.0,-0.00356,-0.00417,0.00864,0.01596,0.01322,0.0146,0.01513,0.01661,0.05331,0.1138,0.09504,0.01139,0.00557,-99.0,0.00293,-99.0,0.01276,0.01885,0.01138,0.0094,0.0089,0.00749,0.00654,0.00492,0.00506,0.00929,0.00669,0.28,2,32673,34.363538,-5.260793,-99.0,7.5,7.476,5.44,5.441,2,0.0,4549,3,0.08190591352555565,-2.01621220089516,0.4691511027628443,0.9085746863488567,0.3894018017448186,28.596921362125947,28.489117860538904,28.45040267994203,28.349075918871513,27.08297829368759,26.25964434485237,26.4552339309072,KOV24,true
j021712.06m051645.59,2,22208,34.300247,-5.279328,rubies-uds43-nod-v3_prism-clear_4233_24303.spec.fits,rubies-uds43-nod-v3,24303,0,,3,7.4048,7.4047,Redshift matches rubies-uds43-v3_prism-clear_4233_24303 z=7.4046,-,0,0.29,0.6,5.29,-0.8,,,,42.6,,,,FITS   zfit   spl,,,22370,34.300221,-5.279308,29110.287,6598.428,102.0,0.98,0.0,3.548,0.05396,0.00485,2.687491,0.285281,-51.042702,21.499928,0.00117,0.00266,0.0,0.01152,0.0,0.0,0.0,0.0,0.01042,0.02748,0.01666,0.02281,0.02891,0.03391,0.17727,0.10901,0.01436,0.00824,-99.0,0.00861,-99.0,-99.0,-99.0,-99.0,0.00692,0.00703,0.00698,0.00478,0.00395,0.0037,0.00696,0.00533,0.28,105,22370,34.300221,-5.279308,-99.0,7.325,7.256,7.314,7.344,105,0.0,4634,3,0.11777431490081874,-1.8167572403422418,0.2578496437136941,-1.364232792741475,-0.6279308219876623,27.802458179031216,28.345812507323075,28.004686786808378,27.747379770823354,27.574180525554784,25.778411888251675,26.306334150891246,KOV24,true
j021714.54m051459.63,2,22224,34.310576,-5.249897,rubies-uds43-nod-v3_prism-clear_4233_42814.spec.fits,rubies-uds43-nod-v3,42814,0,,3,7.123,7.1229,Redshift matches rubies-uds43-v3_prism-clear_4233_42814 z=7.1228,DKo24  z=N/A,1,1.52,0.6,5.29,-0.1,,,,42.39,,,,FITS   zfit   spl,,,38748,34.310555,-5.249879,27875.873,10130.074,119.0,0.96,0.0,2.961,0.06534,0.00306,2.292959,0.077569,-75.727646,18.343672,0.00274,-6.9E-4,0.0,1.0E-5,0.0,0.02249,0.00949,0.02737,0.00282,0.01237,0.0111,0.01059,0.01515,0.04212,0.11317,0.10662,0.00714,0.00287,-99.0,0.00217,-99.0,0.01076,0.01521,0.0091,0.0047,0.00479,0.00386,0.00353,0.00263,0.00249,0.00491,0.00326,0.28,102,38748,34.310555,-5.249879,-99.0,7.6,7.43,7.39,7.389,102,0.0,4679,3,0.09933050849128658,-2.221086067398115,1.7817923651875451,1.6796452112490716,1.9167623860716712,28.669075750927195,28.786692553033355,28.837760099731284,28.44896841790419,27.338779093716376,26.26567171028098,26.330403304527636,KOV24,true
j021748.28m050657.53,3,22244,34.451185,-5.11598,rubies-uds32-nod-v3_prism-clear_4233_163839.spec.fits,rubies-uds32-nod-v3,163839,0,,3,7.1866,7.1861,Redshift matches rubies-uds32-v3_prism-clear_4233_163839 z=7.1856,-,0,1.31,0.6,5.29,-0.5,,,,42.69,,,,FITS   zfit   spl,,,115431,34.451177,-5.116001,11069.815,26195.143,115.0,0.67,2.0,3.951,0.03986,0.00343,3.633163,0.443957,79.732645,29.065304,0.0,0.0,0.0,0.0,0.0,0.0,0.0,0.0,0.00241,0.05632,0.04263,0.04636,0.05014,0.03887,0.16937,0.10543,-99.0,-99.0,-99.0,-99.0,-99.0,-99.0,-99.0,-99.0,0.00975,0.00987,0.00978,0.00822,0.0058,0.00495,0.00867,0.00631,0.28,308,115431,34.451177,-5.116001,-99.0,7.3,7.294,7.347,7.346,308,0.0,4107,3,0.0808591648833533,-2.078544772506059,0.4249084954522371,-3.190491967051552,-1.5929643841410324,27.02334338466486,27.32571166838217,27.234641431771102,27.149539175944504,27.42596364842183,25.827908781180163,26.342589483705016,KOV24,true
j021738.87m050841.25,2,22254,34.41194,-5.144792,rubies-uds31-nod-v3_prism-clear_4233_143482.spec.fits,rubies-uds31-nod-v3,143482,0,,3,7.7838,7.7828,Redshift matches rubies-uds31-v3_prism-clear_4233_143482 z=7.7818,DKo24  z=N/A,1,1.05,0.6,5.29,-0.5,,,,42.36,,,,FITS   zfit   spl,,,98450,34.411918,-5.144805,15762.414,22739.186,70.0,0.96,0.0,2.33,0.02434,0.00171,1.989335,0.114772,-70.491969,15.914677,0.00384,-0.00419,0.0,-6.3E-4,0.0,0.01317,0.0,0.02067,0.00327,0.00685,0.00891,0.0064,0.01148,0.0149,0.03206,0.04436,0.00671,0.00445,-99.0,0.00458,-99.0,0.00876,-99.0,0.00795,0.00302,0.00301,0.00249,0.0021,0.00152,0.00137,0.00239,0.00178,0.28,3,98450,34.411918,-5.144805,-99.0,9.725,8.966,7.265,7.229,3,0.0,3912,3,0.09171935506061588,-2.4235555120996075,2.0427161988359464,-0.9607768884702904,0.3335991828518858,29.310773571268935,29.02530573990781,29.38455006504028,28.750145279845114,28.467034328969312,27.635091204954684,27.282521156307194,KOV24,true
j021729.37m050657.29,2,22268,34.37237,-5.115912,rubies-uds31-nod-v3_prism-clear_4233_163748.spec.fits,rubies-uds31-nod-v3,163748,0,,3,7.203,7.2021,Redshift matches rubies-uds31-v3_prism-clear_4233_163748 z=7.2012,DKo24  z=N/A,1,1.83,0.6,5.29,-0.8,,,,41.95,,,,FITS   zfit   spl,,,115535,34.372361,-5.115913,20490.139,26206.305,125.0,0.96,0.0,2.878,0.07275,0.00243,2.538862,0.117606,-8.366291,20.3109,-0.02153,4.0E-5,0.0,-0.00415,0.0,0.0,0.0,0.0,0.00594,0.0055,0.0134,0.01188,0.01789,0.05693,0.12199,0.13204,0.01195,0.00712,-99.0,0.00727,-99.0,-99.0,-99.0,-99.0,0.00412,0.00409,0.00351,0.00289,0.00251,0.0023,0.00411,0.00297,0.28,5,115535,34.372361,-5.115913,-99.0,8.675,7.138,8.256,7.218,5,0.0,3951,3,0.032471108423192056,-0.8478402185827011,1.4615995752399837,2.437798725499106,2.1835751491559208,29.54909327626439,28.58223800408798,28.71295889838706,28.268474148581568,27.01164704047113,26.184189421731535,26.098236210854314,Both,true
j021754.78m051712.60,2,22286,34.478255,-5.286832,rubies-uds33-nod-v3_prism-clear_4233_20030.spec.fits,rubies-uds33-nod-v3,20030,0,,3,7.2063,7.2066,Redshift matches rubies-uds33-v3_prism-clear_4233_20030 z=7.2069,DKo24  z=N/A,1,0.9,0.6,5.29,-0.9,,,,42.42,,,,FITS   zfit   spl,,,18118,34.478263,-5.286851,7835.991,5692.583,75.0,0.96,0.0,2.747,0.03349,0.00281,1.984871,0.050804,34.205511,15.878971,-0.00226,-0.00359,0.0,0.00587,0.0,0.0,0.0,0.0,-0.01028,0.012,0.00333,0.00655,0.0063,0.01446,0.06321,0.05263,0.00841,0.00494,-99.0,0.00612,-99.0,-99.0,-99.0,-99.0,0.00785,0.00756,0.00486,0.00372,0.00234,0.00209,0.00386,0.00292,0.28,5,18118,34.478263,-5.286851,-99.0,7.3,7.382,7.223,7.224,5,0.0,4141,3,0.07416844306760173,-2.771375115525172,1.7085431213889417,0.8492242890520945,0.615693386397997,28.702046884880936,30.093889416234198,29.35939675002054,29.401648626366043,28.499579267603718,26.898035524180592,27.096916574956804,KOV24,true
