ID,RAdeg,DEdeg,zspec_1,l_MUVmag,MUVmag,E_MUVmag_1,e_MUVmag_1a,l_logMstar,logMstar,E_logMstar_1,e_logMstar_1a,l_logSFR,logSFR,E_logSFR_1,e_logSFR_1a,EWHb,e_EWHb,l_R3,R3,e_R3,l_R23,R23,e_R23,l_O32,O32,e_O32,logOH,E_logOH_1,e_logOH_1a,PFlag,MFlag,Note,ID_1,RA_1,DEC_1,X,Y,isoarea_SE,class_starSE,flags_SE,r50_SE,f_autoSE,e_autoSE,a_f001w,ell_f001w,theta_f001w,rKron_f001w,f_f435w,f_f606w,f_f775w,f_f814w,f_f105w,f_f125w,f_f140w,f_f160w,f_f090w,f_f115w,f_f150w,f_f200w,f_f277w,f_f356w,f_f410m,f_f444w,e_f435w,e_f606w,e_f775w,e_f814w,e_f105w,e_f125w,e_f140w,e_f160w,e_f090w,e_f115w,e_f150w,e_f200w,e_f277w,e_f356w,e_f410m,e_f444w,apopt,flag_1,ID_2,RA_2,DEC_2,zspec_2,zphot,EAzY_eazy_v13,EAzY_Larson,EAzY_LarsonLyaRed,flag_2,Separation_2,Separation_1,jname,ndup,uid,ra,dec,file,root,srcid,nGr,Grating,grade,zfit,z,comment,References,nRef,sn50,wmin,wmax,Lya,Ha,OIII,L_Ha,L_OIII,HST,NIRCam,slit,FITS,Fnu,Flam,Separation
GLASS_10000,3.6013389,-30.3792254,7.881,,-20.36,0.16,0.14,,8.16,0.27,0.07,,1.25,0.03,0.04,195,32,,,,,,,,,,,,,1,,mu=1.38,17698,3.601346,-30.379201,7865.562,10208.336,557.0,0.94,0.0,3.72,0.17517,0.00182,4.715644,0.238609,-69.020562,37.725151,-0.00315,2.0E-4,0.0,-0.00114,0.0393,0.08028,0.0852,0.10183,0.0,0.05869,0.09589,0.08588,0.09332,0.10918,0.08982,0.25053,0.00244,0.00214,-99.0,0.00161,0.00321,0.00407,0.00457,0.00434,-99.0,0.00315,0.00256,0.00244,0.00133,0.00143,0.00259,0.00186,0.5,11,17698,3.601346,-30.379201,7.883,7.883,7.883,7.883,7.883,11,0.0,0.09056540140748671,j001424.32m302245.16,4,22072,3.601343,-30.379199,uncover-v3_prism-clear_2561_24531.spec.fits,uncover-v3,24531,0,,3,7.8916,7.8916,Redshifts match v2 grade=3,GRBo22  z=7.900 ;  TMo22  z=7.883,2,3.46,0.6,5.29,-0.4,,,,43.24,,,,FITS   zfit   spl,,,0.01462804810508109
GLASS_100001,3.603845,-30.3822348,7.874,,-20.29,0.5,0.29,,9.15,0.55,0.0,,0.95,0.1,0.13,40,11,,4.7,1.3,,7.8,2.1,,2.8,0.4,8.31,0.24,0.2,1,R23,mu=1.41,16426,3.603884,-30.382261,7612.022,9853.741,2211.0,0.03,18.0,13.615,0.40603,0.0052,21.006403,0.664409,6.125186,168.051224,-0.00971,-0.00373,0.0,0.00676,0.03388,0.14372,0.15602,0.2045,0.0,0.08372,0.18125,0.21196,0.25873,0.36631,0.3705,0.46322,0.01087,0.00897,-99.0,0.0069,0.0072,0.01051,0.0098,0.00945,-99.0,0.01252,0.01025,0.00989,0.00574,0.00612,0.0115,0.00803,0.33,311,16426,3.603884,-30.382261,7.88,7.88,7.88,7.88,7.88,311,0.0,0.1535123990181271,j001424.92m302256.05,6,21979,3.603847,-30.382238,uncover-62-v3_prism-clear_2561_80164.spec.fits,uncover-62-v3,80164,0,,3,7.8812,7.8811,,KEHe22  z=7.878 ;  YIs23  z=7.874 ;  TMo22  z=7.876,3,3.66,0.6,5.29,-0.2,,,,42.4,,,,FITS   zfit   spl,,,0.08303264021110848
GLASS_100003,3.6045089,-30.3804439,7.877,,-20.69,0.1,0.17,,8.27,0.38,0.04,,1.22,0.04,0.05,139,19,,7.8,0.8,,10.8,1.1,,20.4,5.9,7.64,0.23,0.19,1,direct,mu=1.34,17184,3.604519,-30.380443,7548.476,10064.29,655.0,0.94,2.0,4.567,0.21879,0.00196,5.912921,0.375112,-48.429685,47.303368,0.00394,-1.0E-5,0.0,0.00211,0.0433,0.13636,0.15688,0.16385,0.0,0.09336,0.14699,0.1346,0.13467,0.15926,0.14176,0.38473,0.00286,0.00232,-99.0,0.00173,0.00273,0.00397,0.00383,0.0038,-99.0,0.00326,0.00274,0.00272,0.00152,0.00164,0.00298,0.00219,0.33,211,17184,3.604519,-30.380443,7.88,7.88,7.88,7.88,7.88,211,0.0,0.03153416503816087,j001425.08m302249.60,3,12460,3.604509,-30.380444,abell2744-glass-v3_g395h-f290lp_1324_100003.spec.fits,abell2744-glass-v3,100003,0,,3,7.8774,7.8774,interactive fit -1 95 1.3 11,KNa23  z=7.877 ;  TMo22  z=7.880 ;  GRBo22  z=8.040,3,0.52,2.88,4.57,,,,,43.18,,,,FITS   zfit   spl,,,0.0036133712583927956
GLASS_100005,3.6064583,-30.3809939,7.879,,-20.06,0.45,0.27,,8.38,0.43,0.13,,1.25,0.13,0.18,252,108,,,,,,,,,,,,,1,,mu=1.33,17063,3.606462,-30.380975,7354.266,10002.628,355.0,0.05,3.0,5.636,0.07792,0.00183,5.129918,0.32654,30.754201,41.039345,-0.00187,0.00224,0.0,-8.1E-4,0.01934,0.05469,0.05142,0.05673,0.0,0.0366,0.06019,0.05236,0.04282,0.05445,0.05263,0.06907,0.00232,0.00199,-99.0,0.00147,0.00177,0.00257,0.00235,0.0023,-99.0,0.00297,0.00245,0.00242,0.00121,0.0013,0.00242,0.00172,0.33,311,17063,3.606462,-30.380975,7.882,7.882,7.882,7.882,7.882,311,0.0,0.06900349851676892,j001425.57m302251.52,5,21980,3.606458,-30.380994,abell2744-glass-v3_g395h-f290lp_1324_100005.spec.fits,abell2744-glass-v3,100005,0,,3,7.8798,7.8798,interactive fit -1 24 1.3 11,KNa23  z=7.879 ;  TMo22  z=7.882,2,0.42,2.88,4.53,,,,,41.8,,,,FITS   zfit   spl,,,0.06840634515168134
GLASS_10021,3.6085111,-30.4185405,7.286,,-21.44,0.34,0.28,,8.51,0.3,0.22,,1.09,0.02,0.02,68,27,,8.3,0.4,,11.7,0.6,,12.1,0.9,7.87,0.12,0.1,1,direct,mu=1.72,6102,3.608514,-30.418537,7151.092,5649.927,999.0,0.03,0.0,6.672,0.37524,0.00313,6.330829,0.141963,-56.766406,50.646629,0.00363,-0.00347,0.0,1.3E-4,0.194,0.36337,0.0,0.40231,-0.00208,0.33034,0.38184,0.32774,0.30336,0.29868,0.89834,0.5584,0.00557,0.0048,-99.0,0.00291,0.02577,0.02429,-99.0,0.03123,0.00614,0.00559,0.00746,0.00416,0.00293,0.00288,0.0077,0.0036,0.66,102,6102,3.608514,-30.418537,7.288,7.288,7.288,7.288,7.288,102,0.0,0.015485890358044537,j001426.04m302506.75,3,12463,3.608511,-30.418541,abell2744-glass-v3_g395h-f290lp_1324_10021.spec.fits,abell2744-glass-v3,10021,0,,3,7.2867,7.2867,,KNa23  z=7.286,1,1.54,2.88,4.39,,,,,43.18,,,,FITS   zfit   spl,,,0.014403346035337331
GLASS_150008,3.6025299,-30.4192324,6.229,,-19.71,1.01,0.15,,8.23,0.49,0.15,,0.63,0.02,0.02,86,26,,6.4,0.4,,,,,,,8.17,0.23,0.23,1,R3,mu=2.06,5978,3.602526,-30.419219,7749.498,5571.195,568.0,0.85,3.0,4.578,0.1637,0.00224,4.640475,0.116811,-61.40806,37.123798,-0.00113,0.00252,0.0,0.01624,0.11347,0.11238,0.0,0.0951,0.05513,0.11699,0.12141,0.10948,0.10861,0.17924,0.10302,0.16221,0.0033,0.00289,-99.0,0.00179,0.01875,0.01856,-99.0,0.02309,0.00412,0.00354,0.00452,0.0026,0.00168,0.00187,0.00386,0.00211,0.33,302,5978,3.602526,-30.419219,6.231,6.231,6.231,6.231,6.231,302,0.0,0.049736148703445185,j001424.61m302509.24,3,12484,3.60253,-30.419232,abell2744-glass-v3_g140h-f100lp_1324_150008.spec.fits,abell2744-glass-v3,150008,0,,3,6.2282,6.2282,Redshift matches abell2744-glass-v3_g395h-f290lp_1324_150008 z=6.2291,KNa23  z=6.229,1,2.19,0.98,1.59,,,,,,,,,FITS   zfit   spl,,,0.04680102964155623
GLASS_50038,3.5651997,-30.3942643,5.772,,-20.12,1.36,0.19,,9.09,0.39,0.09,,0.91,0.04,0.05,36,7,,7.1,0.7,,11.2,1.2,,3.9,0.9,8.1,0.16,0.15,1,R23,mu=1.76,12636,3.565199,-30.394265,11479.147,8463.625,1035.0,0.05,3.0,5.602,0.31654,0.0029,5.786436,0.058763,-73.982546,46.291489,0.0057,5.2E-4,0.0,0.06023,0.15141,0.1947,0.0,0.18908,0.12338,0.16956,0.17967,0.19172,0.26085,0.32482,0.28708,0.3237,0.00306,0.00261,-99.0,0.00201,0.00988,0.01674,-99.0,0.0133,0.00537,0.00389,0.00476,0.00315,0.00222,0.00243,0.00492,0.00266,0.33,302,12636,3.565199,-30.394265,5.774,5.774,5.774,5.774,5.774,302,0.0,0.003327943332098248,j001415.65m302339.35,3,12589,3.5652,-30.394264,abell2744-glass-v3_g235h-f170lp_1324_50038.spec.fits,abell2744-glass-v3,50038,0,,3,5.7741,5.7717,interactive fit -1 23 1.3 11,KNa23  z=5.772,1,1.2,1.7,3.1,,,,,,,,,FITS   zfit   spl,,,0.003718577901225956
GLASS_110000,3.5706428,-30.4146381,5.763,,-19.91,0.64,0.34,,9.22,0.16,0.27,,0.53,0.04,0.05,31,10,,6.6,0.7,,9.6,1.1,,6.4,1.1,8.11,0.15,0.15,1,R23,mu=1.40,7101,3.570633,-30.414634,10936.345,6103.265,932.0,0.03,2.0,6.699,0.22085,0.00265,7.391131,0.415636,31.743599,59.129051,-0.00508,-3.0E-4,0.0,0.0382,0.12006,0.1349,0.13188,0.13803,0.08476,0.12406,0.14366,0.14192,0.17691,0.223,0.17089,0.20467,0.00356,0.00329,-99.0,0.00234,0.00392,0.00556,0.00531,0.00504,0.0057,0.0036,0.00377,0.00282,0.00197,0.00208,0.00373,0.00237,0.33,1,7101,3.570633,-30.414634,5.765,5.765,5.765,5.765,5.765,1,0.0,0.03381617076468204,j001416.95m302452.70,3,12469,3.570643,-30.414638,abell2744-glass-v3_g235h-f170lp_1324_110000.spec.fits,abell2744-glass-v3,110000,0,,3,5.7642,5.7634,interactive fit -1 10 1.3 11,KNa23  z=5.763,1,1.43,1.7,3.06,,,,,,,,,FITS   zfit   spl,,,0.01441338051717531
GLASS_50002,3.5770012,-30.4155218,5.133,,-19.44,0.65,0.44,,8.87,0.29,0.08,,0.47,0.18,0.31,47,25,>,8.0,,>,12.6,,,4.4,1.2,,,,1,,mu=1.70,6815,3.576989,-30.415532,10301.18,5999.162,843.0,0.03,2.0,8.744,0.14624,0.00326,8.462114,0.39301,-40.448046,67.696915,0.00696,0.00367,0.0,0.04333,0.0729,0.08262,0.06567,0.06053,0.0552,0.07553,0.08014,0.07547,0.15982,0.11655,0.15062,0.13744,0.00551,0.00485,-99.0,0.00338,0.00516,0.00721,0.00742,0.0065,0.00953,0.00489,0.005,0.00421,0.00308,0.00303,0.00528,0.00421,0.33,301,6815,3.576989,-30.415532,5.134,5.134,5.134,5.134,5.134,301,0.0,0.052753366382387694,j001418.48m302455.88,3,12586,3.577001,-30.415522,abell2744-glass-v3_g235h-f170lp_1324_50002.spec.fits,abell2744-glass-v3,50002,0,,3,5.1346,5.1334,,KNa23  z=5.133,1,0.31,1.7,2.98,,,,,,,,,FITS   zfit   spl,,,0.03600535419807594
GLASS_80070,3.5823211,-30.3876547,4.797,,-17.77,1.01,0.19,,7.42,0.7,0.04,,0.17,0.04,0.05,100,14,,4.6,0.5,,7.0,0.7,,4.6,0.6,7.8,0.19,0.18,1,R23,mu=7.91,14619,3.58234,-30.387658,9765.81,9228.957,500.0,0.03,0.0,6.782,0.12537,0.00256,7.320139,0.568599,-38.527021,58.561111,0.00321,0.03317,0.0,0.12208,0.12465,0.12069,0.124,0.12409,0.0,0.12746,0.13393,0.14199,0.22332,0.1769,0.12679,0.11686,0.0049,0.00376,-99.0,0.00283,0.00298,0.00427,0.00407,0.00386,-99.0,0.00634,0.00536,0.00512,0.00298,0.00306,0.0062,0.00399,0.5,11,14619,3.58234,-30.387658,4.798,4.798,4.798,4.798,4.798,11,0.0,0.05988309117289805,j001419.76m302315.56,3,12601,3.582321,-30.387655,abell2744-glass-v3_g140h-f100lp_1324_80070.spec.fits,abell2744-glass-v3,80070,0,,3,4.7941,4.7941,Redshift matches abell2744-glass-v3_g235h-f170lp_1324_80070 z=4.7972,KNa23  z=4.797,1,1.12,0.98,1.77,,,,,,,,,FITS   zfit   spl,,,0.010804463781642454
GLASS_150029,3.5771664,-30.422576,4.584,,-19.2,0.1,1.08,,9.12,0.03,0.33,,1.04,0.02,0.02,138,10,,6.3,0.3,,8.9,0.4,,12.0,1.0,7.7,0.09,0.08,1,direct,"mu=1.48, Broad",5143,3.577142,-30.422543,10285.986,5186.75,459.0,0.94,3.0,4.132,0.14207,0.00195,4.121995,0.120393,58.766429,32.97596,0.0017,0.01016,0.0,0.06345,0.07197,0.05962,0.0,0.08909,0.0,0.0744,0.06802,0.08144,0.15408,0.13804,0.10922,0.12125,0.0022,0.00205,-99.0,0.00143,0.01504,0.01512,-99.0,0.01978,-99.0,0.00261,0.0022,0.0021,0.0015,0.00153,0.0022,0.00175,0.33,312,5143,3.577142,-30.422543,4.585,4.585,4.585,4.585,4.585,312,0.0,0.1408930446645691,j001418.52m302521.27,3,12485,3.577166,-30.422576,abell2744-glass-v3_g235h-f170lp_1324_150029.spec.fits,abell2744-glass-v3,150029,0,,3,4.5837,4.5837,,YIs23  z=4.584 ;  KNa23  z=4.584,2,0.94,1.7,2.97,,,,,42.72,,,,FITS   zfit   spl,,,0.11880648928986334
GLASS_40066,3.5997164,-30.4318948,4.02,,-20.43,1.86,0.26,,9.4,0.33,0.1,,1.57,0.02,0.02,84,18,,7.0,0.3,,,,,,,8.15,0.23,0.23,1,R3,mu=1.40,2911,3.599734,-30.431892,8028.978,4102.842,1597.0,0.11,2.0,5.567,0.63856,0.00368,7.347298,0.167478,-12.015199,58.778381,0.0,0.13052,0.0,0.31856,0.38268,0.34444,0.0,0.37413,0.32041,0.35715,0.40674,0.57048,0.88036,0.78326,0.62409,0.67069,-99.0,0.02023,-99.0,0.02334,0.02659,0.02571,-99.0,0.02984,0.00592,0.00694,0.00808,0.00449,0.00393,0.00371,0.01258,0.00379,0.33,203,2911,3.599734,-30.431892,4.021,4.021,4.021,4.021,4.021,203,0.0,0.05555316090446594,j001423.93m302554.82,4,22007,3.599716,-30.431895,abell2744-ddt-v3_prism-clear_2756_40066.spec.fits,abell2744-ddt-v3,40066,0,,3,4.0229,4.0229,Redshifts match v2 grade=3,KNa23  z=4.020,1,8.03,2.91,5.29,,48.0,,42.56,,,,,FITS   zfit   spl,,,0.010871136322138488
GLASS_160133,3.5802754,-30.4244041,4.015,,-18.94,0.08,0.09,,8.11,0.41,0.22,,1.16,0.01,0.01,227,89,,7.7,0.1,,10.7,0.2,,13.3,0.6,7.95,0.06,0.05,1,direct,"mu=1.54, Broad",4716,3.58029,-30.424406,9971.484,4970.844,534.0,0.93,2.0,4.302,0.17675,0.00218,5.436044,0.343201,15.949807,43.48835,5.6E-4,0.04568,0.0,0.09102,0.09708,0.08369,0.0,0.12844,0.0,0.08178,0.11342,0.14903,0.27918,0.22068,0.12519,0.13837,0.00265,0.00241,-99.0,0.0017,0.01804,0.01744,-99.0,0.02378,-99.0,0.00299,0.00274,0.00259,0.00196,0.00188,0.00258,0.00207,0.33,312,4716,3.58029,-30.424406,4.016,4.016,4.016,4.016,4.016,312,0.0,0.045835621654889455,j001419.27m302527.85,4,21992,3.580275,-30.424404,abell2744-ddt-v3_prism-clear_2756_160133.spec.fits,abell2744-ddt-v3,160133,0,,3,4.0224,4.0224,; Redshifts match v2 grade=3,YIs23  z=4.015 ;  KNa23  z=4.015,2,2.32,0.6,5.29,3.6,35.7,,42.32,42.79,,,,FITS   zfit   spl,,,0.00730628782546103
GLASS_80029,3.6031803,-30.4157094,3.951,,-18.92,1.0,0.5,,8.5,0.22,0.49,,0.47,0.04,0.05,62,25,,6.5,0.7,,,,,,,8.16,0.23,0.23,1,R3,mu=2.39,6624,3.603104,-30.415702,7691.572,5978.7,1309.0,0.03,3.0,10.439,0.30862,0.00514,12.569786,0.409515,-36.253452,100.558289,-0.00269,0.06669,0.0,0.13754,0.19296,0.18567,0.20303,0.20689,0.19364,0.2237,0.22203,0.33818,0.43656,0.3807,0.28478,0.29753,0.01375,0.00908,-99.0,0.00756,0.00617,0.00884,0.00807,0.00792,0.01269,0.00966,0.01112,0.0074,0.00495,0.00499,0.01189,0.0061,0.33,301,6624,3.603104,-30.415702,3.952,3.952,3.952,3.952,3.952,301,0.0,0.2383704493196799,j001424.76m302456.55,3,12599,3.60318,-30.415709,abell2744-glass-v3_g235h-f170lp_1324_80029.spec.fits,abell2744-glass-v3,80029,0,,3,3.951,3.951,,KNa23  z=3.951,1,1.06,1.7,2.67,,,,,42.44,,,,FITS   zfit   spl,,,0.02521720525792239
CEERS_00003,215.005189,52.99658,8.005,,-18.76,1.02,0.52,,8.61,0.48,0.43,,,,,285,202,,6.3,2.1,,,,,,,7.8,0.31,0.44,1,R3,,81835,215.005179,52.996575,6853.542,12863.086,510.0,0.03,3.0,15.867,0.15453,0.00925,11.679567,0.61643,-18.43347,93.436539,0.0,0.00339,0.0,0.03369,0.0,0.05974,0.0,0.09782,0.0,0.00613,0.05336,0.0642,0.08767,0.09823,0.10469,0.20617,-99.0,0.01479,-99.0,0.02195,-99.0,0.03907,-99.0,0.03434,-99.0,0.01146,0.01371,0.01135,0.00856,0.00865,0.01539,0.01271,0.33,314,81835,215.005179,52.996575,8.005,8.005,8.005,8.005,8.005,314,0.0,0.02816844706269652,j142001.25p525947.69,1,19298,215.005189,52.99658,ceers-v3_prism-clear_1345_3.spec.fits,ceers-v3,3,0,,3,8.0034,8.0034,Redshifts match v2 grade=3,MTa23  z=8.000 ;  SFu23  z=8.005 ;  KNa23  z=8.005,3,-0.5,0.6,5.29,0.2,,,,42.64,,,,FITS   zfit   spl,,,0.01800000000247208
CEERS_00314,214.868953,52.877206,5.27,,-19.04,0.4,0.08,,8.72,0.09,0.22,,,,,69,58,>,4.2,,,,,,,,7.95,0.32,0.32,1,R3,,71869,214.868949,52.877206,24148.188,11085.531,176.0,0.09,0.0,5.346,0.04507,0.00311,4.495216,0.481759,2.556617,35.961727,0.0,0.01066,0.0,0.01396,0.0,0.0341,0.0,0.05872,0.0,0.03609,0.03461,0.02987,0.054,0.05027,0.0566,0.05422,-99.0,0.00715,-99.0,0.00742,-99.0,0.01741,-99.0,0.01433,-99.0,0.00497,0.00602,0.00317,0.00401,0.00317,0.00633,0.00431,0.28,14,71869,214.868949,52.877206,5.27,5.27,5.27,5.27,5.27,14,0.0,0.00869076353494101,j141928.55p525237.95,1,21941,214.868953,52.877209,rubies-egs63-v3_g395m-f290lp_4233_56906.spec.fits,rubies-egs63-v3,56906,0,,1,0.791,0.791,,KNa23  z=5.270,1,4.98,2.88,5.2,,,,,,,,,FITS   zfit   spl,,,0.010799999996903249
CEERS_00323,214.872556,52.875949,5.668,,-18.7,0.04,0.1,,7.23,0.06,0.05,,0.78,0.03,0.04,417,43,,3.9,0.3,,5.1,0.4,>,1.4,,7.32,0.15,0.15,1,R23,No=2,74755,214.872554,52.875949,24094.182,10788.889,124.0,0.96,0.0,2.874,0.04699,0.0023,2.208939,0.142237,73.725532,17.671509,0.0,-0.00208,0.0,0.00913,0.0,0.01413,0.0,0.01201,0.0,0.01958,0.01577,0.01642,0.01775,0.03822,0.01076,0.02856,-99.0,0.00275,-99.0,0.00291,-99.0,0.00503,-99.0,0.0043,-99.0,0.00196,0.00232,0.00127,0.00161,0.0013,0.00243,0.00173,0.28,14,74755,214.872554,52.875949,5.668,5.668,5.668,5.668,5.668,14,0.0,0.004345507659006635,j141929.41p525233.43,1,21939,214.87256,52.875956,rubies-egs63-v3_g395m-f290lp_4233_54857.spec.fits,rubies-egs63-v3,54857,0,,3,5.6663,5.6663,Redshifts match v2 grade=3,KNa23  z=5.668,1,1.52,2.88,5.2,,8.4,,41.81,41.91,,,,FITS   zfit   spl,,,0.02665658898720817
CEERS_00355,214.806482,52.878827,6.105,,-19.79,0.19,0.47,,7.83,0.64,0.07,,0.95,0.05,0.05,144,24,,6.1,0.8,,9.1,1.2,,7.1,2.0,7.93,0.19,0.19,1,R23,No=2,58525,214.806479,52.878826,26926.713,14661.292,271.0,0.93,0.0,4.158,0.09777,0.00332,4.022286,0.30551,17.782971,32.178291,0.0,-0.00208,0.0,0.00829,0.0,0.07526,0.0,0.05863,0.0,0.06199,0.06062,0.06062,0.07794,0.12992,0.05581,0.08713,-99.0,0.00557,-99.0,0.00794,-99.0,0.02301,-99.0,0.01945,-99.0,0.00341,0.00417,0.00348,0.00273,0.00267,0.00477,0.00357,0.28,14,58525,214.806479,52.878826,6.105,6.105,6.105,6.105,6.105,14,0.0,0.007445944961496605,j141913.56p525243.78,4,16177,214.806482,52.878827,ceers-v3_g140m-f100lp_1345_355.spec.fits,ceers-v3,355,0,,3,6.0927,6.0927,Redshift matches ceers-v3_prism-clear_1345_355 z=6.1079,KNa23  z=6.105,1,0.4,0.98,1.88,,,,,,,,,FITS   zfit   spl,,,0.0036000000371344057
CEERS_00356,214.80529,52.877861,5.641,,-18.26,0.63,0.42,,8.41,0.17,0.26,,,,,28,30,>,2.7,,,,,,,,,,,1,,,58590,214.805287,52.877861,27070.857,14652.279,95.0,0.94,0.0,3.059,0.02183,0.00181,2.833845,0.363992,19.596619,22.670761,0.0,6.4E-4,0.0,0.0032,0.0,0.0,0.0,0.0,0.0,0.01024,0.0159,0.01088,0.01687,0.02223,0.02176,0.02063,-99.0,0.00347,-99.0,0.00459,-99.0,-99.0,-99.0,-99.0,-99.0,0.00191,0.00234,0.00191,0.00146,0.0014,0.00318,0.00208,0.28,16,58590,214.805287,52.877861,5.641,5.641,5.641,5.641,5.641,16,0.0,0.006517974262323866,j141913.27p525240.30,4,16179,214.80529,52.877861,ceers-v3_g235m-f170lp_1345_356.spec.fits,ceers-v3,356,0,,2,5.6325,5.7554,,KNa23  z=5.641,1,0.14,1.87,3.15,,,,,,,,,FITS   zfit   spl,,,0.0
CEERS_00362,214.812689,52.881536,6.051,,-18.55,0.03,0.28,,7.34,0.31,0.17,,0.49,0.08,0.11,252,99,,4.8,1.1,,6.4,1.5,>,6.3,,7.48,0.22,0.21,1,R23,,59179,214.812693,52.881536,26387.682,14528.298,111.0,0.91,0.0,3.61,0.02581,0.00199,3.247307,0.408519,30.171094,25.978455,0.0,-0.00146,0.0,0.00505,0.0,3.6E-4,0.0,0.00431,0.0,0.01134,0.00923,0.00702,0.0096,0.01752,0.00698,0.01383,-99.0,0.00266,-99.0,0.00382,-99.0,0.00553,-99.0,0.00466,-99.0,0.00161,0.00187,0.00162,0.00125,0.00114,0.00235,0.00206,0.28,114,59179,214.812693,52.881536,6.051,6.051,6.051,6.051,6.051,114,0.0,0.008689895747191544,j141915.04p525253.54,3,21748,214.812689,52.881536,ceers-v3_prism-clear_1345_362.spec.fits,ceers-v3,362,0,,3,6.0505,6.0505,Redshifts match v2 grade=3,KNa23  z=6.051,1,1.28,0.6,5.29,-1.0,14.0,,42.19,42.54,,,,FITS   zfit   spl,,,0.0
CEERS_00381,214.819671,52.879755,5.513,,-18.54,0.34,0.89,,9.03,0.11,0.12,,0.74,0.12,0.17,81,33,,4.0,1.4,,5.5,1.9,>,2.8,,7.79,0.29,0.28,1,R23,No=2,65127,214.819672,52.879755,26223.896,14004.562,203.0,0.06,0.0,6.18,0.05825,0.00421,3.947047,0.206284,-15.425954,31.576378,0.0,-0.0133,0.0,0.02244,0.0,0.01047,0.0,0.02148,0.0,0.02522,0.0315,0.02084,0.04695,0.06089,0.07838,0.05373,-99.0,0.0085,-99.0,0.01013,-99.0,0.01844,-99.0,0.01556,-99.0,0.00478,0.0056,0.00486,0.00403,0.00346,0.00662,0.00509,0.28,114,65127,214.819672,52.879755,5.513,5.513,5.513,5.513,5.513,114,0.0,0.002172563180267995,j141916.72p525247.12,4,16188,214.819671,52.879755,ceers-v3_g395m-f290lp_1345_381.spec.fits,ceers-v3,381,0,,3,5.5083,5.5083,Redshifts match v2 grade=3,KNa23  z=5.513,1,0.26,2.95,5.2,,11.5,,42.04,42.27,,,,FITS   zfit   spl,,,0.0
CEERS_00386,214.832184,52.885083,6.618,,-18.48,0.81,0.32,,7.6,0.54,0.29,,,,,38,93,>,5.2,,,,,,,,7.97,0.27,0.27,1,R3,No=2,68543,214.832176,52.88508,25150.871,13727.294,110.0,0.96,0.0,5.179,0.03602,0.00345,2.518944,0.091754,61.226705,20.15155,0.0,-0.00111,0.0,-0.00207,0.0,0.02457,0.0,4.8E-4,0.0,0.0182,0.01872,0.01991,0.01873,0.03725,0.01661,0.02075,-99.0,0.00427,-99.0,0.00566,-99.0,0.01287,-99.0,0.01123,-99.0,0.003,0.00366,0.0032,0.00235,0.00234,0.00408,0.00332,0.28,14,68543,214.832176,52.88508,6.618,6.618,6.618,6.618,6.618,14,0.0,0.020460883632764784,j141919.72p525306.30,4,16189,214.832184,52.885083,ceers-v3_g395m-f290lp_1345_386.spec.fits,ceers-v3,386,0,,3,6.6149,6.6149,Redshift matches ceers-v3_prism-clear_1345_386 z=6.6200,KNa23  z=6.618,1,-0.26,2.88,5.2,,4.9,,41.84,42.02,,,,FITS   zfit   spl,,,0.010799999996903249
CEERS_00397,214.836197,52.882693,6.005,,-21.23,0.17,0.24,,8.45,0.53,0.06,,1.76,0.02,0.03,139,18,,7.5,0.5,,11.0,0.7,,6.7,0.9,7.87,0.14,0.14,1,R23,"No=2, Broad",61841,214.836193,52.882691,25181.377,13320.046,814.0,0.32,0.0,5.556,0.45862,0.00435,7.295952,0.436199,-12.317531,58.367619,0.0,0.00641,0.0,0.05003,0.0,0.2624,0.0,0.20963,0.0,0.2611,0.22769,0.23358,0.28129,0.53355,0.21608,0.38632,-99.0,0.00619,-99.0,0.00801,-99.0,0.01542,-99.0,0.01309,-99.0,0.00441,0.00539,0.00474,0.00351,0.00366,0.00635,0.00476,0.5,14,61841,214.836193,52.882691,6.005,6.005,6.005,6.005,6.005,14,0.0,0.011284957325513557,j141920.69p525257.70,6,21965,214.836197,52.882693,ceers-v3_g140m-f100lp_1345_397.spec.fits,ceers-v3,397,0,,3,5.9983,5.9983,Redshifts match v2 grade=3,YIs23  z=6.000 ;  KNa23  z=6.005 ;  RSa23  z=6.000,3,1.91,1.01,1.88,,,,,,,,,FITS   zfit   spl,,,0.007200000005568831
CEERS_00403,214.828968,52.875701,5.766,,-20.3,0.69,0.28,,9.35,0.27,0.09,,1.2,0.06,0.07,34,8,,5.7,0.9,,10.9,1.7,,1.6,0.2,8.11,0.18,0.17,1,R23,No=2,77498,214.828963,52.875701,26159.686,13176.765,559.0,0.03,0.0,5.617,0.26454,0.0037,5.288775,0.231756,77.880147,42.3102,0.0,0.00132,0.0,0.03301,0.0,0.11006,0.0,0.1262,0.0,0.10541,0.1163,0.13586,0.20667,0.2866,0.21479,0.29288,-99.0,0.0063,-99.0,0.00809,-99.0,0.01532,-99.0,0.01313,-99.0,0.00411,0.0051,0.00437,0.00366,0.00324,0.00605,0.00471,0.5,14,77498,214.828963,52.875701,5.766,5.766,5.766,5.766,5.766,14,0.0,0.01086383140685154,j141918.95p525232.52,4,16197,214.828968,52.875701,ceers-v3_g235m-f170lp_1345_403.spec.fits,ceers-v3,403,0,,3,5.7621,5.7621,Redshifts match v2 grade=3,KNa23  z=5.766 ;  YIs23  z=5.761,2,1.21,1.7,3.15,,,,,,,,,FITS   zfit   spl,,,0.0
CEERS_00407,214.839316,52.882565,7.029,,-18.55,0.11,0.48,,7.61,0.81,0.28,,0.54,0.09,0.12,219,117,,6.5,1.6,,8.5,2.1,>,6.5,,7.71,0.36,0.28,1,R23,,62626,214.839314,52.882569,25046.318,13138.213,87.0,0.96,0.0,2.988,0.02068,0.0018,2.233111,0.129916,-31.014275,17.864885,0.0,-0.00165,0.0,4.2E-4,0.0,0.00273,0.0,0.01281,0.0,0.01034,0.0128,0.00886,0.00766,0.01309,0.04003,0.02407,-99.0,0.00249,-99.0,0.0031,-99.0,0.01026,-99.0,0.00765,-99.0,0.00157,0.0019,0.0016,0.00123,0.00117,0.00223,0.0018,0.28,14,62626,214.839314,52.882569,7.029,7.029,7.029,7.029,7.029,14,0.0,0.015041199226922403,j141921.44p525257.23,3,16199,214.839316,52.882565,ceers-v3_g395m-f290lp_1345_407.spec.fits,ceers-v3,407,0,,3,7.0294,7.0294,,KNa23  z=7.029 ;  MTa23  z=7.028,2,0.21,2.88,5.2,,,,,42.52,,,,FITS   zfit   spl,,,0.014399999988237667
CEERS_00439,214.825364,52.863065,7.179,,-19.28,0.08,0.22,,7.45,0.4,0.05,,,,,233,42,,5.9,1.0,,,,,,,7.71,0.37,0.29,1,R3,,61211,214.825355,52.863063,27485.289,12395.144,109.0,0.96,0.0,3.339,0.02498,0.00207,2.810349,0.255399,17.017638,22.482796,0.0,-7.1E-4,0.0,-0.00284,0.0,0.02049,0.0,0.01908,0.0,0.02032,0.01836,0.01413,0.0158,0.01641,0.05363,0.0291,-99.0,0.00234,-99.0,0.00272,-99.0,0.00775,-99.0,0.00639,-99.0,0.00184,0.00224,0.00188,0.00136,0.00128,0.00282,0.00193,0.28,14,61211,214.825355,52.863063,7.179,7.179,7.179,7.179,7.179,14,0.0,0.020843627994946993,j141918.09p525147.03,1,19343,214.825364,52.863065,ceers-v3_prism-clear_1345_439.spec.fits,ceers-v3,439,0,,3,7.1793,7.1793,Redshift matches ceers-v2_prism-clear_1345_439 z=7.1791,KNa23  z=7.179 ;  KEHe22  z=7.179,2,0.54,0.6,5.29,2.8,,,,42.6,,,,FITS   zfit   spl,,,0.007200000005568831
CEERS_00498,214.813045,52.834249,7.179,,-20.2,0.05,0.22,,7.82,0.32,0.05,,,,,232,58,,4.5,1.2,,,,,,,7.47,0.3,0.29,1,R3,,74170,214.813044,52.834248,30699.648,10839.389,190.0,0.99,2.0,3.705,0.06204,0.00306,3.308254,0.217896,-29.173186,26.466032,0.0,-0.00316,0.0,-5.6E-4,0.03053,0.04597,0.0,0.06795,0.0,0.06682,0.0669,0.05069,0.04834,0.04866,0.16658,0.10294,-99.0,0.00379,-99.0,0.00437,0.00736,0.01003,-99.0,0.00827,-99.0,0.00261,0.0033,0.00274,0.00209,0.00186,0.00355,0.00318,0.28,313,74170,214.813044,52.834248,7.179,7.179,7.179,7.179,7.179,313,0.0,0.004205940956498663,j141915.13p525003.15,4,22190,214.813045,52.834249,ceers-v3_prism-clear_1345_498.spec.fits,ceers-v3,498,0,,3,7.1793,7.1793,Redshifts match v2 grade=3,MTa23  z=7.180 ;  KNa23  z=7.179,2,1.44,0.6,5.29,-1.0,,,,42.48,,,,FITS   zfit   spl,,,0.0035999999913344186
CEERS_00515,214.878534,52.874142,5.664,,-16.89,0.98,2.12,,8.48,0.21,0.36,,0.65,0.07,0.09,96,41,,5.0,0.9,,6.6,1.3,,,,8.41,0.19,0.17,1,R23,,78339,214.878529,52.874144,23979.141,10318.883,85.0,0.95,0.0,2.737,0.01914,0.00115,2.107847,0.063034,13.192848,16.862778,0.0,0.00171,0.0,0.00176,0.0,0.01756,0.0,0.03605,0.0,0.01182,0.01069,0.01172,0.01374,0.02376,0.01316,0.01886,-99.0,0.00347,-99.0,0.0038,-99.0,0.00911,-99.0,0.0078,-99.0,0.0015,0.00198,0.00135,0.00122,0.00107,0.00219,0.00152,0.28,14,78339,214.878529,52.874144,5.664,5.664,5.664,5.664,5.664,14,0.0,0.013033468932932977,j141930.85p525226.92,5,21726,214.878534,52.874142,ceers-v3_g395m-f290lp_1345_515.spec.fits,ceers-v3,515,0,,3,5.6652,5.6652,Redshift matches egs-nelsonx-v3_g395m-f290lp_4106_60243 z=5.6652,KNa23  z=5.664,1,0.27,3.01,5.2,,12.1,,42.04,41.96,,,,FITS   zfit   spl,,,0.007200000005568831
CEERS_00534,214.859117,52.85364,7.115,,-20.1,0.51,0.24,,8.72,0.28,0.4,,,,,,,,,,,,,,,,,,,1,,,55665,214.859114,52.853639,26765.086,9798.405,279.0,0.03,3.0,6.452,0.08169,0.0045,4.588866,0.06638,29.440913,36.710926,0.0,0.01414,0.0,0.00597,0.0,0.09004,0.0,0.05653,0.0,0.08933,0.08579,0.09503,0.11063,0.122,0.25338,0.17888,-99.0,0.01264,-99.0,0.01189,-99.0,0.02754,-99.0,0.02842,-99.0,0.00755,0.00916,0.00788,0.00605,0.00628,0.01093,0.00884,0.33,314,55665,214.859114,52.853639,7.115,7.115,7.115,7.115,7.115,314,0.0,0.007449258331791902,j141926.19p525112.99,5,21825,214.859117,52.853639,rubies-egs62-nod-v3_prism-clear_4233_49188.spec.fits,rubies-egs62-nod-v3,49188,1,G395M,3,7.1176,7.1176,Redshift matches rubies-egs63-v3_g395m-f290lp_4233_49188 z=7.1093,KNa23  z=7.115,1,0.85,0.6,5.29,-2.1,,,,42.49,,,,FITS   zfit   spl,,,0.0
CEERS_00542,214.831624,52.831505,7.064,,-19.89,0.38,0.06,,8.25,0.07,0.1,,,,,14,26,>,2.4,,,,,,,,,,,1,,,54742,214.831618,52.831507,30079.617,9599.654,175.0,0.12,3.0,6.457,0.0552,0.0042,3.723605,0.150819,-58.205363,29.788843,0.0,0.0063,0.0,0.01521,0.06132,0.05338,0.0,0.04646,0.0,0.04925,0.04533,0.03785,0.04506,0.04759,0.08981,0.05564,-99.0,0.00632,-99.0,0.00717,0.01049,0.01767,-99.0,0.0139,-99.0,0.00464,0.00532,0.00425,0.00326,0.0032,0.00509,0.00463,0.28,313,54742,214.831618,52.831507,7.063,7.063,7.063,7.063,7.063,313,0.0,0.014904338944702847,j141919.59p524953.42,1,19389,214.831624,52.831505,ceers-v3_prism-clear_1345_542.spec.fits,ceers-v3,542,0,,3,7.0605,7.0605,,KNa23  z=7.064,1,1.27,0.6,5.29,-0.2,0.8,,41.43,42.02,,,,FITS   zfit   spl,,,0.007200000005568831
CEERS_00545,214.864411,52.853657,5.668,,-20.86,1.32,0.0,,9.03,0.58,0.11,,1.34,0.07,0.09,72,21,,5.7,1.1,,8.7,1.7,,4.8,1.2,7.93,0.19,0.19,1,R23,,53913,214.864405,52.853656,26515.449,9507.405,972.0,0.03,3.0,7.316,0.51383,0.0056,7.733643,0.338103,42.822518,61.869141,0.0,0.01154,0.0,0.0627,0.0,0.23814,0.0,0.23748,0.0,0.21018,0.24436,0.27109,0.36043,0.59318,0.35605,0.53414,-99.0,0.00964,-99.0,0.00904,-99.0,0.02024,-99.0,0.01808,-99.0,0.0059,0.00744,0.00667,0.00551,0.00517,0.00867,0.00721,0.33,314,53913,214.864405,52.853656,5.668,5.668,5.668,5.668,5.668,314,0.0,0.013530915130086321,j141927.46p525113.17,2,21936,214.864411,52.853657,ceers-v3_prism-clear_1345_545.spec.fits,ceers-v3,545,0,,3,5.6652,5.6652,Redshifts match v2 grade=3,KNa23  z=5.668,1,5.14,0.6,5.29,-2.2,37.5,,42.81,43.16,,,,FITS   zfit   spl,,,0.0035999999913344186
CEERS_00577,214.892861,52.865157,6.695,,-18.35,0.7,0.43,,7.46,0.56,0.23,,0.46,0.1,0.12,260,124,,2.9,0.8,,4.0,1.1,,,,7.2,0.19,0.2,1,R23,,50656,214.892861,52.86516,24128.627,8829.635,81.0,0.98,0.0,3.474,0.01409,0.0015,2.296828,0.165265,-89.803428,18.374622,0.0,0.00199,0.0,-0.00121,0.0,0.00974,0.0,0.01648,0.0,0.01202,0.00836,0.00706,0.00745,0.01583,0.01054,0.00581,-99.0,0.00325,-99.0,0.00324,-99.0,0.01077,-99.0,0.00818,-99.0,0.0014,0.00191,0.00128,0.00117,0.00106,0.00219,0.00145,0.28,14,50656,214.892861,52.86516,6.695,6.695,6.695,6.695,6.695,14,0.0,0.010799999996903249,j141934.29p525154.57,1,19402,214.892861,52.865157,ceers-v3_prism-clear_1345_577.spec.fits,ceers-v3,577,0,,3,6.6937,6.6937,Redshifts match v2 grade=3,KNa23  z=6.695,1,1.12,0.6,5.29,-0.7,7.1,,41.75,42.07,,,,FITS   zfit   spl,,,0.010799999996903249
CEERS_00603,214.867247,52.836737,6.059,,-19.98,0.17,1.06,,9.1,0.1,0.51,,1.19,0.12,0.16,251,69,,6.4,1.1,,9.0,1.5,,11.5,3.2,7.82,0.19,0.19,1,R23,No=3,46506,214.867244,52.836735,27930.209,8036.372,290.0,0.19,3.0,5.626,0.12571,0.00335,4.339654,0.22887,-27.453472,34.717232,0.0,0.00306,0.0,0.01484,0.0,0.02834,0.0,0.0395,0.0,0.05378,0.05908,0.05064,0.07113,0.11893,0.05988,0.08085,-99.0,0.00501,-99.0,0.00507,-99.0,0.01224,-99.0,0.01064,-99.0,0.0034,0.00432,0.00348,0.00276,0.00248,0.00448,0.00353,0.33,314,46506,214.867244,52.836735,6.059,6.059,6.059,6.059,6.059,314,0.0,0.009716201839485744,j141928.14p525012.25,4,16234,214.867247,52.836737,ceers-v3_g140m-f100lp_1345_603.spec.fits,ceers-v3,603,0,,3,6.0458,6.0458,Redshift matches ceers-v3_prism-clear_1345_603 z=6.0590,KNa23  z=6.059,1,0.59,0.98,1.88,,,,,,,,,FITS   zfit   spl,,,0.007200000005568831
CEERS_00618,214.876469,52.839412,6.055,,-19.57,0.18,0.1,,8.06,0.06,0.06,,0.81,0.11,0.14,127,45,,3.7,1.1,,5.0,1.2,>,2.7,,7.88,0.28,0.27,1,R23,No=4,44983,214.876472,52.839413,27252.264,7734.502,133.0,0.84,0.0,4.025,0.03417,0.00235,3.533043,0.36925,66.256158,28.264343,0.0,0.00448,0.0,0.01336,0.0,0.03017,0.0,0.05135,0.0,0.04786,0.04476,0.04365,0.03551,0.04861,0.03313,0.03854,-99.0,0.00496,-99.0,0.0051,-99.0,0.01353,-99.0,0.01226,-99.0,0.00371,0.00457,0.0039,0.00294,0.00278,0.00465,0.00364,0.28,14,44983,214.876472,52.839413,6.055,6.055,6.055,6.055,6.055,14,0.0,0.00745112962861903,j141930.35p525021.88,4,16236,214.876469,52.839412,ceers-v3_g235m-f170lp_1345_618.spec.fits,ceers-v3,618,0,,3,6.0489,6.0489,Redshifts match v2 grade=3,KNa23  z=6.055,1,0.49,1.7,3.1,,,,,,,,,FITS   zfit   spl,,,0.0035999999913344186
CEERS_00669,214.896381,52.838514,5.273,,-19.55,0.93,0.38,,8.76,0.41,0.23,,,,,34,26,>,3.5,,,,,,,,8.18,0.23,0.23,1,R3,,36901,214.896373,52.838513,26400.557,6565.166,293.0,0.03,2.0,5.766,0.07087,0.00356,5.417822,0.452914,55.452383,43.342579,0.0,0.00437,0.0,0.03489,0.0,0.04495,0.0,0.04456,0.0,0.05549,0.04922,0.04763,0.07224,0.07611,0.09502,0.08629,-99.0,0.00756,-99.0,0.00746,-99.0,0.01361,-99.0,0.01201,-99.0,0.00484,0.00586,0.00483,0.00353,0.00346,0.00622,0.00488,0.33,314,36901,214.896373,52.838513,5.273,5.273,5.273,5.273,5.273,314,0.0,0.017765603586499052,j141935.13p525018.65,3,16246,214.896381,52.838514,ceers-v3_g395m-f290lp_1345_669.spec.fits,ceers-v3,669,0,,3,5.2721,5.2721,,KNa23  z=5.273,1,0.28,2.88,4.98,,6.4,,41.4,41.68,,,,FITS   zfit   spl,,,0.003600000014234412
CEERS_00672,214.889677,52.832977,5.666,,-16.71,0.31,1.16,,9.03,0.05,0.18,,1.2,0.11,0.15,37,11,,2.7,0.8,,5.2,1.8,>,0.8,,8.57,0.3,0.23,1,R23,Broad,36692,214.889671,52.832976,27221.426,6505.193,84.0,0.95,0.0,2.554,0.02829,0.00179,2.038216,0.060241,-82.847472,16.305727,0.0,-8.6E-4,0.0,0.00689,0.0,0.00403,0.0,9.9E-4,0.0,0.00817,0.00814,0.00884,0.01397,0.02752,0.03641,0.0484,-99.0,0.00307,-99.0,0.00307,-99.0,0.00758,-99.0,0.00658,-99.0,0.00204,0.00273,0.00219,0.00168,0.00148,0.00335,0.00278,0.28,14,36692,214.889671,52.832976,5.666,5.666,5.666,5.666,5.666,14,0.0,0.013536904783604626,j141933.52p524958.72,3,16248,214.889677,52.832977,ceers-v3_g140m-f100lp_1345_672.spec.fits,ceers-v3,672,0,,1,5.7532,1.8689,,KNa23  z=5.666 ;  DKo24  z=5.670,2,0.29,0.98,1.88,,,,,,,,,FITS   zfit   spl,,,0.0035999999913344186
CEERS_00686,215.1508619,52.9895618,7.752,>,-20.42,,,<,8.44,,,,,,,,,,5.7,0.9,,,,,,,,,,0,,,20784,215.150864,52.989555,659.839,4314.583,54.0,0.95,0.0,3.256,0.06115,0.00796,1.935679,0.203563,52.142444,15.485432,0.0,-0.00322,0.0,-0.00282,0.0,0.04442,0.0,0.04414,0.0,0.0,0.0,0.0,0.0,0.03866,0.0,0.0,-99.0,0.00252,-99.0,0.00255,-99.0,0.00701,-99.0,0.0062,-99.0,-99.0,-99.0,-99.0,-99.0,0.00424,-99.0,-99.0,0.28,74,20784,215.150864,52.989555,7.752,7.752,7.752,7.752,7.752,74,0.0,0.024899405176806277,j142036.21p525922.42,1,19428,215.150862,52.989562,ceers-v3_prism-clear_1345_686.spec.fits,ceers-v3,686,0,,3,7.7531,7.7531,Redshift matches ceers-v2_prism-clear_1345_686 z=7.7511,KNa23  z=7.752 ;  MTa23  z=7.740,2,0.51,0.6,5.29,3.5,,,,42.89,,,,FITS   zfit   spl,,,0.02520093174175914
CEERS_00707,214.991908,52.925045,4.899,,-19.74,0.2,0.2,,8.76,1.09,1.09,,1.36,0.16,0.26,,,,9.0,1.7,,12.0,3.4,,6.0,1.2,7.92,0.19,0.24,0,R23,No=2,46551,214.991921,52.925042,14008.569,8024.659,96.0,0.97,0.0,4.37,0.12289,2.496447E10,3.107284,0.399883,-89.511171,24.858271,0.0,5.3E-4,0.0,0.10244,0.0,0.20595,0.0,0.17942,0.0,0.22958,0.0,0.0,0.0,0.31646,0.0,0.0,-99.0,0.01052,-99.0,0.01105,-99.0,0.02997,-99.0,0.0254,-99.0,0.03364,-99.0,-99.0,-99.0,0.02657,-99.0,-99.0,0.28,64,46551,214.991921,52.925042,4.899,4.899,4.899,4.899,4.899,64,0.0,0.030210253302533758,j141958.06p525530.16,3,16251,214.991908,52.925045,ceers-v3_g235m-f170lp_1345_707.spec.fits,ceers-v3,707,0,,3,4.897,4.897,interactive fit -1 0 1.7 10,KNa23  z=4.899,1,1.06,1.7,3.15,,,,,42.61,,,,FITS   zfit   spl,,,0.010799999996903249
CEERS_00792,214.8717663,52.8331673,6.257,,-18.84,0.24,0.33,,8.54,0.24,0.66,,0.97,0.07,0.08,144,65,,9.2,1.6,,13.4,2.3,,5.4,1.3,7.98,0.16,0.18,1,R23,,43464,214.871765,52.833165,28044.562,7509.315,408.0,0.03,2.0,5.225,0.09243,0.00598,7.269435,0.577694,-63.185734,58.155483,0.0,0.00109,0.0,-0.00602,0.0,0.01143,0.0,0.03087,0.0,0.01967,0.02188,0.0181,0.04082,0.09727,0.03516,0.06257,-99.0,0.0054,-99.0,0.0058,-99.0,0.01559,-99.0,0.01355,-99.0,0.00346,0.00444,0.00366,0.00265,0.00248,0.00465,0.00388,0.33,314,43464,214.871765,52.833165,6.257,6.257,6.257,6.257,6.257,314,0.0,0.00874942256664184,j141929.22p524959.40,3,16259,214.871766,52.833167,ceers-v3_g235m-f170lp_1345_792.spec.fits,ceers-v3,792,0,,3,6.2578,6.2594,interactive fit -1 16 1.3 11,KNa23  z=6.257 ;  RSa23  z=6.257,2,0.33,1.7,3.15,,,,,,,,,FITS   zfit   spl,,,0.00722950315181088
CEERS_00829,214.8615939,52.876159,7.167,,-19.57,0.06,0.1,,7.58,0.23,0.06,,,,,212,96,>,3.7,,,,,,,,7.92,0.37,0.37,1,R3,,69805,214.86159,52.87616,24588.799,11410.633,216.0,0.23,3.0,4.579,0.04048,0.0022,3.983126,0.25713,-15.764115,31.865011,0.0,-0.00213,0.0,-0.00331,0.0,0.02982,0.0,0.02811,0.0,0.02763,0.02546,0.01999,0.01764,0.01922,0.06357,0.03723,-99.0,0.00292,-99.0,0.00331,-99.0,0.0087,-99.0,0.00768,-99.0,0.00163,0.002,0.00125,0.00148,0.00131,0.00233,0.00154,0.28,314,69805,214.86159,52.87616,7.167,7.167,7.167,7.167,7.167,314,0.0,0.009206713441686824,j141926.78p525234.17,1,19533,214.861594,52.876159,ceers-v3_prism-clear_1345_829.spec.fits,ceers-v3,829,0,,3,7.1695,7.1695,Redshifts match v2 grade=3,KEHe22  z=7.167 ;  KNa23  z=7.167,2,1.34,0.6,5.29,-1.3,,,,42.46,,,,FITS   zfit   spl,,,0.0036065507164303647
CEERS_00933,214.8337227,52.8682822,4.243,,-20.64,0.09,0.3,,8.13,0.54,0.05,,1.78,0.05,0.06,171,25,,8.8,1.2,,12.8,1.8,>,6.7,,7.96,0.16,0.17,1,R23,,60839,214.83372,52.868282,26615.748,12338.063,469.0,0.97,3.0,4.29,0.24124,0.0036,4.23496,0.025196,8.506933,33.879681,0.0,0.06351,0.0,0.15267,0.0,0.15547,0.0,0.17844,0.0,0.18905,0.19944,0.2247,0.48069,0.29413,0.16278,0.17574,-99.0,0.00411,-99.0,0.00535,-99.0,0.01287,-99.0,0.01143,-99.0,0.00353,0.0042,0.0036,0.00356,0.00305,0.00496,0.00388,0.33,314,60839,214.83372,52.868282,4.243,4.243,4.243,4.243,4.243,314,0.0,0.0059114831277579764,j141920.09p525205.82,1,19604,214.833723,52.868282,ceers-v3_prism-clear_1345_933.spec.fits,ceers-v3,933,0,,3,4.2331,4.2331,Redshifts match v2 grade=3,KNa23  z=4.243,1,2.18,1.45,5.29,,36.9,,42.3,42.9,,,,FITS   zfit   spl,,,6.51941309288353E-4
CEERS_01019,215.0353914,52.8906618,8.681,,-22.44,0.45,0.17,,10.12,0.12,0.11,,1.97,0.04,0.05,81,11,,8.1,1.0,,11.0,1.3,,13.6,1.6,8.04,0.17,0.17,1,R23,No=2,9213,215.03539,52.890669,15106.314,2954.585,1479.0,0.06,2.0,5.634,0.56201,0.00382,7.738103,0.2375,44.043111,61.904827,0.0,0.00615,0.0,0.00857,0.0,0.20066,0.0,0.36168,0.0,0.1241,0.34732,0.33595,0.38949,0.47744,0.50098,1.23114,-99.0,0.00868,-99.0,0.00742,-99.0,0.01702,-99.0,0.01439,-99.0,0.00269,0.00341,0.00275,0.00277,0.00234,0.00701,0.0044,0.33,314,9213,215.03539,52.890669,8.679,8.679,8.679,8.679,8.679,314,0.0,0.026097758646231498,j142008.49p525326.40,5,21908,215.035388,52.890671,rubies-egs52-nod-v3_g395m-f290lp_4233_8488.spec.fits,rubies-egs52-nod-v3,8488,0,,3,8.6791,8.6791,Redshift matches rubies-egs52-v3_g395m-f290lp_4233_8488 z=8.6791,MTa23  z=8.678 ;  KNa23  z=8.681 ;  YIs23  z=8.679 ;  RSa23  z=8.679 ;  RLa23  z=8.679,5,1.91,2.88,4.95,,,,,43.81,,,,FITS   zfit   spl,,,0.01031387845629792
CEERS_01025,214.9675468,52.932953,8.714,>,-20.61,,,<,8.54,,,<,1.31,,,,,,5.3,1.2,,7.4,1.7,,8.3,2.5,7.64,0.18,0.2,0,R23,,56593,214.967525,52.932951,14430.34,9983.466,238.0,0.99,0.0,3.59,0.09154,0.00293,3.309024,0.154783,28.361177,26.472193,0.0,-0.00319,0.0,0.00245,0.07506,0.07199,0.0,0.14198,0.0,0.05649,0.13359,0.12395,0.1062,0.09716,0.09665,0.14317,-99.0,0.00408,-99.0,0.00486,0.02894,0.01162,-99.0,0.00897,-99.0,0.00266,0.00405,0.00348,0.00316,0.0022,0.00486,0.00476,0.28,13,56593,214.967525,52.932951,8.715,8.715,8.715,8.715,8.715,13,0.0,0.04784856640715764,j141952.21p525558.63,3,16017,214.967547,52.932953,ceers-v3_g395m-f290lp_1345_1025.spec.fits,ceers-v3,1025,0,,3,8.7144,8.7144,,KNa23  z=8.714 ;  MTa23  z=8.715,2,0.58,2.88,5.2,,,,,42.92,,,,FITS   zfit   spl,,,0.007213067161118796
CEERS_01027,214.8829941,52.8404159,7.825,,-20.73,0.12,0.14,,8.12,0.34,0.05,,1.23,0.03,0.03,175,14,,7.4,0.5,,9.9,0.7,,21.5,5.5,7.83,0.2,0.15,1,direct,No=4,43388,214.882991,52.840415,26854.66,7452.194,306.0,0.99,0.0,3.783,0.11507,0.00286,3.827729,0.20104,1.487775,30.621832,0.0,-8.6E-4,0.0,-0.00101,0.0,0.06207,0.0,0.08045,0.0,0.05784,0.07731,0.06869,0.06784,0.07375,0.0742,0.17835,-99.0,0.00398,-99.0,0.00385,-99.0,0.00989,-99.0,0.00874,-99.0,0.00265,0.00322,0.00274,0.00239,0.00206,0.00385,0.00318,0.33,14,43388,214.882991,52.840415,7.82,7.82,7.82,7.82,7.82,14,0.0,0.00747926533597874,j141931.92p525025.50,6,21944,214.882994,52.840416,ceers-v3_g140m-f100lp_1345_1027.spec.fits,ceers-v3,1027,0,,3,7.8251,7.8251,Redshifts match v2 grade=3,RSa23  z=7.819,1,0.92,0.98,1.83,11.0,,,,,,,,FITS   zfit   spl,,,0.0036065615062627634
CEERS_01065,215.1168542,53.0010814,6.19,>,-20.31,,,<,8.91,,,<,2.0,,,,,,10.8,3.2,,17.6,5.1,,2.5,0.3,7.99,0.15,0.15,0,R23,,41105,215.11686,53.001107,1203.0,7081.997,18.0,0.92,2.0,5.642,0.1299,2.696471E10,1.551487,0.53874,-89.095444,12.704633,0.0,0.00431,0.0,-0.0074,-0.02525,0.03573,0.0,0.03593,0.0,0.04378,0.0,0.0,0.0,0.07562,0.0,0.0,-99.0,0.00479,-99.0,0.00456,0.06401,0.01155,-99.0,0.01043,-99.0,0.01698,-99.0,-99.0,-99.0,0.00742,-99.0,-99.0,0.28,363,41105,215.11686,53.001107,6.19,6.19,6.19,6.19,6.19,363,0.0,0.09301268399255087,j142028.05p530003.89,1,18879,215.116854,53.001081,ceers-v3_prism-clear_1345_1065.spec.fits,ceers-v3,1065,0,,3,6.1879,6.1879,Redshift matches ceers-v2_prism-clear_1345_1065 z=6.1885,KNa23  z=6.190,1,3.27,0.6,5.29,-2.0,25.1,,42.46,42.84,,,,FITS   zfit   spl,,,0.0936010029113682
CEERS_01102,215.0910473,52.9542849,6.994,>,-20.32,,,<,8.75,,,,,,,,,>,4.9,,,,,,,,7.97,0.28,0.28,0,R3,,25126,215.091029,52.954313,6684.222,4852.201,33.0,0.98,0.0,3.149,0.03342,0.00575,2.013998,0.39626,-17.15454,16.111982,0.0,-0.0057,0.0,-0.00109,0.01997,0.06105,0.0,0.03428,0.0,0.03722,0.0,0.0,0.0,0.04108,0.0,0.0,-99.0,0.0044,-99.0,0.00405,0.00733,0.00876,-99.0,0.0082,-99.0,0.00478,-99.0,-99.0,-99.0,0.00585,-99.0,-99.0,0.28,63,25126,215.091029,52.954313,6.994,6.994,6.994,6.994,6.994,63,0.0,0.1086674018623218,j142021.85p525715.43,1,18889,215.091047,52.954285,ceers-v3_prism-clear_1345_1102.spec.fits,ceers-v3,1102,0,,3,6.9909,6.9909,Redshifts match v2 grade=3,MTa23  z=7.000 ;  KNa23  z=6.994,2,1.55,0.6,5.29,-1.8,5.5,,41.83,42.2,,,,FITS   zfit   spl,,,0.10080209990242232
CEERS_01142,215.0607164,52.9587084,6.957,,-21.64,0.14,0.14,,9.41,0.17,0.17,,,,,,,>,2.7,,,,,,,,7.98,0.26,0.26,0,R3,,39530,215.060716,52.958728,7704.601,6862.605,32.0,0.95,0.0,3.492,0.04327,0.00936,1.5367,0.127995,-21.086608,12.293599,0.0,-0.00143,0.0,-0.00102,0.02252,0.02154,0.0,0.01663,0.0,0.0,0.0,0.0,0.0,0.02316,0.0,0.0,-99.0,0.00224,-99.0,0.00292,0.00388,0.00458,-99.0,0.00415,-99.0,-99.0,-99.0,-99.0,-99.0,0.0041,-99.0,-99.0,0.28,73,39530,215.060716,52.958728,6.957,6.957,6.957,6.957,6.957,73,0.0,0.07056533184321877,j142014.57p525731.35,4,16025,215.060716,52.958708,ceers-v3_g395m-f290lp_1345_1142.spec.fits,ceers-v3,1142,0,,3,6.9383,6.9383,Redshifts match v2 grade=3,KNa23  z=6.957,1,0.05,2.88,5.2,,,,,41.97,,,,FITS   zfit   spl,,,0.07200522520653302
CEERS_01207,214.9600055,52.8311713,4.897,,-20.68,0.04,0.08,,8.81,0.05,0.05,,,,,16,14,>,4.7,,,,,,,,7.96,0.29,0.29,1,R3,,6416,214.959995,52.831171,24083.527,2481.048,423.0,0.03,3.0,5.748,0.15983,0.00403,5.498111,0.329142,-10.876749,43.98489,0.0,0.04736,0.0,0.1662,0.0,0.19654,0.0,0.15743,0.0,0.18084,0.1637,0.1565,0.24438,0.20031,0.22406,0.21039,-99.0,0.01494,-99.0,0.00954,-99.0,0.01908,-99.0,0.01725,-99.0,0.0036,0.00657,0.00508,0.00573,0.00364,0.00777,0.00512,0.33,314,6416,214.959995,52.831171,4.897,4.897,4.897,4.897,4.897,314,0.0,0.02286298551015002,j141950.40p524952.22,3,16037,214.960005,52.831171,ceers-v3_g235m-f170lp_1345_1207.spec.fits,ceers-v3,1207,0,,3,4.897,4.897,,KNa23  z=4.897,1,0.58,1.7,3.15,,,,,42.04,,,,FITS   zfit   spl,,,0.001087498207823832
CEERS_01236,215.1452982,52.9672786,4.48,,-19.61,0.27,0.23,,8.91,0.18,0.18,,0.24,0.11,0.15,34,15,,3.3,1.0,,5.4,1.7,>,2.9,,7.55,0.29,0.28,1,R23,"No=2, Broad",9517,215.145281,52.967289,2952.123,2883.76,388.0,0.08,0.0,5.261,0.15442,0.00398,5.021129,0.309153,-21.783984,40.169033,0.0,0.01796,0.0,0.11513,0.0,0.11265,0.0,0.10777,0.0,0.11473,0.12136,0.15691,0.25166,0.21146,0.18643,0.18055,-99.0,0.00946,-99.0,0.00892,-99.0,0.0138,-99.0,0.01389,-99.0,0.00438,0.00594,0.00499,0.00587,0.00359,0.00815,0.00796,0.5,14,9517,215.145281,52.967289,4.48,4.48,4.48,4.48,4.48,14,0.0,0.052844043164754086,j142034.87p525802.20,4,16040,215.145298,52.967279,ceers-v3_g235m-f170lp_1345_1236.spec.fits,ceers-v3,1236,0,,3,4.4831,4.4831,Redshift matches ceers-v3_prism-clear_1345_1236 z=4.4893,KNa23  z=4.480,1,0.75,1.7,3.15,,,,,41.69,,,,FITS   zfit   spl,,,0.0360026115682233
CEERS_01289,214.9476341,52.837098,4.88,,-20.12,0.04,0.07,,8.56,0.05,0.05,,0.79,0.07,0.09,60,11,,5.1,1.0,,8.5,1.6,,3.4,0.6,8.12,0.15,0.37,1,R23,,15059,214.94765,52.837091,24122.57,3623.036,601.0,0.03,3.0,6.672,0.13904,0.00562,7.287446,0.401721,-16.091078,58.299568,0.0,0.00578,0.0,0.07039,0.0,0.0876,0.0,0.09323,0.0,0.09832,0.08789,0.10043,0.19161,0.13795,0.16584,0.12647,-99.0,0.0115,-99.0,0.0084,-99.0,0.01745,-99.0,0.01528,-99.0,0.00324,0.00571,0.00472,0.00447,0.00333,0.007,0.00506,0.33,314,15059,214.94765,52.837091,4.88,4.88,4.88,4.88,4.88,314,0.0,0.04278620423675726,j141947.43p525013.55,3,16045,214.947634,52.837098,ceers-v3_g235m-f170lp_1345_1289.spec.fits,ceers-v3,1289,0,,3,4.8803,4.8803,,KNa23  z=4.880,1,0.72,1.7,3.01,,,,,42.18,,,,FITS   zfit   spl,,,0.0252009383246818
CEERS_01294,214.9552513,52.8428999,4.999,,-20.86,0.12,0.08,,8.89,0.14,0.07,,1.44,0.09,0.11,43,11,,11.2,2.5,,17.0,3.9,,3.8,0.8,7.98,0.14,0.14,1,R23,,15380,214.95526,52.842889,23235.227,3653.926,405.0,0.04,3.0,5.256,0.15774,0.00335,4.529929,0.090208,70.551276,36.239429,0.0,0.01663,0.0,0.10661,0.0,0.08041,0.0,0.07745,0.0,0.11265,0.11534,0.10182,0.17828,0.1324,0.18798,0.15564,-99.0,0.00571,-99.0,0.00585,-99.0,0.01252,-99.0,0.01084,-99.0,0.00227,0.00406,0.00317,0.00346,0.00235,0.0056,0.00331,0.33,314,15380,214.95526,52.842889,4.999,4.999,4.999,4.999,4.999,314,0.0,0.04356195812390952,j141949.26p525034.44,3,16046,214.955251,52.8429,ceers-v3_g235m-f170lp_1345_1294.spec.fits,ceers-v3,1294,0,,3,4.9981,4.9981,,KNa23  z=4.999,1,0.59,1.7,3.15,,,,,42.4,,,,FITS   zfit   spl,,,0.03960537242210027
CEERS_01324,215.0305739,52.9026048,5.007,,-19.94,0.11,0.07,,8.53,0.05,0.05,,0.66,0.1,0.13,62,16,,4.5,1.2,,5.8,1.5,>,2.2,,7.61,0.28,0.26,1,R23,,19159,215.03054,52.902594,14245.433,4150.433,404.0,0.22,1.0,6.593,0.1002,0.0035,5.920331,0.455899,-37.135421,47.362652,0.0,0.01445,0.0,0.11532,0.0,0.12413,0.0,0.06774,0.0,0.13016,0.11021,0.10919,0.16139,0.12382,0.14917,0.14052,-99.0,0.01132,-99.0,0.01019,-99.0,0.02134,-99.0,0.01779,-99.0,0.00355,0.00415,0.00342,0.00369,0.00289,0.00911,0.00546,0.5,114,19159,215.03054,52.902594,5.007,5.007,5.007,5.007,5.007,114,0.0,0.08324810204701878,j142007.34p525409.38,3,16048,215.030574,52.902605,ceers-v3_g235m-f170lp_1345_1324.spec.fits,ceers-v3,1324,0,,3,5.0071,5.0071,Redshift matches ceers-v3_g395m-f290lp_1345_1324 z=5.0071,KNa23  z=5.007,1,0.47,1.7,3.15,,,,,,,,,FITS   zfit   spl,,,0.03960059532741302
CEERS_01358,215.0909401,52.951531,5.504,,-19.69,0.05,0.05,,8.39,0.05,0.05,,0.95,0.1,0.14,39,11,,9.6,2.6,,14.3,4.0,>,3.7,,8.06,0.24,0.24,1,R3,,23057,215.090941,52.951543,6941.117,4641.093,384.0,0.66,3.0,4.354,0.13209,0.00294,4.777282,0.32972,36.923954,38.218254,0.0,-0.00282,0.0,0.01815,0.05661,0.04191,0.0,0.04821,0.0,0.05584,0.05553,0.05831,0.07657,0.12302,0.1238,0.10272,-99.0,0.00445,-99.0,0.00457,0.008,0.00915,-99.0,0.00888,-99.0,0.00239,0.00351,0.00285,0.00219,0.00189,0.00432,0.00346,0.33,313,23057,215.090941,52.951543,5.504,5.504,5.504,5.504,5.504,313,0.0,0.043244081338250896,j142021.83p525705.51,3,16049,215.09094,52.951531,ceers-v3_g235m-f170lp_1345_1358.spec.fits,ceers-v3,1358,0,,3,5.5042,5.5042,,KNa23  z=5.504,1,0.65,1.7,3.1,,,,,,,,,FITS   zfit   spl,,,0.04320054447632268
CEERS_01365,215.0268968,52.9072017,4.307,,-19.73,0.32,0.35,,9.05,0.08,0.32,,1.32,0.07,0.08,238,56,,4.2,0.8,,7.5,1.4,,2.4,0.6,8.34,0.19,0.17,1,R23,,23604,215.02691,52.907203,13995.137,4709.228,543.0,0.03,0.0,5.543,0.16833,0.00258,5.792084,0.357603,8.694878,46.336674,0.0,0.02987,0.0,0.12196,0.0,0.09779,0.0,0.13749,0.0,0.13196,0.13039,0.16407,0.25429,0.20922,0.16694,0.18135,-99.0,0.00857,-99.0,0.00796,-99.0,0.01718,-99.0,0.01422,-99.0,0.00284,0.00335,0.00281,0.00289,0.00229,0.0075,0.00432,0.5,14,23604,215.02691,52.907203,4.307,4.307,4.307,4.307,4.307,14,0.0,0.029039276789680026,j142006.46p525425.93,4,21902,215.026897,52.907202,ceers-v3_g235m-f170lp_1345_1365.spec.fits,ceers-v3,1365,0,,3,4.3065,4.3065,,KNa23  z=4.307,1,1.19,1.7,3.15,,,,,42.21,,,,FITS   zfit   spl,,,0.0036260946646364278
CEERS_01374,214.943911,52.8500419,4.999,,-21.48,0.07,0.11,,9.17,0.18,0.06,,1.81,0.04,0.05,131,27,,7.2,1.1,,10.6,1.6,,5.2,0.6,7.9,0.15,0.16,1,R23,No=2,24500,214.943897,52.850052,23114.422,4838.15,499.0,0.48,3.0,5.374,0.28441,0.00377,5.278022,0.262911,64.023368,42.224174,0.0,0.01776,0.0,0.14395,0.0,0.16174,0.0,0.17822,0.0,0.18406,0.18788,0.19951,0.42358,0.24894,0.44165,0.30149,-99.0,0.00643,-99.0,0.00575,-99.0,0.01379,-99.0,0.01185,-99.0,0.00264,0.00495,0.00404,0.00407,0.00292,0.00617,0.00398,0.33,314,24500,214.943897,52.850052,5.002,5.002,5.002,5.002,5.002,314,0.0,0.04741775385302814,j141946.54p525100.15,4,16051,214.943911,52.850042,ceers-v3_g140m-f100lp_1345_1374.spec.fits,ceers-v3,1374,0,,3,4.9957,4.9957,Redshifts match v2 grade=3,YIs23  z=5.000 ;  KNa23  z=4.999,2,1.54,0.98,1.88,,,,,,,,,FITS   zfit   spl,,,0.035999999982044166
CEERS_01400,215.1161048,52.9741843,4.492,,-19.52,0.18,0.11,,8.45,0.17,0.05,,0.88,0.11,0.14,65,19,,8.8,2.5,,10.9,3.1,>,2.5,,8.11,0.25,0.21,1,R23,No=2,26253,215.116084,52.974188,3694.57,5025.273,256.0,0.95,0.0,3.908,0.08337,0.00265,3.705925,0.159471,11.602377,29.647404,0.0,0.04312,0.0,0.08806,0.0,0.08474,0.0,0.06728,0.0,0.08751,0.07932,0.08636,0.13381,0.09272,0.06724,0.06889,-99.0,0.00424,-99.0,0.00505,-99.0,0.01341,-99.0,0.01133,-99.0,0.00237,0.00347,0.00293,0.00294,0.00201,0.00431,0.00458,0.28,14,26253,215.116084,52.974188,4.492,4.492,4.492,4.492,4.492,14,0.0,0.04701709163160272,j142027.87p525827.06,4,16056,215.116105,52.974184,ceers-v3_g235m-f170lp_1345_1400.spec.fits,ceers-v3,1400,0,,3,4.4893,4.4893,Redshifts match v2 grade=3,KNa23  z=4.492,1,0.81,1.7,3.15,,,,,,,,,FITS   zfit   spl,,,0.014406525569733314
CEERS_01449,215.080005,52.956786,4.756,,-21.18,0.32,0.12,,9.24,0.2,0.05,,1.68,0.05,0.06,71,13,,5.8,1.4,,9.2,2.2,,3.8,0.6,8.22,0.22,0.19,1,R23,No=2,30484,215.08003,52.956804,6973.469,5650.944,809.0,0.04,0.0,5.713,0.51607,0.00386,6.002108,0.298265,-37.250461,48.016865,0.0,0.08447,0.0,0.30786,0.30043,0.31898,0.0,0.32989,0.0,0.35049,0.35836,0.4012,0.58783,0.52791,0.41824,0.41791,-99.0,0.00558,-99.0,0.00624,0.00998,0.01085,-99.0,0.00967,-99.0,0.00374,0.00534,0.00467,0.00389,0.00284,0.00634,0.00504,0.5,13,30484,215.08003,52.956804,4.756,4.756,4.756,4.756,4.756,13,0.0,0.08449012560060999,j142019.20p525724.43,4,16065,215.080005,52.956786,ceers-v3_g235m-f170lp_1345_1449.spec.fits,ceers-v3,1449,0,,3,4.7516,4.7516,Redshifts match v2 grade=3,KNa23  z=4.756,1,2.31,1.7,3.15,,,,,42.71,,,,FITS   zfit   spl,,,0.0647999999814195
CEERS_01465,214.8880049,52.8882513,5.274,,-19.72,1.81,0.45,,8.87,0.48,0.14,,0.84,0.1,0.12,87,30,,4.4,1.3,,7.1,2.1,,3.5,1.1,8.25,0.23,0.22,1,R23,No=2,73999,214.88801,52.888258,22243.77,10892.154,372.0,0.48,2.0,4.49,0.12916,0.00292,4.373438,0.215101,37.735296,34.987507,0.0,0.00667,0.0,0.02348,0.0,0.07343,0.0,0.06149,0.0,0.0745,0.07947,0.07802,0.15563,0.13163,0.1843,0.15117,-99.0,0.00515,-99.0,0.00666,-99.0,0.01112,-99.0,0.01066,-99.0,0.00357,0.00424,0.00246,0.00318,0.00269,0.00468,0.00312,0.33,214,73999,214.88801,52.888258,5.274,5.274,5.274,5.274,5.274,214,0.0,0.026542311035622167,j141933.12p525317.73,5,21940,214.888005,52.888251,ceers-v3_g235m-f170lp_1345_1465.spec.fits,ceers-v3,1465,0,,3,5.2691,5.2691,Redshifts match v2 grade=3,KNa23  z=5.274,1,0.34,1.7,3.15,,,,,42.35,,,,FITS   zfit   spl,,,0.02520093613754501
CEERS_01534,214.8861409,52.8769248,4.588,,-20.02,0.46,0.1,,8.93,0.24,0.05,,1.27,0.08,0.1,44,9,,8.0,1.7,,15.6,3.4,,1.5,0.3,7.99,0.15,0.15,1,R23,,57107,214.886122,52.876916,23369.584,10115.066,626.0,0.03,0.0,6.313,0.24228,0.00395,6.457857,0.42053,-6.425052,51.662853,0.0,0.03236,0.0,0.10058,0.0,0.13693,0.0,0.14036,0.0,0.15171,0.17241,0.19882,0.30565,0.26189,0.19113,0.20076,-99.0,0.006,-99.0,0.00647,-99.0,0.01526,-99.0,0.01357,-99.0,0.00407,0.00584,0.0035,0.00404,0.0029,0.00723,0.00413,0.5,114,57107,214.886122,52.876916,4.588,4.588,4.588,4.588,4.588,114,0.0,0.05186410132255821,j141932.67p525236.92,2,21961,214.886133,52.87692,rubies-egs62-v3_g395m-f290lp_4233_50599.spec.fits,rubies-egs62-v3,50599,0,,3,4.584,4.584,Redshifts match v2 grade=3,KNa23  z=4.588,1,0.32,2.88,5.2,,13.1,,41.92,,,,,FITS   zfit   spl,,,0.02240481338746575
CEERS_01658,214.9852372,52.924259,4.61,>,-19.35,,,<,8.56,,,<,1.09,,,,,,5.6,1.0,,9.1,1.2,,4.8,0.5,7.76,0.16,0.16,0,R23,No=2,47961,214.985235,52.924258,14393.815,8331.844,321.0,0.99,0.0,3.735,0.13089,0.00319,3.677243,0.119664,84.672513,29.417946,0.0,0.009,0.0,0.05937,0.03338,0.08064,0.0,0.09921,0.0,0.0899,0.0,0.0,0.19263,0.14998,0.10815,0.11025,-99.0,0.00431,-99.0,0.0047,0.02875,0.01217,-99.0,0.01052,-99.0,0.01313,-99.0,-99.0,0.00297,0.00219,0.00498,0.00458,0.33,33,47961,214.985235,52.924258,4.61,4.61,4.61,4.61,4.61,33,0.0,0.005979805085862433,j141956.46p525527.33,3,16087,214.985237,52.924259,ceers-v3_g235m-f170lp_1345_1658.spec.fits,ceers-v3,1658,0,,3,4.6038,4.6038,,KNa23  z=4.610 ;  YIs23  z=4.604,2,1.22,1.7,3.15,,,,,42.55,,,,FITS   zfit   spl,,,0.0036260741472946864
CEERS_01672,214.744637,52.7503136,5.206,,-22.0,0.28,0.06,,9.54,0.16,0.05,,,,,16,6,>,2.8,,,,,,,,,,,1,,,46703,214.744632,52.750314,41593.965,8117.967,853.0,0.06,2.0,5.154,0.58858,0.00431,5.370654,0.12595,-77.905377,42.965233,0.0,-0.00221,0.0,0.0773,0.0,0.17877,0.0,0.20409,0.0,0.17766,0.21659,0.26667,0.52297,0.54668,0.76949,0.73215,-99.0,0.00831,-99.0,0.01193,-99.0,0.01507,-99.0,0.01533,-99.0,0.00376,0.00482,0.00411,0.00355,0.00349,0.00659,0.00502,0.33,14,46703,214.744632,52.750314,5.206,5.206,5.206,5.206,5.206,14,0.0,0.010989962424862424,j141858.71p524501.13,1,19010,214.744637,52.750314,ceers-v3_prism-clear_1345_1672.spec.fits,ceers-v3,1672,0,,3,5.2034,5.2034,Redshifts match v2 grade=3,KNa23  z=5.206,1,14.72,0.6,5.29,-1.5,31.8,,42.45,42.43,,,,FITS   zfit   spl,,,0.0
CEERS_01756,214.753362,52.740989,5.452,,-20.57,0.26,0.08,,8.87,0.22,0.09,,,,,17,10,>,3.9,,,,,,,,8.27,0.24,0.24,1,R3,,39507,214.753356,52.740989,42038.715,6911.353,394.0,0.64,2.0,4.722,0.15761,0.00397,4.541158,0.123095,-33.930626,36.329266,0.0,-0.00197,0.0,0.03383,0.0,0.10674,0.0,0.08775,0.0,0.10768,0.11213,0.11013,0.13861,0.17081,0.19602,0.18226,-99.0,0.00792,-99.0,0.01179,-99.0,0.01369,-99.0,0.01498,-99.0,0.00354,0.00455,0.00391,0.00308,0.00282,0.0055,0.00428,0.33,214,39507,214.753356,52.740989,5.452,5.452,5.452,5.452,5.452,214,0.0,0.013077054103838644,j141900.81p524427.56,1,19024,214.753362,52.740989,ceers-v3_prism-clear_1345_1756.spec.fits,ceers-v3,1756,0,,3,5.4514,5.4514,Redshifts match v2 grade=3,KNa23  z=5.452,1,3.15,1.92,5.29,,8.7,,41.71,42.12,,,,FITS   zfit   spl,,,0.0
CEERS_01912,215.0108339,53.013327,5.104,,-20.71,0.38,0.66,,8.67,0.64,0.24,,,,,65,40,>,5.1,,,,,,,,7.97,0.27,0.27,1,R3,,80578,215.01083,53.013327,5059.03,13856.628,747.0,0.03,3.0,6.791,0.3112,0.00477,6.148694,0.139246,-5.014238,49.189552,0.0,0.00166,0.0,0.10893,0.0,0.20724,0.0,0.24446,0.0,0.2064,0.23871,0.2665,0.62708,0.30964,0.66917,0.46761,-99.0,0.00807,-99.0,0.01024,-99.0,0.02135,-99.0,0.01722,-99.0,0.00643,0.00744,0.0061,0.00519,0.00436,0.00909,0.00605,0.33,314,80578,215.01083,53.013327,5.104,5.104,5.104,5.104,5.104,314,0.0,0.008446874572799204,j142002.60p530047.98,1,19057,215.010834,53.013327,ceers-v3_prism-clear_1345_1912.spec.fits,ceers-v3,1912,0,,3,5.094,5.094,Redshift matches ceers-v2_prism-clear_1345_1912 z=5.0957,KNa23  z=5.104,1,2.44,0.6,5.29,-1.7,19.2,,42.22,42.52,,,,FITS   zfit   spl,,,2.165865232685009E-4
CEERS_01953,214.9982666,52.9947428,4.608,,-20.0,0.43,0.07,,8.46,0.29,0.06,,,,,106,42,>,5.4,,,,,,,,7.98,0.26,0.26,1,R3,,82381,214.998253,52.994747,7345.04,13101.489,409.0,0.08,1.0,6.302,0.15826,0.00465,4.741885,0.223037,-11.759664,37.935078,0.0,0.02102,0.0,0.11152,0.0,0.11288,0.0,0.08178,0.0,0.10768,0.12115,0.12888,0.18362,0.16398,0.126,0.12291,-99.0,0.00641,-99.0,0.01049,-99.0,0.01581,-99.0,0.01343,-99.0,0.00498,0.00593,0.00485,0.00391,0.00338,0.00668,0.00473,0.5,114,82381,214.998253,52.994747,4.608,4.608,4.608,4.608,4.608,114,0.0,0.033121049612467264,j141959.58p525941.07,1,19062,214.998267,52.994743,ceers-v3_prism-clear_1345_1953.spec.fits,ceers-v3,1953,0,,3,4.6076,4.6076,,KNa23  z=4.608,1,1.3,0.6,5.29,0.8,19.4,,41.92,42.33,,,,FITS   zfit   spl,,,0.014426059813264265
CEERS_02000,214.859629,52.88813,4.809,,-20.29,0.33,0.67,,8.97,0.24,0.64,,1.35,0.04,0.05,152,67,,6.3,0.7,,9.5,1.0,,6.5,1.1,7.99,0.15,0.15,1,R23,,61831,214.859646,52.888137,23584.264,12448.053,438.0,0.03,3.0,5.957,0.17726,0.00421,5.398275,0.268393,15.782961,43.186203,0.0,0.01819,0.0,0.12842,0.0,0.13987,0.0,0.13517,0.0,0.16153,0.16098,0.17304,0.35271,0.23706,0.18363,0.17765,-99.0,0.00586,-99.0,0.00739,-99.0,0.01849,-99.0,0.01627,-99.0,0.00598,0.00699,0.00367,0.00501,0.00442,0.00788,0.00504,0.33,314,61831,214.859646,52.888137,4.809,4.809,4.809,4.809,4.809,314,0.0,0.04470572426906348,j141926.31p525317.29,2,21835,214.859629,52.88813,ceers-v3_prism-clear_1345_2000.spec.fits,ceers-v3,2000,0,,3,4.8061,4.8061,Redshifts match v2 grade=3,KNa23  z=4.809,1,4.78,0.6,5.29,-1.0,41.9,,42.6,43.1,,,,FITS   zfit   spl,,,0.025200000008040912
CEERS_02036,215.0144487,52.9939022,4.645,>,-19.62,,,<,8.7,,,,,,,,,>,6.8,,,,,,,,,,,0,,,60826,215.014454,52.9939,6663.219,12145.045,390.0,0.4,0.0,5.954,0.10729,0.00355,6.121739,0.466599,1.358306,48.973911,0.0,0.00938,0.0,0.04693,0.0,0.04272,0.0,0.04179,0.0,0.0,0.04161,0.0402,0.09681,0.08037,0.05804,0.06584,-99.0,0.00478,-99.0,0.0064,-99.0,0.01106,-99.0,0.00928,-99.0,-99.0,0.00993,0.00603,0.00252,0.00238,0.00461,0.00361,0.5,24,60826,215.014454,52.9939,4.645,4.645,4.645,4.645,4.645,24,0.0,0.01395042861507828,j142003.47p525938.05,1,19068,215.014449,52.993902,ceers-v3_prism-clear_1345_2036.spec.fits,ceers-v3,2036,0,,3,4.6407,4.6407,Redshifts match v2 grade=3,KNa23  z=4.645,1,1.92,1.05,5.29,,13.8,,41.65,42.13,,,,FITS   zfit   spl,,,0.007229285426803085
CEERS_02116,214.8116852,52.8372405,5.28,,-20.03,0.45,0.63,,8.64,0.38,0.3,,0.87,0.05,0.05,98,50,,5.4,0.7,,7.6,1.0,,8.0,2.3,7.91,0.3,0.21,1,R23,,68670,214.811677,52.837239,30489.922,11147.07,370.0,0.18,2.0,6.368,0.14253,0.00501,4.63759,0.143746,-45.449427,37.100719,0.0,5.6E-4,0.0,0.04915,0.06811,0.10708,0.0,0.08497,0.0,0.11233,0.10864,0.1011,0.16902,0.13409,0.18834,0.16259,-99.0,0.00716,-99.0,0.00911,0.01068,0.01424,-99.0,0.01194,-99.0,0.00441,0.00524,0.00468,0.0039,0.00366,0.00598,0.00549,0.33,313,68670,214.811677,52.837239,5.28,5.28,5.28,5.28,5.28,313,0.0,0.018632158185151224,j141914.80p525014.07,1,19075,214.811685,52.837241,ceers-v3_prism-clear_1345_2116.spec.fits,ceers-v3,2116,0,,3,5.2777,5.2777,Redshifts match v2 grade=3,KNa23  z=5.280,1,3.73,0.6,5.29,-3.1,27.4,,42.25,42.73,,,,FITS   zfit   spl,,,0.007213124952886121
CEERS_02362,214.8645053,52.8709642,5.322,,-18.02,0.66,0.11,,9.67,0.35,0.58,,1.8,0.12,0.17,47,30,,5.8,1.9,,6.3,2.1,>,0.8,,8.45,0.28,0.22,1,R23,,73582,214.8645,52.870971,24927.059,10846.977,524.0,0.06,3.0,6.627,0.32714,0.00371,5.762549,0.240926,-26.233,46.100395,0.0,-0.00748,0.0,0.01134,0.0,0.0208,0.0,0.0147,0.0,0.01989,0.02748,0.08196,0.17513,0.29322,0.58287,0.48809,-99.0,0.00777,-99.0,0.00871,-99.0,0.0173,-99.0,0.01469,-99.0,0.00537,0.00667,0.00563,0.0044,0.00408,0.00803,0.0056,0.33,314,73582,214.8645,52.870971,5.322,5.322,5.322,5.322,5.322,314,0.0,0.027053831496781956,j141927.48p525215.47,1,19115,214.864505,52.870964,ceers-v3_prism-clear_1345_2362.spec.fits,ceers-v3,2362,0,,3,5.3199,5.3199,Redshifts match v2 grade=3,KNa23  z=5.322,1,3.79,1.48,5.29,,30.8,,42.33,42.31,,,,FITS   zfit   spl,,,0.025208430615600453
CEERS_02782,214.8234525,52.8302813,5.251,,-19.5,0.12,0.0,,8.53,0.42,0.05,,1.68,0.05,0.05,157,17,,4.5,0.5,,6.0,0.6,>,10.0,,7.51,0.16,0.16,1,R23,"No=2, Broad",56420,214.82345,52.830283,30574.676,9956.303,337.0,0.99,0.0,2.983,0.20339,0.00269,3.62373,0.192723,-19.175806,28.989838,0.0,0.00659,0.0,0.0846,0.08202,0.05978,0.0,0.08436,0.0,0.07274,0.07385,0.0806,0.24337,0.15309,0.53549,0.35314,-99.0,0.0038,-99.0,0.00435,0.00654,0.01171,-99.0,0.00875,-99.0,0.00261,0.00312,0.00267,0.00237,0.00197,0.00391,0.00317,0.33,10013,56420,214.82345,52.830283,5.251,5.251,5.251,5.251,5.251,10013,0.0,0.008186691585961869,j141917.63p524949.00,6,22064,214.823453,52.830281,ceers-v3_g235m-f170lp_1345_2782.spec.fits,ceers-v3,2782,0,,3,5.2399,5.2399,Redshifts match v2 grade=3,KNa23  z=5.251 ;  DKo23  z=5.242,2,0.67,1.7,3.15,,,,,42.39,,,,FITS   zfit   spl,,,0.007281668830559157
CEERS_03584,214.9887523,52.9980436,4.642,,-20.94,0.96,0.32,,8.89,0.55,0.19,,1.39,0.04,0.04,142,53,,,,,,,,,,,,,1,,,60467,214.988747,52.998044,7489.204,13880.637,586.0,0.32,0.0,4.307,0.32675,0.00401,4.638917,0.098302,-48.786573,37.111336,0.0,0.05176,0.0,0.17816,0.0,0.2103,0.0,0.22892,0.0,0.24891,0.24311,0.29156,0.57552,0.41352,0.26637,0.27662,-99.0,0.0058,-99.0,0.00956,-99.0,0.01429,-99.0,0.01226,-99.0,0.00464,0.00547,0.00475,0.004,0.00344,0.00615,0.00494,0.5,14,60467,214.988747,52.998044,4.642,4.642,4.642,4.642,4.642,14,0.0,0.0115730874780381,j141957.30p525952.96,1,19258,214.988752,52.998044,ceers-v3_prism-clear_1345_3584.spec.fits,ceers-v3,3584,0,,3,4.6384,4.6384,Redshift matches ceers-v2_prism-clear_1345_3584 z=4.6383,KNa23  z=4.642,1,5.43,0.6,5.29,-2.7,40.1,,42.51,43.0,,,,FITS   zfit   spl,,,6.499896010048889E-4
CEERS_10995,215.1520322,52.9740418,4.482,,-22.29,0.08,0.07,,9.48,0.08,0.05,,,,,24,8,>,5.2,,,,,,,,7.97,0.27,0.27,1,R3,,10126,215.152015,52.974049,2019.359,3041.454,1418.0,0.03,0.0,7.154,1.02583,0.0056,7.638981,0.275328,-77.775126,61.111851,0.0,0.08337,0.0,0.19188,0.0,0.28857,0.0,0.35805,0.0,0.26919,0.35333,0.55524,0.94381,1.04458,0.93164,1.01601,-99.0,0.00963,-99.0,0.00887,-99.0,0.01314,-99.0,0.01315,-99.0,0.00436,0.00654,0.00561,0.00597,0.00419,0.00939,0.00924,0.66,114,10126,215.152015,52.974049,4.482,4.482,4.482,4.482,4.482,114,0.0,0.045410908749456615,j142036.49p525826.55,1,18885,215.152032,52.974042,ceers-v3_prism-clear_1345_10995.spec.fits,ceers-v3,10995,0,,3,4.4833,4.4833,Redshifts match v2 grade=3,KNa23  z=4.482,1,13.03,0.6,5.29,-0.4,45.2,,42.76,42.82,,,,FITS   zfit   spl,,,0.025203729505878944
CEERS_11383,215.086144,52.9522083,5.072,,-22.74,0.44,0.13,,9.87,0.22,0.07,,,,,18,15,>,2.4,,,,,,,,,,,1,,,24593,215.086085,52.95222,7107.35,4960.787,2398.0,0.03,2.0,11.149,1.28705,0.00708,12.151299,0.390453,66.160077,97.210396,0.0,0.03334,0.0,0.1544,0.36391,0.40278,0.0,0.53542,0.0,0.46178,0.50553,0.62879,1.15,1.19536,1.74043,1.63034,-99.0,0.01519,-99.0,0.01689,0.02435,0.02762,-99.0,0.02656,-99.0,0.00831,0.0124,0.01091,0.00911,0.00729,0.016,0.01208,0.33,213,24593,215.086085,52.95222,5.072,5.072,5.072,5.072,5.072,213,0.0,0.13472057197406204,j142020.67p525707.95,3,21868,215.086144,52.952208,ceers-v3_prism-clear_1345_11383.spec.fits,ceers-v3,11383,0,,3,5.0721,5.0721,Redshifts match v2 grade=3,KNa23  z=5.072,1,5.48,0.6,5.29,-0.8,28.4,,42.61,42.73,,,,FITS   zfit   spl,,,0.04320000001051299
CEERS_11624,215.0724897,52.9561377,3.796,,-20.34,0.02,0.08,,8.52,0.08,0.05,,1.28,0.09,0.12,105,25,,10.0,2.4,,,,,,,8.05,0.24,0.24,1,R3,,33148,215.072469,52.956151,7387.989,6015.667,511.0,0.62,0.0,5.506,0.21401,0.00388,5.605172,0.36417,-10.219528,44.841377,0.0,0.13814,0.0,0.17747,0.13914,0.15882,0.0,0.1496,0.0,0.18089,0.17607,0.24325,0.20944,0.24725,0.1762,0.18929,-99.0,0.0058,-99.0,0.00738,0.01197,0.01325,-99.0,0.01269,-99.0,0.00438,0.00636,0.00548,0.00426,0.00306,0.00747,0.00576,0.5,13,33148,215.072469,52.956151,3.796,3.796,3.796,3.796,3.796,13,0.0,0.06563427111475847,j142017.40p525722.10,1,18904,215.07249,52.956138,ceers-v3_prism-clear_1345_11624.spec.fits,ceers-v3,11624,0,,3,3.7822,3.7822,Redshifts match v2 grade=3,KNa23  z=3.796,1,2.39,0.6,5.29,,29.1,40.3,42.03,42.47,,,,FITS   zfit   spl,,,0.04680452226682466
CEERS_11676,215.0519465,52.9447738,4.269,,-19.86,0.13,0.13,,8.81,0.88,0.88,,,,,,,>,6.4,,,,,,,,7.99,0.24,0.24,0,R3,,35066,215.051939,52.944782,9389.414,6258.696,132.0,0.97,0.0,4.484,0.16026,0.00984,3.348708,0.334062,-24.327162,26.789661,0.0,0.04542,0.0,0.10237,0.11258,0.11715,0.0,0.11519,0.0,0.0,0.0,0.0,0.0,0.17761,0.0,0.0,-99.0,0.00437,-99.0,0.0049,0.01295,0.0099,-99.0,0.01065,-99.0,-99.0,-99.0,-99.0,-99.0,0.00968,-99.0,-99.0,0.28,73,35066,215.051939,52.944782,4.269,4.269,4.269,4.269,4.269,73,0.0,0.03370661902351634,j142012.47p525641.19,3,16032,215.051947,52.944774,ceers-v3_g235m-f170lp_1345_11676.spec.fits,ceers-v3,11676,0,,3,4.2682,4.2688,,KNa23  z=4.269,1,1.27,1.7,3.15,,,,,42.1,,,,FITS   zfit   spl,,,0.02882041756787544
CEERS_37697,214.891459,52.867458,5.15,,-19.69,0.03,0.08,,8.41,0.12,0.05,,,,,10,10,>,2.2,,,,,,,,,,,1,,,51975,214.89145,52.867459,23984.582,9086.157,274.0,0.91,0.0,3.818,0.05752,0.00172,3.659387,0.119316,12.56802,29.275099,0.0,0.00756,0.0,0.0266,0.0,0.02212,0.0,0.05347,0.0,0.04359,0.04165,0.04085,0.06787,0.05752,0.06354,0.06331,-99.0,0.00416,-99.0,0.0043,-99.0,0.01122,-99.0,0.01015,-99.0,0.0019,0.00249,0.00176,0.00166,0.00133,0.00283,0.00194,0.33,14,51975,214.89145,52.867459,5.15,5.15,5.15,5.15,5.15,14,0.0,0.0198871649143362,j141933.95p525202.85,1,19280,214.891459,52.867458,ceers-v3_prism-clear_1345_37697.spec.fits,ceers-v3,37697,0,,3,5.1497,5.1497,Redshifts match v2 grade=3,KNa23  z=5.150,1,4.01,0.6,5.29,5.2,11.1,,41.51,41.79,,,,FITS   zfit   spl,,,0.0035999999913344186
CEERS_80072,214.89085,52.813941,5.268,,-18.21,0.11,0.53,,8.21,0.28,0.25,,,,,91,85,>,2.7,,,,,,,,,,,1,,,25924,214.890847,52.813938,28907.303,4960.984,59.0,0.94,0.0,4.395,0.01431,0.00222,2.28165,0.27498,-64.82375,18.253199,0.0,-0.00152,0.0,0.01062,0.0,-0.01183,0.0,0.0174,0.0,0.00913,0.01445,0.01076,0.01511,0.01636,0.02485,0.0198,-99.0,0.00573,-99.0,0.0057,-99.0,0.01399,-99.0,0.01241,-99.0,0.00256,0.00462,0.00362,0.00294,0.00227,0.00533,0.00299,0.28,14,25924,214.890847,52.813938,5.268,5.268,5.268,5.268,5.268,14,0.0,0.012619400360177155,j141933.80p524850.19,1,19466,214.89085,52.813941,ceers-v3_prism-clear_1345_80072.spec.fits,ceers-v3,80072,0,,3,5.2702,5.2702,Redshift matches ceers-v2_prism-clear_1345_80072 z=5.2681,KNa23  z=5.268,1,0.43,0.6,5.29,-1.6,8.2,,41.36,41.84,,,,FITS   zfit   spl,,,0.010799999996903249
CEERS_80083,214.961276,52.842364,8.637,,-19.11,0.61,0.02,,8.94,0.08,0.14,,0.76,0.09,0.11,105,30,,4.5,1.1,,6.1,1.5,>,6.9,,7.64,0.28,0.25,1,R23,,12742,214.961263,52.842359,23001.678,3281.381,119.0,0.85,0.0,5.062,0.03157,0.00319,3.147984,0.270014,-3.967773,25.183874,0.0,-0.00667,0.0,-0.01472,0.0,0.04291,0.0,0.00705,0.0,0.00861,0.02729,0.02059,0.03143,0.03107,0.02232,0.0701,-99.0,0.00801,-99.0,0.00799,-99.0,0.01776,-99.0,0.01562,-99.0,0.00297,0.00573,0.00411,0.0044,0.00301,0.0065,0.0049,0.28,14,12742,214.961263,52.842359,8.638,8.638,8.638,8.638,8.638,14,0.0,0.0335121045681936,j141950.71p525032.51,1,19470,214.961276,52.842364,ceers-v3_prism-clear_1345_80083.spec.fits,ceers-v3,80083,0,,3,8.6369,8.6369,Redshifts match v2 grade=3,PAHa23  z=8.638 ;  KNa23  z=8.637,2,1.03,0.6,5.29,1.6,,,,42.45,,,,FITS   zfit   spl,,,0.01800000000247208
CEERS_80239,214.896054,52.869853,7.487,,-17.92,1.07,0.0,,8.13,0.19,0.56,,0.36,0.11,0.15,125,57,,4.6,1.4,,6.6,2.0,,,,7.67,0.42,0.31,1,R23,,51679,214.896051,52.869854,23549.697,9018.359,85.0,0.78,3.0,4.088,0.01651,0.00236,2.5168,0.159622,61.938575,20.134399,0.0,3.0E-4,0.0,-0.00748,0.0,0.00893,0.0,-0.00903,0.0,0.01097,0.012,0.01766,0.01597,0.01688,0.07051,0.03381,-99.0,0.0055,-99.0,0.00562,-99.0,0.0138,-99.0,0.01193,-99.0,0.00323,0.00461,0.00279,0.00294,0.00214,0.00541,0.00308,0.28,314,51679,214.896051,52.869854,7.487,7.487,7.487,7.487,7.487,314,0.0,0.0074471253791983764,j141935.05p525211.47,1,19475,214.896054,52.869853,ceers-v3_prism-clear_1345_80239.spec.fits,ceers-v3,80239,0,,3,7.4893,7.4893,Redshifts match v2 grade=3,KNa23  z=7.487,1,0.58,0.6,5.29,4.4,,,,42.48,,,,FITS   zfit   spl,,,0.0035999999913344186
CEERS_80372,214.927798,52.850003,7.483,,-19.27,0.04,0.03,,8.19,0.05,0.05,,0.6,0.05,0.06,104,14,,2.5,0.4,,3.4,0.5,>,6.6,,7.46,0.25,0.25,1,R3,,31246,214.927794,52.850002,23875.15,5723.111,123.0,0.96,0.0,3.046,0.04625,0.00219,2.521235,0.19187,81.102856,20.169878,0.0,0.00147,0.0,0.00705,0.0,0.01341,0.0,0.03693,0.0,0.02016,0.02106,0.01837,0.01878,0.02903,0.07281,0.06077,-99.0,0.00331,-99.0,0.00379,-99.0,0.009,-99.0,0.00777,-99.0,0.00126,0.00232,0.00189,0.00179,0.00135,0.00299,0.00201,0.28,14,31246,214.927794,52.850002,7.483,7.483,7.483,7.483,7.483,14,0.0,0.00941191460992555,j141942.67p525100.01,4,21816,214.927798,52.850003,ceers-v3_prism-clear_1345_80372.spec.fits,ceers-v3,80372,0,,3,7.4825,7.4825,Redshifts match v2 grade=3,KNa23  z=7.483 ;  DKo24  z=7.480,2,2.47,0.6,5.29,1.8,,,,42.24,,,,FITS   zfit   spl,,,0.0035999999913344186
CEERS_80374,214.898074,52.824895,7.174,,-18.09,6.67,2.38,,9.0,0.07,0.4,,,,,125,36,,3.5,1.0,,,,,,,7.61,0.3,0.31,1,R3,,29200,214.898061,52.824895,27566.588,5413.678,64.0,0.96,2.0,7.287,0.02369,0.00294,2.063685,0.068352,49.957534,16.509483,0.0,-0.00618,0.0,0.00521,0.0,0.0165,0.0,0.00683,0.0,0.02344,0.01534,0.01422,0.01648,0.01586,0.05627,0.03178,-99.0,0.00614,-99.0,0.00737,-99.0,0.01742,-99.0,0.01514,-99.0,0.00312,0.0058,0.00462,0.00386,0.00265,0.0065,0.00384,0.28,14,29200,214.898061,52.824895,7.174,7.174,7.174,7.174,7.174,14,0.0,0.02827903879952391,j141935.54p524929.62,1,19480,214.898074,52.824895,ceers-v3_prism-clear_1345_80374.spec.fits,ceers-v3,80374,0,,3,7.1776,7.1776,Redshifts match v2 grade=3,KNa23  z=7.174,1,0.66,0.6,5.29,-0.5,,,,42.13,,,,FITS   zfit   spl,,,0.0
CEERS_80432,214.812056,52.746747,7.477,,-20.05,0.04,0.02,,8.5,0.05,0.05,,,,,123,20,,7.0,1.2,,,,,,,8.1,0.25,0.25,1,R3,,18909,214.812051,52.746744,38755.816,4104.17,228.0,0.59,0.0,4.409,0.06818,0.00318,3.749627,0.210833,57.267055,29.997017,0.0,-0.00389,0.0,0.0086,0.03655,0.05157,0.0,0.08745,0.0,0.07385,0.08362,0.07252,0.06191,0.07588,0.26765,0.14412,-99.0,0.00919,-99.0,0.01054,0.04935,0.01759,-99.0,0.01877,-99.0,0.00411,0.00493,0.00426,0.00347,0.00315,0.00683,0.00487,0.28,13,18909,214.812051,52.746744,7.477,7.477,7.477,7.477,7.477,13,0.0,0.015341613952058821,j141914.89p524448.29,1,19485,214.812056,52.746747,ceers-v3_prism-clear_1345_80432.spec.fits,ceers-v3,80432,0,,3,7.4757,7.4757,Redshift matches ceers-v2_prism-clear_1345_80432 z=7.4763,KNa23  z=7.477,1,1.98,0.6,5.29,-0.5,,,,42.76,,,,FITS   zfit   spl,,,0.010799999996903249
CEERS_80445,214.843115,52.747886,7.509,,-19.66,0.03,0.02,,8.34,0.05,0.05,,,,,8,18,>,3.1,,,,,,,,,,,1,,,6440,214.843085,52.74788,37193.777,2473.071,177.0,0.49,0.0,7.179,0.07111,1.393694E11,4.498765,0.440967,47.249391,35.99012,0.0,0.00305,0.0,-0.00134,0.00745,0.04072,0.0,0.05568,0.0,0.05669,0.06041,0.05425,0.04542,0.05259,0.09641,0.06308,-99.0,0.00949,-99.0,0.00847,0.03707,0.01425,-99.0,0.01494,-99.0,0.00393,0.0047,0.00399,0.00441,0.00438,0.00903,0.00691,0.28,113,6440,214.843085,52.74788,7.509,7.509,7.509,7.509,7.509,113,0.0,0.0688508612441997,j141922.35p524452.39,1,19486,214.843115,52.747886,ceers-v3_prism-clear_1345_80445.spec.fits,ceers-v3,80445,0,,3,7.5114,7.5114,Redshift matches ceers-v2_prism-clear_1345_80445 z=7.5103,KNa23  z=7.509,1,1.18,0.6,5.29,-1.0,,,,42.04,,,,FITS   zfit   spl,,,0.021599999993806497
CEERS_80573,214.773924,52.780599,5.428,,-19.7,0.02,0.07,,8.4,0.06,0.05,,,,,51,21,>,5.2,,,,,,,,7.97,0.27,0.27,1,R3,,50664,214.773909,52.780597,37446.852,8843.255,226.0,0.92,0.0,4.826,0.09313,0.00487,3.638407,0.228653,-24.026816,29.107258,0.0,0.00496,0.0,0.04733,0.0,0.04444,0.0,0.06097,0.0,0.06122,0.05451,0.05197,0.05535,0.07887,0.08658,0.06643,-99.0,0.00515,-99.0,0.00543,-99.0,0.01197,-99.0,0.01134,-99.0,0.00272,0.00349,0.0028,0.00256,0.00232,0.00428,0.0038,0.28,114,50664,214.773909,52.780597,5.428,5.428,5.428,5.428,5.428,114,0.0,0.033447063484926993,j141905.74p524650.16,1,19489,214.773924,52.780599,ceers-v3_prism-clear_1345_80573.spec.fits,ceers-v3,80573,0,,3,5.4289,5.4289,Redshifts match v2 grade=3,KNa23  z=5.428,1,1.9,0.6,5.29,4.3,13.7,,41.97,42.37,,,,FITS   zfit   spl,,,0.007200000005568831
CEERS_80576,214.769627,52.77294,5.45,,-19.13,0.11,0.07,,8.26,0.06,0.05,,0.88,0.07,0.08,196,34,,6.1,1.1,,8.1,1.4,>,5.8,,7.69,0.39,0.22,1,R23,,48886,214.769618,52.772937,38349.633,8486.978,154.0,0.98,0.0,3.16,0.04449,0.00259,2.874568,0.175101,-29.438071,22.996544,0.0,0.0021,0.0,0.00892,0.0,0.00646,0.0,0.00704,0.0,0.01471,0.01068,0.01054,0.01537,0.03274,0.03593,0.02276,-99.0,0.0031,-99.0,0.00314,-99.0,0.00636,-99.0,0.00735,-99.0,0.00169,0.002,0.00169,0.00147,0.00123,0.00211,0.00213,0.28,14,48886,214.769618,52.772937,5.45,5.45,5.45,5.45,5.45,14,0.0,0.0223796107709327,j141904.71p524622.58,1,19491,214.769627,52.77294,ceers-v3_prism-clear_1345_80576.spec.fits,ceers-v3,80576,0,,3,5.4444,5.4444,Redshifts match v2 grade=3,KNa23  z=5.450,1,1.79,0.6,5.29,1.3,18.2,,42.11,42.58,,,,FITS   zfit   spl,,,0.010799999996903249
CEERS_80596,214.771865,52.778189,6.542,,-18.54,0.35,0.09,,8.17,0.3,0.12,,,,,61,30,>,3.8,,,,,,,,8.23,0.23,0.23,1,R3,,50346,214.771855,52.77819,37763.59,8770.394,125.0,0.89,0.0,4.445,0.0355,0.00354,3.539209,0.384433,-21.803903,28.313673,0.0,-0.00302,0.0,-0.00939,0.0,0.00796,0.0,0.002,0.0,0.01928,0.01898,0.01926,0.02471,0.03264,0.023,0.03399,-99.0,0.00554,-99.0,0.00559,-99.0,0.01239,-99.0,0.01101,-99.0,0.00269,0.00327,0.00293,0.00266,0.00233,0.0042,0.00416,0.28,14,50346,214.771855,52.77819,6.542,6.542,6.542,6.542,6.542,14,0.0,0.022072045138044123,j141905.25p524641.48,1,19492,214.771865,52.778189,ceers-v3_prism-clear_1345_80596.spec.fits,ceers-v3,80596,0,,3,6.5391,6.5391,Redshifts match v2 grade=3,KNa23  z=6.542,1,1.02,0.6,5.29,0.8,6.4,,41.86,42.33,,,,FITS   zfit   spl,,,0.003600000014234412
CEERS_80710,214.884985,52.836045,6.545,,-17.85,0.34,1.44,,8.16,0.29,0.28,,,,,70,79,>,3.6,,,,,,,,8.19,0.23,0.23,1,R3,,40527,214.884973,52.836045,27161.342,7003.197,62.0,0.95,0.0,3.142,0.0175,0.00219,1.96527,0.088015,-78.891377,15.722158,0.0,-0.00612,0.0,-3.7E-4,0.0,1.0E-4,0.0,0.01059,0.0,0.01465,0.01259,0.00841,0.00974,0.02463,0.01225,0.02126,-99.0,0.00459,-99.0,0.00452,-99.0,0.01283,-99.0,0.01141,-99.0,0.00332,0.00406,0.00373,0.00247,0.00232,0.00432,0.0039,0.28,14,40527,214.884973,52.836045,6.545,6.545,6.545,6.545,6.545,14,0.0,0.026097029063122543,j141932.40p525009.76,1,19495,214.884985,52.836045,ceers-v3_prism-clear_1345_80710.spec.fits,ceers-v3,80710,0,,3,6.5451,6.5451,Redshifts match v2 grade=3,KNa23  z=6.545,1,0.31,0.6,5.29,-0.2,6.5,,41.74,42.14,,,,FITS   zfit   spl,,,0.0
CEERS_80916,214.89163,52.815943,5.674,,-17.88,0.53,0.53,,8.44,0.05,0.23,,0.78,0.08,0.1,176,41,,6.3,1.3,,8.0,1.7,>,5.4,,7.73,0.35,0.26,1,R23,,26616,214.891624,52.815942,28687.529,5073.812,161.0,0.97,3.0,3.01,0.04718,0.00194,2.673112,0.06244,-29.996091,21.384895,0.0,-9.8E-4,0.0,0.00994,0.0,0.02333,0.0,0.02896,0.0,0.02433,0.02485,0.02114,0.02245,0.05379,0.02085,0.03953,-99.0,0.00357,-99.0,0.00355,-99.0,0.00994,-99.0,0.00863,-99.0,0.00161,0.00279,0.00236,0.00191,0.00151,0.00316,0.00195,0.28,314,26616,214.891624,52.815942,5.674,5.674,5.674,5.674,5.674,314,0.0,0.01354183725097183,j141933.99p524857.39,1,19496,214.89163,52.815943,ceers-v3_prism-clear_1345_80916.spec.fits,ceers-v3,80916,0,,3,5.6739,5.6739,Redshift matches ceers-v2_prism-clear_1345_80916 z=5.6744,KNa23  z=5.674,1,2.08,0.6,5.29,5.7,29.9,,42.21,42.53,,,,FITS   zfit   spl,,,0.0035999999913344186
CEERS_80954,214.918183,52.811826,5.93,,-17.72,0.13,0.06,,7.6,0.05,0.05,,0.14,0.11,0.14,151,43,,5.0,1.5,,,,,,,7.8,0.3,0.37,1,R3,,12864,214.91818,52.811821,27816.947,3285.894,49.0,0.96,0.0,3.115,0.00961,0.00147,2.233238,0.331867,-27.526002,17.865906,0.0,-0.00339,0.0,0.00862,0.0,0.00777,0.0,0.002,0.0,0.01488,0.01312,0.0108,0.00985,0.01184,-0.00189,0.01381,-99.0,0.00521,-99.0,0.00448,-99.0,0.01209,-99.0,0.01137,-99.0,0.00166,0.00315,0.0026,0.00216,0.00162,0.00415,0.00211,0.28,14,12864,214.91818,52.811821,5.93,5.93,5.93,5.93,5.93,14,0.0,0.019147151591124064,j141940.36p524842.57,1,19501,214.918183,52.811826,ceers-v3_prism-clear_1345_80954.spec.fits,ceers-v3,80954,0,,3,6.165,6.165,Redshift matches ceers-v2_prism-clear_1345_80954 z=6.1648,KNa23  z=5.930,1,0.67,0.6,5.29,2.6,3.6,,41.25,41.43,,,,FITS   zfit   spl,,,0.01800000000247208
CEERS_81018,214.805476,52.75473,5.861,,-19.04,0.07,0.06,,8.14,0.1,0.05,,,,,13,16,>,1.6,,,,,,,,8.12,0.26,0.26,1,R3,,26785,214.805475,52.754733,38333.406,5088.377,128.0,0.65,0.0,3.87,0.03484,0.00264,2.95559,0.145882,35.567454,23.644716,0.0,-0.0021,0.0,0.01001,0.02457,0.00809,0.0,0.02411,0.0,0.02805,0.02166,0.01836,0.02458,0.03406,0.0251,0.03278,-99.0,0.00531,-99.0,0.00616,0.03024,0.01125,-99.0,0.01149,-99.0,0.00245,0.00309,0.00248,0.00219,0.00199,0.00356,0.00288,0.28,13,26785,214.805475,52.754733,5.861,5.861,5.861,5.861,5.861,13,0.0,0.01101758883602786,j141913.31p524517.03,1,19503,214.805476,52.75473,ceers-v3_prism-clear_1345_81018.spec.fits,ceers-v3,81018,0,,3,5.8641,5.8641,Redshifts match v2 grade=3,KNa23  z=5.861,1,1.88,0.6,5.29,-2.8,8.0,,41.56,41.59,,,,FITS   zfit   spl,,,0.010799999996903249
CEERS_81022,214.800449,52.748889,5.3,,-18.63,0.05,0.0,,7.94,0.05,0.05,,,,,38,30,>,4.6,,,,,,,,7.96,0.29,0.29,1,R3,,25502,214.800445,52.748887,39104.738,4913.488,105.0,0.96,0.0,3.107,0.03028,0.00197,2.744143,0.342943,20.875133,21.953146,0.0,3.1E-4,0.0,0.0046,0.00944,0.01901,0.0,0.01931,0.0,0.01473,0.01454,0.01432,0.01578,0.02194,0.02695,0.02393,-99.0,0.00353,-99.0,0.00418,0.02186,0.00785,-99.0,0.00812,-99.0,0.00171,0.00202,0.00166,0.00137,0.0012,0.0024,0.00185,0.28,113,25502,214.800445,52.748887,5.3,5.3,5.3,5.3,5.3,113,0.0,0.01130560049982768,j141912.11p524456.00,1,19504,214.800449,52.748889,ceers-v3_prism-clear_1345_81022.spec.fits,ceers-v3,81022,0,,3,5.2934,5.2934,Redshift matches ceers-v2_prism-clear_1345_81022 z=5.2932,KNa23  z=5.300,1,1.38,0.6,5.29,-3.2,8.6,,41.57,42.1,,,,FITS   zfit   spl,,,0.007199999982668837
CEERS_81026,214.809841,52.754218,5.433,,-18.28,0.05,0.33,,8.67,0.19,0.09,,,,,75,38,>,9.1,,,,,,,,,,,1,,,24671,214.809839,52.754228,38174.699,4807.397,56.0,0.97,3.0,3.345,0.0381,0.00192,2.60438,0.458922,-30.889214,20.835041,0.0,-0.00186,0.0,0.00542,0.00404,0.01701,0.0,0.00985,0.0,0.01396,0.01547,0.01563,0.02123,0.04193,0.04398,0.03406,-99.0,0.00492,-99.0,0.00559,0.02893,0.0105,-99.0,0.01009,-99.0,0.00224,0.00287,0.00237,0.00209,0.00172,0.00344,0.00291,0.28,313,24671,214.809839,52.754228,5.433,5.433,5.433,5.433,5.433,313,0.0,0.036262783945439164,j141914.36p524515.18,1,19505,214.809841,52.754218,ceers-v3_prism-clear_1345_81026.spec.fits,ceers-v3,81026,0,,3,5.4263,5.4263,Redshifts match v2 grade=3,KNa23  z=5.433,1,0.59,0.6,5.29,-1.8,16.1,,42.04,42.52,,,,FITS   zfit   spl,,,0.03600000000494416
CEERS_81032,214.812625,52.754849,5.427,,-19.28,0.09,0.1,,8.25,0.13,0.05,,,,,45,16,>,7.0,,,,,,,,,,,1,,,23750,214.812619,52.754849,37987.316,4701.552,184.0,0.77,0.0,4.033,0.05421,0.00264,3.960169,0.410227,0.118055,31.681349,0.0,-9.6E-4,0.0,0.01584,0.03127,0.03321,0.0,0.03286,0.0,0.03808,0.03429,0.0311,0.03725,0.04639,0.05389,0.037,-99.0,0.00475,-99.0,0.00541,0.02735,0.00974,-99.0,0.01043,-99.0,0.00238,0.00303,0.00242,0.00209,0.00173,0.00344,0.00276,0.28,13,23750,214.812619,52.754849,5.427,5.427,5.427,5.427,5.427,13,0.0,0.013072894920231537,j141915.03p524517.46,1,19506,214.812625,52.754849,ceers-v3_prism-clear_1345_81032.spec.fits,ceers-v3,81032,0,,3,5.4238,5.4238,Redshift matches ceers-v2_prism-clear_1345_81032 z=5.4242,KNa23  z=5.427,1,2.74,0.6,5.29,-3.7,17.2,,41.89,42.27,,,,FITS   zfit   spl,,,0.0
CEERS_81049,214.789822,52.730789,6.738,,-19.61,0.11,0.12,,8.36,0.15,0.05,,1.21,0.04,0.05,109,13,,8.5,0.9,,11.2,1.3,>,8.9,,7.88,0.15,0.16,1,R23,,18844,214.789817,52.730789,41260.836,4098.592,297.0,0.98,0.0,4.176,0.10718,0.00343,3.68459,0.143653,14.039292,29.476723,0.0,-0.0118,0.0,0.00489,0.0,0.05455,0.0,0.0402,0.0,0.05452,0.05117,0.04897,0.05314,0.12755,0.07568,0.06686,-99.0,0.00689,-99.0,0.01119,-99.0,0.01273,-99.0,0.01485,-99.0,0.00331,0.004,0.00336,0.00266,0.00252,0.00471,0.00372,0.33,14,18844,214.789817,52.730789,6.738,6.738,6.738,6.738,6.738,14,0.0,0.010900095226151168,j141909.56p524350.84,1,19507,214.789822,52.730789,ceers-v3_prism-clear_1345_81049.spec.fits,ceers-v3,81049,0,,3,6.7362,6.7362,Redshift matches ceers-v2_prism-clear_1345_81049 z=6.7367,KNa23  z=6.738,1,2.33,0.6,5.29,1.4,23.1,,42.5,42.87,,,,FITS   zfit   spl,,,0.0
CEERS_81063,214.79911,52.725119,6.086,,-19.04,0.12,0.09,,8.16,0.07,0.07,,0.98,0.09,0.11,90,24,,9.2,2.1,,11.5,2.6,>,3.1,,8.08,0.21,0.19,1,R23,,11597,214.799105,52.72512,41343.547,3143.873,227.0,0.96,0.0,4.108,0.06995,0.00301,3.755819,0.273131,9.739438,30.046553,0.0,0.00349,0.0,0.01204,0.0,0.0242,0.0,0.04223,0.0,0.03016,0.03508,0.03172,0.04206,0.08054,0.03241,0.05423,-99.0,0.00667,-99.0,0.01014,-99.0,0.01307,-99.0,0.01501,-99.0,0.00305,0.00359,0.00316,0.00259,0.00251,0.00443,0.0045,0.28,14,11597,214.799105,52.72512,6.086,6.086,6.086,6.086,6.086,14,0.0,0.01148054785841395,j141911.79p524330.43,1,19510,214.79911,52.725119,ceers-v3_prism-clear_1345_81063.spec.fits,ceers-v3,81063,0,,3,6.0866,6.0866,Redshift matches ceers-v2_prism-clear_1345_81063 z=6.0864,KNa23  z=6.086,1,1.96,0.6,5.29,-1.7,19.0,,42.28,42.66,,,,FITS   zfit   spl,,,0.0035999999913344186
CEERS_81068,214.820507,52.737148,6.272,,-18.3,0.18,0.08,,8.0,0.13,0.05,,0.6,0.06,0.07,204,35,,6.0,1.0,,7.9,1.2,>,10.5,,7.65,0.22,0.2,1,R23,,9764,214.820498,52.737145,39237.547,2891.134,102.0,0.96,0.0,3.088,0.03545,0.0026,2.430184,0.216214,-24.763466,19.441473,0.0,-0.00327,0.0,-0.00439,0.0,0.00308,0.0,0.01518,0.0,0.01819,0.0202,0.01927,0.01632,0.04472,0.01242,0.0272,-99.0,0.00629,-99.0,0.0097,-99.0,0.01188,-99.0,0.01242,-99.0,0.00236,0.00291,0.0025,0.00228,0.00201,0.00381,0.00315,0.28,14,9764,214.820498,52.737145,6.272,6.272,6.272,6.272,6.272,14,0.0,0.022393723896181435,j141916.92p524413.73,1,19511,214.820507,52.737148,ceers-v3_prism-clear_1345_81068.spec.fits,ceers-v3,81068,0,,3,6.2704,6.2704,Redshift matches ceers-v2_prism-clear_1345_81068 z=6.2716,KNa23  z=6.272,1,1.23,0.6,5.29,-0.5,16.1,,42.08,42.42,,,,FITS   zfit   spl,,,0.010799999996903249
CEERS_82043,214.719986,52.750255,4.324,,-18.85,0.34,0.11,,8.33,0.27,0.07,,1.0,0.1,0.13,84,24,,7.3,1.9,,,,,,,8.14,0.24,0.24,1,R3,,54120,214.719979,52.750254,42755.855,9480.515,178.0,0.99,3.0,4.591,0.06746,0.00399,3.05059,0.152059,-87.214826,24.40472,0.0,0.03241,0.0,0.04313,0.0,0.03613,0.0,0.03958,0.0,0.05486,0.05043,0.05376,0.0972,0.07592,0.05519,0.04176,-99.0,0.00695,-99.0,0.01042,-99.0,0.01454,-99.0,0.01546,-99.0,0.00326,0.00401,0.00337,0.00262,0.00247,0.00459,0.00365,0.28,314,54120,214.719979,52.750254,4.324,4.324,4.324,4.324,4.324,314,0.0,0.01567238823252816,j141852.80p524500.92,1,19515,214.719986,52.750255,ceers-v3_prism-clear_1345_82043.spec.fits,ceers-v3,82043,0,,3,4.3175,4.3175,Redshifts match v2 grade=3,KNa23  z=4.324,1,2.15,0.6,5.29,3.2,26.0,,41.94,42.38,,,,FITS   zfit   spl,,,0.003600000014234412
CEERS_82052,214.766561,52.78227,5.156,,-18.0,0.07,0.12,,8.43,0.05,0.25,,,,,80,33,>,5.6,,,,,,,,7.98,0.26,0.26,1,R3,,53625,214.766566,52.782266,37638.387,9379.477,56.0,0.94,0.0,3.487,0.01347,0.00231,3.046555,0.567438,-88.766051,24.372442,0.0,0.00174,0.0,0.00176,0.0,0.00582,0.0,0.00746,0.0,0.0097,0.00649,0.00752,0.01964,0.00733,0.01588,0.01507,-99.0,0.0034,-99.0,0.0033,-99.0,0.00552,-99.0,0.00493,-99.0,0.00156,0.002,0.00162,0.00144,0.0013,0.0024,0.00213,0.28,14,53625,214.766566,52.782266,5.156,5.156,5.156,5.156,5.156,14,0.0,0.018052467319703332,j141903.97p524656.17,1,19516,214.766561,52.78227,ceers-v3_prism-clear_1345_82052.spec.fits,ceers-v3,82052,0,,3,5.154,5.154,Redshift matches ceers-v2_prism-clear_1345_82052 z=5.1551,KNa23  z=5.156,1,1.26,0.6,5.29,1.3,13.5,,41.74,42.18,,,,FITS   zfit   spl,,,0.014399999988237667
CEERS_82300,214.900557,52.871612,4.707,,-18.49,0.16,0.49,,8.47,0.05,0.36,,,,,57,19,>,3.8,,,,,,,,8.25,0.24,0.24,1,R3,,51019,214.900555,52.871611,23177.828,8906.29,197.0,0.24,0.0,4.013,0.0434,0.00207,3.34593,0.135982,-76.837654,26.767437,0.0,0.00567,0.0,0.01595,0.0,0.01458,0.0,0.0147,0.0,0.01899,0.01993,0.02187,0.03487,0.03041,0.02221,0.0254,-99.0,0.00244,-99.0,0.00265,-99.0,0.00815,-99.0,0.0065,-99.0,0.00162,0.00229,0.00137,0.00145,0.00109,0.00259,0.00151,0.28,114,51019,214.900555,52.871611,4.707,4.707,4.707,4.707,4.707,114,0.0,0.005643333625784662,j141936.13p525217.80,1,19528,214.900557,52.871612,ceers-v3_prism-clear_1345_82300.spec.fits,ceers-v3,82300,0,,3,4.7133,4.7133,Redshift matches ceers-v2_prism-clear_1345_82300 z=4.7132,KNa23  z=4.707,1,2.9,0.6,5.29,0.3,15.8,,41.72,42.12,,,,FITS   zfit   spl,,,0.0035999999913344186
CEERS_82507,214.853213,52.848365,4.986,,-19.34,0.66,0.81,,8.36,0.85,0.49,,,,,87,74,>,8.1,,,,,,,,,,,1,,,55237,214.853211,52.848366,27524.336,9715.082,421.0,0.03,2.0,8.777,0.10963,0.00507,7.66115,0.527343,34.599708,61.289196,0.0,-3.5E-4,0.0,0.03961,0.0,0.05293,0.0,0.04205,0.0,0.04511,0.05373,0.05514,0.14179,0.08802,0.13604,0.10413,-99.0,0.00785,-99.0,0.00796,-99.0,0.01791,-99.0,0.01596,-99.0,0.00499,0.00661,0.00524,0.00438,0.00388,0.0079,0.00562,0.33,314,55237,214.853211,52.848366,4.986,4.986,4.986,4.986,4.986,314,0.0,0.0056451271648197575,j141924.77p525054.11,1,19529,214.853213,52.848365,ceers-v3_prism-clear_1345_82507.spec.fits,ceers-v3,82507,0,,3,4.9865,4.9865,Redshifts match v2 grade=3,KNa23  z=4.986,1,2.23,0.6,5.29,-4.3,32.1,,42.14,42.63,,,,FITS   zfit   spl,,,0.0035999999913344186
CEERS_83398,214.900409,52.826856,4.554,,-19.79,0.05,0.01,,8.47,0.05,0.05,,,,,18,15,,,,,,,,,,,,,1,,,28819,214.900473,52.826833,27276.127,5431.073,507.0,0.03,0.0,10.368,0.1216,0.00526,8.891222,0.608103,82.746665,71.129776,0.0,0.05156,0.0,0.11104,0.0,0.1233,0.0,0.11768,0.0,0.10587,0.11121,0.11126,0.16421,0.1453,0.12163,0.1461,-99.0,0.01503,-99.0,0.01674,-99.0,0.02996,-99.0,0.02734,-99.0,0.00698,0.0123,0.0096,0.00793,0.00657,0.01846,0.00874,0.5,114,28819,214.900473,52.826833,4.554,4.554,4.554,4.554,4.554,114,0.0,0.16197616085960712,j141936.10p524936.68,1,19534,214.900409,52.826856,ceers-v3_prism-clear_1345_83398.spec.fits,ceers-v3,83398,0,,3,4.5484,4.5484,Redshift matches ceers-v2_prism-clear_1345_83398 z=4.5488,KNa23  z=4.554,1,2.8,0.6,5.29,0.6,10.5,,41.27,41.66,,,,FITS   zfit   spl,,,0.08280000000679157
CEERS_83439,214.93807,52.847115,4.824,,-16.98,0.05,0.1,,7.32,0.09,0.05,,-0.04,0.12,0.16,193,59,,3.1,1.0,,4.1,1.3,>,1.7,,7.22,0.21,0.23,1,R23,,25732,214.938063,52.847121,23656.281,4932.256,30.0,0.94,0.0,2.631,0.0061,0.00184,1.807768,0.280479,-63.212167,14.462146,0.0,-5.3E-4,0.0,0.01249,0.0,0.00246,0.0,0.01286,0.0,0.01019,0.01068,0.0098,0.01452,0.01144,8.3E-4,0.01318,-99.0,0.00438,-99.0,0.00469,-99.0,0.01048,-99.0,0.00831,-99.0,0.00174,0.00318,0.00258,0.00287,0.00189,0.00431,0.00316,0.28,114,25732,214.938063,52.847121,4.824,4.824,4.824,4.824,4.824,114,0.0,0.026423279466016986,j141945.14p525049.61,1,19536,214.93807,52.847115,ceers-v3_prism-clear_1345_83439.spec.fits,ceers-v3,83439,0,,3,4.8311,4.8311,Redshifts match v2 grade=3,KNa23  z=4.824,1,0.7,0.6,5.29,-1.5,16.5,,41.53,41.74,,,,FITS   zfit   spl,,,0.021599999993806497
CEERS_83502,214.905847,52.811906,4.249,,-17.28,0.14,0.12,,7.46,0.26,0.05,,0.03,0.1,0.13,171,44,,2.1,0.6,,,,,,,7.14,0.27,0.28,1,R3,,18076,214.905845,52.811902,28389.051,3973.875,52.0,0.93,0.0,2.73,0.00848,0.0018,2.049219,0.191932,10.331723,16.393749,0.0,0.01765,0.0,0.01891,0.0,0.03018,0.0,0.01739,0.0,0.01664,0.01745,0.01614,0.01982,0.01998,0.00584,0.00656,-99.0,0.00524,-99.0,0.00499,-99.0,0.01423,-99.0,0.01211,-99.0,0.00206,0.004,0.00328,0.00254,0.00191,0.00427,0.0026,0.28,14,18076,214.905845,52.811902,4.249,4.249,4.249,4.249,4.249,14,0.0,0.015043245159682654,j141937.40p524842.86,1,19537,214.905847,52.811906,ceers-v3_prism-clear_1345_83502.spec.fits,ceers-v3,83502,0,,3,4.2452,4.2452,Redshift matches ceers-v2_prism-clear_1345_83502 z=4.2450,KNa23  z=4.249,1,1.25,0.6,5.29,8.0,25.2,,41.68,41.71,,,,FITS   zfit   spl,,,0.014399999988237667
CEERS_83592,214.956693,52.83378,5.736,,-18.43,0.38,0.22,,7.7,0.36,0.08,,,,,218,86,>,3.1,,,,,,,,,,,1,,,9488,214.956676,52.83378,24001.1,2867.237,167.0,0.06,0.0,4.995,0.03532,0.00396,4.272425,0.390727,34.057176,34.179398,0.0,-0.00316,0.0,0.01227,0.0,0.02327,0.0,0.02508,0.0,0.021,0.02065,0.01498,0.02345,0.04149,0.0044,0.01434,-99.0,0.00911,-99.0,0.00652,-99.0,0.01414,-99.0,0.01294,-99.0,0.00238,0.00444,0.00331,0.00341,0.0025,0.00541,0.004,0.28,14,9488,214.956676,52.83378,5.736,5.736,5.736,5.736,5.736,14,0.0,0.03697271918690352,j141949.61p525001.61,1,19540,214.956693,52.83378,ceers-v3_prism-clear_1345_83592.spec.fits,ceers-v3,83592,0,,3,5.7356,5.7356,Redshifts match v2 grade=3,KNa23  z=5.736,1,0.5,0.6,5.29,-2.5,13.2,,41.73,42.05,,,,FITS   zfit   spl,,,0.0
CEERS_83772,214.785727,52.731553,5.288,,-20.16,0.04,0.04,,8.63,0.05,0.05,,0.9,0.1,0.13,88,23,,5.6,1.6,,7.1,2.0,>,2.6,,7.82,0.27,0.33,1,R23,,21036,214.78569,52.731551,41384.953,4386.545,251.0,0.52,0.0,7.781,0.10041,0.00517,5.123988,0.486149,54.387269,40.991905,0.0,0.01509,0.0,0.03131,0.0,0.06352,0.0,0.11197,0.0,0.08257,0.07405,0.0696,0.0997,0.11523,0.14183,0.09094,-99.0,0.01251,-99.0,0.02116,-99.0,0.02201,-99.0,0.02435,-99.0,0.00578,0.00695,0.00586,0.00532,0.00442,0.0088,0.00846,0.28,14,21036,214.78569,52.731551,5.288,5.288,5.288,5.288,5.288,14,0.0,0.08098000769649423,j141908.57p524353.59,1,19543,214.785727,52.731553,ceers-v3_prism-clear_1345_83772.spec.fits,ceers-v3,83772,0,,3,5.2907,5.2907,,KNa23  z=5.288,1,0.97,0.6,5.29,-2.3,13.9,,42.02,42.43,,,,FITS   zfit   spl,,,0.007199999982668837
CEERS_83779,214.821417,52.754838,4.307,,-18.77,0.06,0.23,,8.23,0.08,0.14,,,,,103,42,>,6.9,,,,,,,,,,,1,,,19844,214.821416,52.754839,37575.047,4213.488,218.0,0.06,0.0,5.521,0.06148,0.00348,4.977623,0.513745,9.081042,39.82098,0.0,0.01796,0.0,0.04171,0.08021,0.0519,0.0,0.01886,0.0,0.0485,0.03607,0.05862,0.12428,0.07351,0.04666,0.04393,-99.0,0.00906,-99.0,0.01027,0.04757,0.01765,-99.0,0.01772,-99.0,0.0039,0.00462,0.004,0.00366,0.00313,0.00617,0.0048,0.28,13,19844,214.821416,52.754839,4.307,4.307,4.307,4.307,4.307,13,0.0,0.004207997229602569,j141917.14p524517.42,1,19544,214.821417,52.754838,ceers-v3_prism-clear_1345_83779.spec.fits,ceers-v3,83779,0,,3,4.2989,4.2989,Redshifts match v2 grade=3,KNa23  z=4.307,1,2.0,0.6,5.29,2.3,20.5,,42.02,42.53,,,,FITS   zfit   spl,,,0.0035999999913344186
CEERS_83856,214.803022,52.726537,4.556,,-18.63,0.11,0.04,,7.99,0.05,0.05,,0.68,0.06,0.08,221,36,,2.7,0.5,,,,,,,7.18,0.25,0.25,1,R3,,10782,214.803023,52.726542,41029.293,3036.946,125.0,0.97,0.0,3.808,0.03052,0.00243,3.286629,0.284492,50.872165,26.29303,0.0,3.8E-4,0.0,0.02928,0.0,0.00377,0.0,0.0143,0.0,0.02555,0.02097,0.02245,0.03603,0.03193,0.01627,0.01415,-99.0,0.00512,-99.0,0.00785,-99.0,0.01061,-99.0,0.01086,-99.0,0.00227,0.00267,0.00233,0.00213,0.0017,0.00319,0.00258,0.28,14,10782,214.803023,52.726542,4.556,4.556,4.556,4.556,4.556,14,0.0,0.018131558406606723,j141912.73p524335.53,1,19545,214.803022,52.726537,ceers-v3_prism-clear_1345_83856.spec.fits,ceers-v3,83856,0,,3,4.5556,4.5556,Redshift matches ceers-v2_prism-clear_1345_83856 z=4.5549,KNa23  z=4.556,1,1.78,0.6,5.29,-1.5,30.2,,42.04,42.16,,,,FITS   zfit   spl,,,0.018000000025372075
CEERS_83860,214.828378,52.742947,4.493,,-17.49,0.73,0.04,,8.3,0.34,0.09,,,,,35,48,,,,,,,,,,,,,1,,,9799,214.828371,52.742944,38336.883,2904.978,105.0,0.55,2.0,3.656,0.02514,0.00224,3.195822,0.347215,-87.225775,25.566572,0.0,0.0051,0.0,0.00801,0.0,0.00736,0.0,0.01166,0.0,0.01508,0.01735,0.01802,0.03035,0.02624,0.02143,0.02376,-99.0,0.00531,-99.0,0.00541,-99.0,0.01101,-99.0,0.01037,-99.0,0.00224,0.00281,0.0023,0.00211,0.00182,0.00338,0.00275,0.28,314,9799,214.828371,52.742944,4.493,4.493,4.493,4.493,4.493,314,0.0,0.018691757994423956,j141918.81p524434.61,1,19546,214.828378,52.742947,ceers-v3_prism-clear_1345_83860.spec.fits,ceers-v3,83860,0,,3,4.4954,4.4954,Redshifts match v2 grade=3,KNa23  z=4.493,1,1.1,0.6,5.29,-1.7,7.1,,41.23,41.59,,,,FITS   zfit   spl,,,0.010799999996903249
